,CN_1,CN_2,Ca4227,Fe4383,Ca4455,Fe4531,Fe5015,Mg_b,Fe5270,Fe5335,Fe5406,Fe5709,Fe5782,MgFe,Mgb/Fe
Mbi2.80Zm1.79T00.0300_iTp0.00_ACFep00_aFem02,-0.11490246049442049,-0.07200884623329122,0.2261267708062107,-0.04190728077211914,0.36028770193151677,0.42142475203057367,0.9096451395606032,0.36121762036126004,0.44632751393038045,0.4745285585771809,0.2448372436505618,0.07158692292546882,0.14112536504604056,0.40506004798130174,0.7845256846222165
Mbi2.80Zm1.79T00.0400_iTp0.00_ACFep00_aFem02,-0.12137623003407566,-0.0781291521143154,0.14705893540404033,-0.17070968789043564,0.3186610606758662,0.3345586814948086,0.8277159365446115,0.27006547574044754,0.36809736995747727,0.40244172207184153,0.20450922781403766,0.0580342630543231,0.12526863197794613,0.3193860579273105,0.7009779997772563
Mbi2.80Zm1.79T00.0500_iTp0.00_ACFep00_aFem02,-0.12854832411330366,-0.08454330997473361,0.09689305859030121,-0.2856284449883425,0.2873969712619423,0.2844455522877729,0.7667619302606895,0.22585684373170267,0.32011529059252,0.36151358973156494,0.1815998335940422,0.05022311579575529,0.11754731352196444,0.2737119912128749,0.6626974010382822
Mbi2.80Zm1.79T00.0600_iTp0.00_ACFep00_aFem02,-0.12983893736379631,-0.08535980316069072,0.08339356138883038,-0.29740035182194513,0.2796223482482073,0.2691113187257613,0.733492387621571,0.1973232951851833,0.30166496107161644,0.3459740750653251,0.1782090225236101,0.047611813457442524,0.11398496937379156,0.24894502579275263,0.609361956815277
Mbi2.80Zm1.79T00.0700_iTp0.00_ACFep00_aFem02,-0.13322056503820037,-0.08813051826483018,0.06725957477363995,-0.32849182014866063,0.2693767458825249,0.2656019907670575,0.7275992310670926,0.19119428773887823,0.2934821833829092,0.3378177739008581,0.17642494600929842,0.04937175525559128,0.11329089785460635,0.24183795458551058,0.6057161434368259
Mbi2.80Zm1.79T00.0800_iTp0.00_ACFep00_aFem02,-0.1358390820683818,-0.09028649242780556,0.0568329565770162,-0.35796522853865803,0.26061211789404787,0.26557999883165784,0.7305262023352664,0.19891500444704044,0.2984005034693552,0.3423352050768886,0.1847617061828866,0.05508527644952887,0.11492389425212213,0.24860276236797055,0.6208956416627877
Mbi2.80Zm1.79T00.0900_iTp0.00_ACFep00_aFem02,-0.1376030130104563,-0.09174324781721482,0.05501013536629483,-0.382455285108149,0.24448274139139398,0.28105884257152275,0.7271599554045828,0.1916398155579233,0.31742334433292485,0.35563234487304063,0.19644827229816103,0.06392766776770992,0.12186279605132085,0.25076126812222377,0.5694619884545054
Mbi2.80Zm1.79T00.1000_iTp0.00_ACFep00_aFem02,-0.13774636963336234,-0.0923207779257395,0.05144460329874764,-0.3954507846968498,0.21772411308025844,0.29369144169755024,0.7183308769952464,0.18024155531276767,0.3244988107200478,0.35315696472294145,0.1969523843218487,0.06365261916177865,0.11754196885499933,0.24481519481292344,0.5319560810794898
Mbi2.80Zm1.79T00.1500_iTp0.00_ACFep00_aFem02,-0.14536636772021075,-0.09927442895737555,0.05415875932541948,-0.4897537367329212,0.16721203482193758,0.3275577375162674,0.696905072417784,0.22947474151792974,0.3571466953120897,0.38405045960932976,0.21984278509643657,0.0804751145508446,0.12693737846844122,0.2892832370030378,0.6192002761863226
Mbi2.80Zm1.79T00.2000_iTp0.00_ACFep00_aFem02,-0.15206922583532606,-0.105363824326422,0.0589515013330614,-0.5995181884248428,0.12417902453398702,0.331417949914406,0.6569006677712201,0.26754071629347165,0.35753730640738224,0.39089227329450427,0.21970787403906014,0.08680133635260796,0.13074569200941275,0.3132961128758043,0.7149389162305373
Mbi2.80Zm1.79T00.2500_iTp0.00_ACFep00_aFem02,-0.1571428784358691,-0.11008484027826891,0.060830092236367796,-0.6485113919383202,0.1086224307523109,0.3523373467768248,0.6908810707621527,0.3023534526723806,0.37310540648490176,0.4050684238022131,0.23827940362891836,0.09370952186649142,0.14249294769010068,0.3398759536679266,0.7770846073320773
Mbi2.80Zm1.79T00.3000_iTp0.00_ACFep00_aFem02,-0.16216140879064472,-0.1140460759149676,0.06419474555828723,-0.6695116430124072,0.09919408463148877,0.3716753421679592,0.6882508008069445,0.3211699851517697,0.3830143719776723,0.4185362001138861,0.24563842577069783,0.08902881799489198,0.1420465102237726,0.3552564042564236,0.8013717320760232
Mbi2.80Zm1.79T00.3500_iTp0.00_ACFep00_aFem02,-0.1672159140812476,-0.11908393091773502,0.0639555740993616,-0.7346315249779202,0.09575375861588126,0.3993932992123997,0.6980461671738706,0.34160627562825246,0.39804284280929064,0.430718027173512,0.25662523468967496,0.09107263069447555,0.14598779800017872,0.372960194287111,0.8243783894752199
Mbi2.80Zm1.79T00.4000_iTp0.00_ACFep00_aFem02,-0.17270084037671965,-0.12421743575213448,0.0659380203972957,-0.7833038006784117,0.09635073915332415,0.3918503984676822,0.6752857899367597,0.35304519984203103,0.39979568590330194,0.4304751077484487,0.24733426046536766,0.08975927929171479,0.14096693192144988,0.3797086911808752,0.8504338645690398
Mbi2.80Zm1.79T00.4500_iTp0.00_ACFep00_aFem02,-0.1739523441718774,-0.12566770773653718,0.07196607168625786,-0.814286564700171,0.09194623958854159,0.38618797013346523,0.6547464623172818,0.3756106675101114,0.4037067033684274,0.43644956828575454,0.23382209848605617,0.09103877116934882,0.1282683118705712,0.3938021632087652,0.8941447684978232
Mbi2.80Zm1.79T00.5000_iTp0.00_ACFep00_aFem02,-0.1767547780239924,-0.1285379643988159,0.07170693218578428,-0.867585973052335,0.08811407665047544,0.3883255457934956,0.6599256214761142,0.3679526417053863,0.40582767233634387,0.43770236699883047,0.23579777460118317,0.08783003975922084,0.12670794190389884,0.3906524158156426,0.8724114721400723
Mbi2.80Zm1.79T00.6000_iTp0.00_ACFep00_aFem02,-0.18114741607606205,-0.13290176242977447,0.07447718923861467,-0.9101629819455634,0.07750397095117614,0.40128349784105843,0.6551659741265914,0.4073276606357196,0.40581557608257385,0.4397021352587478,0.23915492616036374,0.08364384411732685,0.12265779303941612,0.41129640219748415,0.9634988248549843
Mbi2.80Zm1.79T00.7000_iTp0.00_ACFep00_aFem02,-0.1826120462247306,-0.1347955070762882,0.07907450631199488,-0.9169580153396624,0.07245582956359684,0.412399123638042,0.6678767432720628,0.4350705626021278,0.40989656705000266,0.43992628369172715,0.2399807659573934,0.07796372940188209,0.11726536306734085,0.4266053713153091,1.0239088351705203
Mbi2.80Zm1.79T00.8000_iTp0.00_ACFep00_aFem02,-0.17928606790366589,-0.13264806158504233,0.07886149837997253,-0.8763387498307705,0.07929193145690672,0.4266425873258214,0.7082574920482534,0.4382867625320241,0.42393682528926163,0.45357558161585776,0.24351462326258452,0.07130085965653765,0.11125101045129565,0.43525070424960305,0.998930064311703
Mbi2.80Zm1.79T00.9000_iTp0.00_ACFep00_aFem02,-0.17000678665568902,-0.12598269812895346,0.08069061779221212,-0.7145424676120755,0.09920526567003765,0.5023558051587254,0.8177249821687007,0.48271993744854036,0.47057390868500143,0.4882838177163373,0.26354026336429953,0.0856166382827481,0.11839166114113926,0.4791128333656804,1.0068645726206382
Mbi2.80Zm1.79T01.0000_iTp0.00_ACFep00_aFem02,-0.16292281092732772,-0.12142176257979431,0.08011053103576335,-0.5601601376344356,0.11320565172821274,0.5733009687596085,0.881546522475975,0.48075107169590137,0.5102575193762167,0.522378161634657,0.2845498723382619,0.10365609806414135,0.1226442283579518,0.4969289814173821,0.9311145848171385
Mbi2.80Zm1.79T01.2500_iTp0.00_ACFep00_aFem02,-0.15283429053951023,-0.11432067047543586,0.0761818346013133,-0.41235070734006163,0.10890000685413886,0.6038685809543755,0.8629102789367508,0.44996978949020017,0.5271714670071649,0.5483432273526615,0.2960424317536274,0.11593304531720668,0.1185651208309246,0.48977412829515404,0.8367524718163588
Mbi2.80Zm1.79T01.5000_iTp0.00_ACFep00_aFem02,-0.14960127091059167,-0.11219211764878292,0.0780408560118837,-0.35106334510375575,0.11089534278217826,0.6362132099551133,0.876390284532441,0.449776052848289,0.5512376152633484,0.5758139443765135,0.31215490727476897,0.1276413776111986,0.1210925630095797,0.5010274994241515,0.7981463651796205
Mbi2.80Zm1.79T01.7500_iTp0.00_ACFep00_aFem02,-0.14707017284347268,-0.11033046883289885,0.0764497007610023,-0.31998971594065617,0.1096685106061683,0.6377610786907932,0.8597045707973141,0.44159646911276373,0.5544766273762661,0.5832183136679809,0.3117256504375965,0.12760882136389085,0.11619130302891871,0.4984062042812948,0.7763003124676621
Mbi2.80Zm1.79T02.0000_iTp0.00_ACFep00_aFem02,-0.1430452967784212,-0.10736951107666964,0.07905664544068426,-0.26131335658652893,0.1148626982950635,0.6556274508064756,0.8764300650921558,0.44700242326777473,0.5656600754495896,0.594783903718813,0.3156202042598386,0.12956038366302922,0.11677288779323867,0.5064549166302253,0.7703989702081191
Mbi2.80Zm1.79T02.2500_iTp0.00_ACFep00_aFem02,-0.13523149411448182,-0.1011748749964423,0.07891167943192273,-0.1627873955113092,0.1293054192061016,0.6718557396310306,0.8991206105591445,0.4534271508267389,0.5772743823484224,0.6079186632510718,0.3197551779929831,0.1294987974266146,0.11706666667864267,0.5154051456355292,0.7651532423519856
Mbi2.80Zm1.79T02.5000_iTp0.00_ACFep00_aFem02,-0.128156600662503,-0.09522830344737457,0.08151620992357732,-0.07920731746072245,0.13795682567364453,0.6911353621667448,0.9138252418210336,0.4594993279586894,0.5926727439702943,0.6217026806462438,0.32431610989187654,0.13063406732131239,0.11794378127134444,0.5254214629646391,0.7567665132943299
Mbi2.80Zm1.79T02.7500_iTp0.00_ACFep00_aFem02,-0.11875487639919988,-0.08750353198722279,0.08067557163320292,0.03541857588586428,0.1481249295380318,0.7038805600249326,0.9239334608188253,0.45365914908673427,0.5996505688884372,0.6355495379276598,0.32742342825820103,0.13219081574075195,0.11824974453369697,0.5259249163526896,0.73455166751257
Mbi2.80Zm1.79T03.0000_iTp0.00_ACFep00_aFem02,-0.1168230201174737,-0.08585704952908806,0.07929246210871875,0.06219711983099356,0.1461783398570716,0.7085620974379089,0.9207016579387268,0.45002471303413233,0.6021865359197809,0.6371376946728432,0.3300187527171045,0.1333101063932641,0.11436310479689116,0.5247884439209515,0.7262420953698906
Mbi2.80Zm1.79T03.2500_iTp0.00_ACFep00_aFem02,-0.11717380638797009,-0.08621188321002031,0.0773628439143018,0.061125054984050325,0.1444987586429652,0.7053189448977585,0.913555677072727,0.4422227253235638,0.6018626363841714,0.6408506688348465,0.33428263081208454,0.1348025057377429,0.11548845225856244,0.5205621246715217,0.7117051430388054
Mbi2.80Zm1.79T03.5000_iTp0.00_ACFep00_aFem02,-0.11450669675875821,-0.08391013309097188,0.07928193650783691,0.12155073790096489,0.14280427689743347,0.7244854383473445,0.9222265756242451,0.4480982704146187,0.6150193789732101,0.6516927504467496,0.3409907276913189,0.13820652714083517,0.11799904707529177,0.52933017748952,0.7074981915896036
Mbi2.80Zm1.79T03.7500_iTp0.00_ACFep00_aFem02,-0.11271000858048609,-0.08230447781414281,0.07830854392771988,0.15866349049775313,0.1422266452767691,0.7294760773174809,0.9157462648591402,0.4495731942514067,0.6231791364630759,0.6578740237761046,0.3465080556940356,0.14084107100302404,0.11985359333355122,0.5334154520993195,0.7018806216714201
Mbi2.80Zm1.79T04.0000_iTp0.00_ACFep00_aFem02,-0.11200344476056076,-0.08201089101709441,0.07868366127030402,0.17644397099054002,0.14261375673298837,0.7344945874097167,0.9139503246831844,0.4483441921639969,0.6286835819983857,0.6648026159123641,0.35042020636955884,0.14238154210879703,0.12005509575053425,0.5351643534847664,0.693233824818798
Mbi2.80Zm1.79T04.5000_iTp0.00_ACFep00_aFem02,-0.11067102077429666,-0.08103722140041017,0.07964053262205298,0.24862956205816206,0.13863559755912286,0.7493357098491609,0.9127570857246174,0.466446615626244,0.639249217169999,0.6714615376823999,0.3560062685057099,0.14934217693171903,0.11843433569279757,0.5498933766634451,0.7117460719680616
Mbi2.80Zm1.79T05.0000_iTp0.00_ACFep00_aFem02,-0.1100747794092393,-0.08037020954383792,0.08585810367346586,0.31779890379855463,0.13434635983242998,0.7941686561945033,0.9469134948209723,0.47919394104983815,0.666201916908387,0.6929679787949361,0.36621520393479745,0.15672941507837396,0.12295496273272011,0.5681824001226988,0.7051273612882251
Mbi2.80Zm1.79T05.5000_iTp0.00_ACFep00_aFem02,-0.10686934334155768,-0.07786350464653065,0.08340728092180162,0.3832842356440648,0.13524014884223268,0.8024895338999743,0.938390399352857,0.47824945022454735,0.6764601768017475,0.7031295889045476,0.37344299968913425,0.15939476408806086,0.12449050089889528,0.5719160817143623,0.6933212497117978
Mbi2.80Zm1.79T06.0000_iTp0.00_ACFep00_aFem02,-0.10701405395808336,-0.07794681038244858,0.08758732282135542,0.41939197941672884,0.13167064780947804,0.8195447005735114,0.9431552882892063,0.4868121099585621,0.690722993736481,0.7159761214817064,0.381092263302112,0.16002262047298343,0.12709801435127466,0.5828331716108381,0.6921339534404336
Mbi2.80Zm1.79T06.5000_iTp0.00_ACFep00_aFem02,-0.10854145325157627,-0.07922923860298499,0.09113103564036001,0.4452370666486497,0.12726717528601486,0.8313344495513305,0.9476298375594844,0.5008697119133836,0.7005734758826969,0.7231936011803592,0.3876189330888693,0.1616510086943116,0.12909041172741892,0.5950364367155039,0.7035837813395385
Mbi2.80Zm1.79T07.0000_iTp0.00_ACFep00_aFem02,-0.10876888861572584,-0.07952269591003146,0.09303424528044178,0.46600523638170466,0.1259430134203695,0.8437814391351963,0.9562333662155205,0.5082821285390234,0.7109132703449609,0.7325577539323324,0.39335388653407277,0.16306657377260433,0.13090562647945245,0.6036761809368262,0.7042498532916607
Mbi2.80Zm1.79T07.5000_iTp0.00_ACFep00_aFem02,-0.10766191365960597,-0.07880059487626308,0.09335225331286201,0.49170134376164887,0.1285536131394373,0.8450900485054293,0.9546082256696495,0.5140086849469536,0.7169918371569033,0.7381952915522362,0.3979955958053044,0.16412641941091477,0.13109493168753997,0.6095832051931401,0.7064502905587381
Mbi2.80Zm1.79T08.0000_iTp0.00_ACFep00_aFem02,-0.10615783422788466,-0.07760038886058392,0.09490819973308118,0.5197749721714333,0.13101571959562638,0.8515485847840103,0.9574565910092491,0.5218863702029617,0.7246731430687791,0.7447352979748529,0.40317832056091624,0.16485850617916406,0.1313593794349862,0.6173562038858954,0.710335337167789
Mbi2.80Zm1.79T08.5000_iTp0.00_ACFep00_aFem02,-0.10535583368704352,-0.0768795505298951,0.09464200681670432,0.5482083222872358,0.1312359403148735,0.8645354650771007,0.964449727426052,0.5213249464175875,0.732835706326739,0.7515627402162756,0.40768859653842665,0.1670505941124432,0.13332558588232138,0.6203056818348583,0.7024056750149403
Mbi2.80Zm1.79T09.0000_iTp0.00_ACFep00_aFem02,-0.10613400431973849,-0.07709651264279471,0.09397632651951404,0.5387755567299715,0.12872924057264107,0.868178053085084,0.965376995668731,0.5162351722872407,0.7364569598381394,0.7538826236519239,0.4095277204642567,0.16920716104313024,0.13437286929973702,0.6186305786988672,0.6927752278823943
Mbi2.80Zm1.79T09.5000_iTp0.00_ACFep00_aFem02,-0.10647139299755493,-0.07717380215232329,0.09348570293089757,0.5331833921742039,0.12776405326200058,0.8641175438337555,0.9541705659463701,0.5133938992239314,0.7375291271038076,0.7563569123125524,0.411298335954848,0.16925860240121446,0.1362925165411048,0.6175349819827419,0.6873267246335699
Mbi2.80Zm1.79T10.0000_iTp0.00_ACFep00_aFem02,-0.10716192026164312,-0.07739697585676697,0.09194219784719933,0.5237085910952901,0.127892774751306,0.8585763815545479,0.9484264546750152,0.5163840521479192,0.7409382249420561,0.7576573804536932,0.4153307944587051,0.17009061418751803,0.13784462871708683,0.6205046852868322,0.6891573020615557
Mbi2.80Zm1.79T10.5000_iTp0.00_ACFep00_aFem02,-0.10976606754481173,-0.07950600789875224,0.0947170679935428,0.4745483799073353,0.12614794723977651,0.8452250769133336,0.9335884477671531,0.5050674275369086,0.7388685437900395,0.7565514375422667,0.4135361863082134,0.16764363049231923,0.13843530899474144,0.6129266919660571,0.6754857282125275
Mbi2.80Zm1.79T11.0000_iTp0.00_ACFep00_aFem02,-0.10913197379581424,-0.0783551140023518,0.09529102946900721,0.5037872591530732,0.12359067012884242,0.8510906308352881,0.9399162257784124,0.5033999841661078,0.7462874278462259,0.7621154786471843,0.41873583651649066,0.17005182226537088,0.1426012623882577,0.614745536549456,0.6674609045090791
Mbi2.80Zm1.79T11.5000_iTp0.00_ACFep00_aFem02,-0.10715717480572864,-0.07717660822459384,0.09159120267832714,0.5431367194551946,0.12816775705376446,0.8887181055315932,0.9797349742400304,0.5047990309773972,0.762859869552147,0.7759671656236156,0.4302250412196752,0.17034566131474504,0.14609317641746505,0.6220478735764946,0.6560828727833466
Mbi2.80Zm1.79T12.0000_iTp0.00_ACFep00_aFem02,-0.10352850614570652,-0.07392733114555866,0.09415029731788281,0.6003531392387701,0.13150936595138163,0.8900531173515233,0.9730249567443923,0.49848250216907697,0.7665334212365337,0.7795759802421114,0.4306060186236412,0.16903186933422995,0.14192868422541982,0.6196159409663304,0.6448217722398503
Mbi2.80Zm1.79T12.5000_iTp0.00_ACFep00_aFem02,-0.09822152982529925,-0.06928774134913136,0.0906230714357143,0.6390844275464984,0.138898444349579,0.9095860324637463,0.9949086146788622,0.48669486201909135,0.7751734205887139,0.7840795956058215,0.4394834180137339,0.16918052765306352,0.1420337272922346,0.6152126510956927,0.6242666930437033
Mbi2.80Zm1.79T13.0000_iTp0.00_ACFep00_aFem02,-0.09632764626775811,-0.0679126719504371,0.09095383393031381,0.6848528963280905,0.13848365235450938,0.9054931968136232,0.9842798942949171,0.4863737520563655,0.779867304825071,0.7907041325823393,0.4404167876707344,0.17028588027531022,0.14157089129664477,0.6170760056551613,0.6193589676624163
Mbi2.80Zm1.79T13.5000_iTp0.00_ACFep00_aFem02,-0.09307308876710593,-0.06527670924218783,0.0910056179409751,0.7435974018269265,0.1420389857730931,0.9179820892380689,0.9938620975410648,0.4913710081309305,0.7873065671402316,0.7992323882586536,0.4445983774366849,0.17262499334998668,0.1430377968480713,0.6232980205107402,0.6194250780402561
Mbi2.80Zm1.79T14.0000_iTp0.00_ACFep00_aFem02,-0.0888751362881074,-0.06189613934442729,0.09057854035877093,0.8032252543457299,0.14818881502405612,0.9317815559068401,1.0065764450817427,0.48919275705273507,0.7954584882003229,0.8081347673280522,0.45143186875953745,0.1734514576873376,0.14466124154187762,0.6251950505767799,0.6101207464751387
Mbi2.80Zm1.49T00.0300_iTp0.00_ACFep00_aFem02,-0.12345737170312618,-0.07993411762574074,0.17177107575466966,-0.18580001272230567,0.32393132257955076,0.3721387212633669,0.8931238531960639,0.29436492030633016,0.40242602208341977,0.43058000928677864,0.22345107847198378,0.08030033349233266,0.13264044453305823,0.34753505845542765,0.7067533948635017
Mbi2.80Zm1.49T00.0400_iTp0.00_ACFep00_aFem02,-0.12842754755704017,-0.08407870711443513,0.13020794757741427,-0.2581328794857333,0.29313690486726685,0.3288520541248155,0.8298324599660999,0.24763110461767474,0.3610195328065691,0.395438430093305,0.20360209260522105,0.07541203429277653,0.1215347698310412,0.30296230586130984,0.6547121367283474
Mbi2.80Zm1.49T00.0500_iTp0.00_ACFep00_aFem02,-0.1353179978162357,-0.09040885446253785,0.060838052950420614,-0.41019423627863405,0.25679013623503666,0.251640226223001,0.7540383641305822,0.17852840518958682,0.28364247873973875,0.3305885844660918,0.16908489202303656,0.06125564888290427,0.11005268223387449,0.23018466308874566,0.5813069897761307
Mbi2.80Zm1.49T00.0600_iTp0.00_ACFep00_aFem02,-0.1387054704135482,-0.0932124435611044,0.0599329885051409,-0.413316580419904,0.25134416831302764,0.2645399888487293,0.7484423296712708,0.17788203263520933,0.28580021167351694,0.33335020738164933,0.17505885881539548,0.058680146212995284,0.10577919634384501,0.23066652065004692,0.5746003787146272
Mbi2.80Zm1.49T00.0700_iTp0.00_ACFep00_aFem02,-0.14223049174660674,-0.09611701516125734,0.05219273371393837,-0.4526186998112477,0.23629871553170145,0.27669650842825383,0.7492664342578567,0.18769114078679644,0.29429372727683745,0.3380739391404497,0.18240747409835587,0.0660319612059806,0.11115609739344123,0.2398689842672189,0.5936139709677778
Mbi2.80Zm1.49T00.0800_iTp0.00_ACFep00_aFem02,-0.143534752972671,-0.09728481707602749,0.05141544644988046,-0.4793993643285864,0.22434910724103685,0.2885138811029021,0.7495398369902452,0.19502394239144347,0.302669994824579,0.3466902520919607,0.19109402476278514,0.06930074808334581,0.1112333871609787,0.24785418452620664,0.6006648645878974
Mbi2.80Zm1.49T00.0900_iTp0.00_ACFep00_aFem02,-0.14545466165587945,-0.09909505150108237,0.0484743143781132,-0.521610370179647,0.2071814278369434,0.3174624382058399,0.7662171477797933,0.16073964546687539,0.3334440719014609,0.35808731800086097,0.2036787307784312,0.0749852869328085,0.1074987842498275,0.23389485449663033,0.4648802579723234
Mbi2.80Zm1.49T00.1000_iTp0.00_ACFep00_aFem02,-0.14729272351336592,-0.1005561812875867,0.04642697384044627,-0.5387570753275934,0.19515236762483934,0.333041789889051,0.7781436146774965,0.15739044584137482,0.3497906446374212,0.3670961187240652,0.21339869474587955,0.07859036891316379,0.10896075435021896,0.23625483290206728,0.43909430020264306
Mbi2.80Zm1.49T00.1500_iTp0.00_ACFep00_aFem02,-0.15387127763259073,-0.10677439402857511,0.045799521582114575,-0.656796917874892,0.138260055406345,0.3636764204561975,0.749972786685479,0.15857516622288348,0.3826354377821839,0.3900353475717295,0.2271476245453182,0.08712300792555072,0.10745900488197288,0.24699198749767337,0.4104598471398135
Mbi2.80Zm1.49T00.2000_iTp0.00_ACFep00_aFem02,-0.15778207571469055,-0.11048430897335942,0.0485546125349322,-0.6633015490629295,0.12075409840565662,0.38108975441266996,0.7503473225626438,0.1902558519513506,0.39377661369664174,0.4002333563126143,0.2313571397696088,0.08881563017298649,0.10865319750807749,0.2743396915799782,0.4792278664942526
Mbi2.80Zm1.49T00.2500_iTp0.00_ACFep00_aFem02,-0.16442840413031024,-0.116925296015059,0.05435753856736226,-0.7198565075911333,0.12439747223443576,0.40086744777534017,0.7695730570565981,0.2167854146177852,0.420373337910667,0.42633416624869724,0.23520968918067997,0.09164446318081353,0.11042325441190541,0.30247748698570837,0.5120668319410161
Mbi2.80Zm1.49T00.3000_iTp0.00_ACFep00_aFem02,-0.16347933450107954,-0.11626720192949185,0.05519183092006688,-0.6852429837801021,0.12269032988661575,0.4209761829660662,0.7602734978584739,0.2360891950261971,0.4264579455688042,0.4343712253988251,0.23574922508765395,0.09421398120190681,0.10555372574767077,0.3181276791542808,0.548515786844949
Mbi2.80Zm1.49T00.3500_iTp0.00_ACFep00_aFem02,-0.16745884807345923,-0.12020039243991179,0.05832782685813217,-0.7352941349990487,0.11081288392528642,0.43338492563606207,0.7534113693521857,0.25391899599565043,0.427405818771369,0.43658688451736183,0.23394342383307376,0.09232953261442868,0.10468240123452142,0.33042276789609226,0.5877804176565951
Mbi2.80Zm1.49T00.4000_iTp0.00_ACFep00_aFem02,-0.17019531130153576,-0.1229745316772704,0.060545900019677024,-0.7641128161188192,0.10351907426541937,0.45194450621435694,0.762233371217999,0.2726614606505819,0.43299303575649994,0.44471548291997115,0.23883736611746567,0.09421110114576059,0.10632862339550761,0.34489921174072646,0.621302983504679
Mbi2.80Zm1.49T00.4500_iTp0.00_ACFep00_aFem02,-0.17041843718665883,-0.1232995463673319,0.06432568491425632,-0.7391418411656998,0.09872417966143078,0.4705502505686674,0.7827010041281085,0.2958357769208188,0.44435339109168154,0.45000506169360444,0.24546985661373244,0.09777087869517462,0.11052922138089728,0.36321313476079825,0.6615597493365267
Mbi2.80Zm1.49T00.5000_iTp0.00_ACFep00_aFem02,-0.17063792005259937,-0.12366063749117592,0.06598044683259652,-0.7183881246937911,0.09257826656237245,0.4779078322186676,0.7914563501077069,0.32379674688293186,0.44324000269093417,0.4511777951898667,0.24745705665106366,0.09750463417744755,0.11211237802990896,0.3797885408335941,0.7240391406569132
Mbi2.80Zm1.49T00.6000_iTp0.00_ACFep00_aFem02,-0.1702974970205637,-0.12362403166111903,0.07147440237413027,-0.6946874707530762,0.0862300959190836,0.4995550226252336,0.8181285679338313,0.3689095553155244,0.4544669599796859,0.462445723105985,0.2548658236288403,0.09588192813925075,0.11572301482981337,0.410464819271559,0.8046776146100177
Mbi2.80Zm1.49T00.7000_iTp0.00_ACFep00_aFem02,-0.16898149661661016,-0.12309932303075027,0.07805517631895989,-0.6721714228789757,0.08547646721977288,0.5208416657734392,0.8418378958349881,0.40671584836120134,0.46604693871189895,0.47237902988723146,0.25542571501100664,0.09243798272243137,0.11493578913896073,0.4361992404486143,0.8668043340026944
Mbi2.80Zm1.49T00.8000_iTp0.00_ACFep00_aFem02,-0.1611153421424572,-0.11724509251195829,0.0811062622067454,-0.5725196074355453,0.09838954743120368,0.5441369602248385,0.8896058144700504,0.4363669151851048,0.4769400107598204,0.48837234254608186,0.25590871678839133,0.08706562625812972,0.11103927368717488,0.4577310070368815,0.9040947496231253
Mbi2.80Zm1.49T00.9000_iTp0.00_ACFep00_aFem02,-0.16438531241279777,-0.12135217582257518,0.08677751147192889,-0.5755169339666137,0.1034999219143511,0.5908056542610932,0.9425424274558765,0.4577913009102358,0.5049466019757538,0.5050529639590426,0.26707576311433073,0.10230629498811455,0.1134215392039281,0.4808053612992253,0.906517817136943
Mbi2.80Zm1.49T01.0000_iTp0.00_ACFep00_aFem02,-0.16076073315075917,-0.11931282330123938,0.08644809974339171,-0.47537408261973946,0.11792780453259812,0.6745558553209372,1.0659844141232506,0.48336549151773134,0.5653723208464501,0.5512863853074425,0.3016037891151434,0.12918303331308822,0.12479026338422597,0.5209367008696747,0.8657354102088849
Mbi2.80Zm1.49T01.2500_iTp0.00_ACFep00_aFem02,-0.16134291761092828,-0.12094937049319236,0.08140511665223925,-0.40840211925094716,0.11221399699752525,0.7530862194953004,1.089236825714964,0.45927648390339754,0.6175832203055984,0.6016681236597154,0.3295463594039067,0.16207187037898166,0.12544528576516567,0.5306550759615057,0.7533745788784029
Mbi2.80Zm1.49T01.5000_iTp0.00_ACFep00_aFem02,-0.15491515217799817,-0.11611175824576615,0.07394227306412436,-0.31266471658164063,0.13506459015878425,0.8008696099429004,1.1406491518519275,0.44266910384354274,0.662552096090091,0.6422015658787045,0.35323042515584624,0.1790958338353255,0.13081582786355525,0.5392299586946788,0.6785481685111064
Mbi2.80Zm1.49T01.7500_iTp0.00_ACFep00_aFem02,-0.15188184501702473,-0.11384831060927739,0.07402839437341062,-0.2783267916903557,0.1388414167375937,0.7998834486527514,1.1227366000204217,0.440291375587329,0.6637386494077849,0.6465471517819917,0.3548217853380884,0.1770957064464952,0.12977890321957267,0.5386269654404343,0.6720539521797946
Mbi2.80Zm1.49T02.0000_iTp0.00_ACFep00_aFem02,-0.14760472668145302,-0.11047130248009991,0.07187901807996736,-0.22449129399524148,0.14958458359637822,0.8088893444525332,1.1369353883072741,0.4435707270192237,0.6740446374525842,0.6583601133193281,0.3598301354410141,0.179452936789772,0.12949403980457597,0.5450123439536805,0.6658197920147709
Mbi2.80Zm1.49T02.2500_iTp0.00_ACFep00_aFem02,-0.14173499506016238,-0.10550155463342609,0.07047860913350595,-0.14184640533574366,0.158060346252459,0.8291932749988212,1.1602897280055862,0.44456889035681446,0.6881414225706193,0.6733199438100823,0.36885861962875643,0.1834499344748868,0.13223422333820128,0.5514356730374764,0.653076027472822
Mbi2.80Zm1.49T02.5000_iTp0.00_ACFep00_aFem02,-0.14165640421999937,-0.10514258845393193,0.07330767109781701,-0.12048296895585416,0.14977796591039272,0.8213505908343269,1.1326267752067747,0.4506279673954965,0.68610482222905,0.6764841628504922,0.36706821580108945,0.18104375532956077,0.13218226030478594,0.5549451565431591,0.66142904768776
Mbi2.80Zm1.49T02.7500_iTp0.00_ACFep00_aFem02,-0.14029102507299418,-0.1042374997207711,0.07477152587326247,-0.07707093384339883,0.15026149304523986,0.838377676817956,1.1494841085284488,0.4549205933582147,0.6992673104118384,0.6890223719332687,0.3739813469723467,0.1848568112423507,0.13340640646571195,0.5628553298947354,0.6553683991798602
Mbi2.80Zm1.49T03.0000_iTp0.00_ACFep00_aFem02,-0.13749765018422708,-0.10240989991340028,0.07559153414446312,-0.028015160978298374,0.155764068193389,0.8586321923798667,1.1673077446626465,0.4598128041291039,0.7157279040600794,0.7037746377076269,0.3833567003227136,0.18976704820431292,0.1352171248917027,0.5723302371723032,0.6478506245666867
Mbi2.80Zm1.49T03.2500_iTp0.00_ACFep00_aFem02,-0.13357672388261038,-0.09929281535628529,0.0771729408412955,0.037495684683201164,0.15775065437069713,0.8679709668722515,1.1743819253600287,0.4748337910157773,0.7214532570995523,0.7026244329912393,0.38474138579779354,0.19083582247080932,0.12971740489415517,0.583152662489317,0.6668650092896328
Mbi2.80Zm1.49T03.5000_iTp0.00_ACFep00_aFem02,-0.13008085805032177,-0.09643790930990115,0.07729728269826806,0.10386261056303543,0.16096708069090146,0.8885944129141319,1.1903486942533714,0.47868572475454535,0.7352223045201655,0.7146361619658883,0.392653972063134,0.19536239802470837,0.13250595906429213,0.5909155775368965,0.6603206255224497
Mbi2.80Zm1.49T03.7500_iTp0.00_ACFep00_aFem02,-0.12550931248141572,-0.09264439038189355,0.07779522269008489,0.18449963017209486,0.16641997729243233,0.9099931446207411,1.209142033089453,0.4839670747405897,0.7496847785346159,0.7265050947145629,0.4002776578805313,0.1993712870044639,0.1350502083550453,0.5997346514825037,0.6556975948837127
Mbi2.80Zm1.49T04.0000_iTp0.00_ACFep00_aFem02,-0.12134018942193679,-0.08919843042395942,0.07804845135921509,0.257417071111919,0.17122808530862058,0.9297692893118443,1.223789381770577,0.48571377876906396,0.7629659967653285,0.7378238491342589,0.40776880878179905,0.2031322788714967,0.13729265066093144,0.6059404004125829,0.6472775386855347
Mbi2.80Zm1.49T04.5000_iTp0.00_ACFep00_aFem02,-0.11589033473883541,-0.08485193259473627,0.07921690742828437,0.3606507700522347,0.17738618871173836,0.9557462295774477,1.2398263883360974,0.49520369924251684,0.7825761244375526,0.7549269382141716,0.4196235227980271,0.2085663805287416,0.1403780485959255,0.6194359027023429,0.6441661304900965
Mbi2.80Zm1.49T05.0000_iTp0.00_ACFep00_aFem02,-0.1089890108629639,-0.07908601489182235,0.08004270691764123,0.4844263525280964,0.1863334355390619,0.9897025642977321,1.2689759120337851,0.50122847650119,0.8066926833629107,0.7738544195938565,0.4337297807398787,0.2140913300345695,0.14460468944693972,0.632241008057113,0.6342468067715664
Mbi2.80Zm1.49T05.5000_iTp0.00_ACFep00_aFem02,-0.10268366433412579,-0.073855242219118,0.0808928628450213,0.5926250343094872,0.19355893301524654,1.0178914641450134,1.2902559639311122,0.5109332511612675,0.8259200484099295,0.7885492678554583,0.4442990225606128,0.21813165287636596,0.1476109049285198,0.6454794363102208,0.6329426592549497
Mbi2.80Zm1.49T06.0000_iTp0.00_ACFep00_aFem02,-0.09877597356574028,-0.07060577002953662,0.08286171249492874,0.6700920111826525,0.19650743589148065,1.0327224836444053,1.2966716210729197,0.5191228716687328,0.8387959251211552,0.7997149103441838,0.45277999960023824,0.22014170953776108,0.14940795519583389,0.6555589613297004,0.6336520460315435
Mbi2.80Zm1.49T06.5000_iTp0.00_ACFep00_aFem02,-0.09474327304789776,-0.06726358028021559,0.08248831958700245,0.7434115441920096,0.1993738281266501,1.0484859393131163,1.3055267571584441,0.5224889260184555,0.8510127592480418,0.809934651110893,0.4606155194253074,0.2224407943271799,0.151352684731211,0.6622953591552232,0.6291456583872748
Mbi2.80Zm1.49T07.0000_iTp0.00_ACFep00_aFem02,-0.09095397563400834,-0.06412364196927066,0.08224639276907313,0.8153248458807797,0.20262054964513054,1.0635140068910596,1.3120397596427888,0.527710888629365,0.8630633499280427,0.8193851903447028,0.4669458930131018,0.22456334372931044,0.15360140360826577,0.6700702082766301,0.6273129620283263
Mbi2.80Zm1.49T07.5000_iTp0.00_ACFep00_aFem02,-0.0876869206196885,-0.06133654191241018,0.08319629063093748,0.8752036830408633,0.206441404722084,1.0794578226726446,1.3228281772258164,0.5278428587385028,0.8761997687865776,0.8289861730226888,0.47379436517482476,0.2283223982573724,0.1560062403606472,0.6749205954493523,0.6191029914056665
Mbi2.80Zm1.49T08.0000_iTp0.00_ACFep00_aFem02,-0.0856983885418204,-0.05966211958381948,0.08225741104508287,0.9140436689591243,0.20672583457564275,1.085002572068817,1.3221409015631949,0.5294488686434943,0.8817561884968274,0.8334381644570846,0.4781501343901069,0.22954036524812416,0.1580135275100245,0.6779984350523416,0.6173631200821948
Mbi2.80Zm1.49T08.5000_iTp0.00_ACFep00_aFem02,-0.08334339270626019,-0.05770356328872857,0.08156933473069079,0.9634598665785259,0.20750253575998753,1.0915018777982384,1.3231370443813013,0.5321117338231797,0.8877384885703851,0.8380830218687001,0.4824998310374081,0.23090206392901186,0.15952963874859014,0.6818928321373054,0.6166474697465085
Mbi2.80Zm1.49T09.0000_iTp0.00_ACFep00_aFem02,-0.0819449374888716,-0.05603263984090309,0.08103678744979464,0.9895080993841191,0.20416024132748323,1.0891651235012947,1.313060617715044,0.5322407027151964,0.8881002296640997,0.8390840323257214,0.4832332303726433,0.230480191053842,0.16023793718919482,0.6821864364156783,0.6163102738118084
Mbi2.80Zm1.49T09.5000_iTp0.00_ACFep00_aFem02,-0.08375912780163147,-0.057167201814462935,0.07793240138847411,0.9697443327845999,0.19737466181260727,1.070813349151086,1.285759609047999,0.5312658408719634,0.8839187900044985,0.8349057888329939,0.48078574932728135,0.22818146636922645,0.1608208393227464,0.6799301125230282,0.6181734278331987
Mbi2.80Zm1.49T10.0000_iTp0.00_ACFep00_aFem02,-0.08811356028541815,-0.06075670049834596,0.07393986961777019,0.9235598760161187,0.19390346149005133,1.057412931854509,1.2680565363896106,0.5234897953139249,0.8848975548599944,0.8349453612456593,0.4817350957351971,0.2267667908368239,0.16042888118199528,0.675213292268798,0.6087646614834976
Mbi2.80Zm1.49T10.5000_iTp0.00_ACFep00_aFem02,-0.09205781473901548,-0.06394835162942389,0.07284639357653594,0.8900864087012614,0.18985669075670913,1.047027084077984,1.2594619626806056,0.5202940304577609,0.8873174297630015,0.8377082595704176,0.48590470043842493,0.22795032140103577,0.16271214287995361,0.6741207476385868,0.603230472073505
Mbi2.80Zm1.49T11.0000_iTp0.00_ACFep00_aFem02,-0.09571755459109967,-0.06706240546437978,0.07334860215280845,0.8425108382171298,0.19010239137399093,1.0481250068625567,1.265350879082225,0.5215951428938965,0.8922426386489591,0.841558265530448,0.48872043364001905,0.22760032657063672,0.1622071428151103,0.6767474744741532,0.6016782453355138
Mbi2.80Zm1.49T11.5000_iTp0.00_ACFep00_aFem02,-0.09824269816730997,-0.06923571794119092,0.07283169459515862,0.8358896723074464,0.18936462127875403,1.0490774291594507,1.2693896985793247,0.5191545958440437,0.9002891815502752,0.8496790428734198,0.4940571822311144,0.22910815378765712,0.16388340689184513,0.6782568909234816,0.5933303114860995
Mbi2.80Zm1.49T12.0000_iTp0.00_ACFep00_aFem02,-0.0980542975630751,-0.0690797895913913,0.06370352204119238,0.8471391271922883,0.18758061324215503,1.075420456529746,1.30127831815247,0.513690437511896,0.9131619835169059,0.8601819544396386,0.507047874676933,0.22982250694389786,0.1707337768176539,0.6793101539234665,0.5793466529722717
Mbi2.80Zm1.49T12.5000_iTp0.00_ACFep00_aFem02,-0.09486889189271122,-0.06613109732840278,0.07317942408246444,0.9133020588751087,0.19195989745835706,1.086451163661053,1.3030507961151774,0.5214942725435158,0.9215511030199901,0.8697810907915149,0.5083549907017171,0.23137408274493818,0.1692426275456789,0.6877675827766384,0.5822418358193038
Mbi2.80Zm1.49T13.0000_iTp0.00_ACFep00_aFem02,-0.0900233097754665,-0.06184543953433445,0.07021318072907669,0.971656742744626,0.19597322836550374,1.095500731386543,1.3220932614675776,0.5242647536807601,0.9299747460403008,0.8791772085204902,0.5201625770552987,0.2341014026469481,0.17320353187578894,0.6928897464845545,0.5795696180844424
Mbi2.80Zm1.49T13.5000_iTp0.00_ACFep00_aFem02,-0.0875973073217344,-0.05983796835648054,0.07323044964594926,1.0085413982571545,0.19974975039932605,1.1085732529207357,1.3317340513724214,0.5293401433831774,0.9406613102966921,0.8890427754131566,0.5262657922306128,0.23686773865364796,0.17404048195878075,0.7001993568432093,0.5786073797586954
Mbi2.80Zm1.49T14.0000_iTp0.00_ACFep00_aFem02,-0.08395606724986676,-0.05698907004744749,0.07121614049133417,1.0785717549690423,0.20345222920578832,1.1103704873616338,1.3337325828949493,0.5395861796751809,0.9426447864027592,0.8957378918813205,0.5289788172733707,0.2396849082982139,0.175183543916315,0.7082028040904116,0.5870226977756589
Mbi2.80Zm1.26T00.0300_iTp0.00_ACFep00_aFem02,-0.11587165269992149,-0.0724026881349053,0.1956978905544526,0.0038881237742880003,0.3322885941162739,0.46471119919286646,0.9987436718921122,0.3419750521389184,0.49404984079138653,0.5089935043159148,0.282455153492312,0.11634509108624937,0.16249836339926368,0.4127755090790682,0.6818749235654125
Mbi2.80Zm1.26T00.0400_iTp0.00_ACFep00_aFem02,-0.12518711903095306,-0.0807349057866321,0.10116136294600199,-0.18713151811109646,0.28379472503755676,0.36725211021109383,0.915385459566468,0.2607368992174482,0.4138178808577577,0.4406326419689396,0.250418837717005,0.11245334010475012,0.153052517289793,0.33144417092761685,0.6103030948003335
Mbi2.80Zm1.26T00.0500_iTp0.00_ACFep00_aFem02,-0.13196875972684632,-0.08661397801264323,0.0614884700516593,-0.2759835339277537,0.26324500525252464,0.3371462303755728,0.8646992310860865,0.2286958526374864,0.3747645775330958,0.4024699069456325,0.23081496708315846,0.0996395392288403,0.14372229784420495,0.29577222807151354,0.5884861189371108
Mbi2.80Zm1.26T00.0600_iTp0.00_ACFep00_aFem02,-0.13570815949591553,-0.08984967385024684,0.049897293630252436,-0.31690508596026135,0.25056412261903815,0.3371964250302533,0.8451974273993917,0.2243225024814044,0.36712126569827247,0.39668348776574835,0.23005471344114325,0.09759133252067116,0.14015418864980728,0.29019023603981137,0.5873817921767389
Mbi2.80Zm1.26T00.0700_iTp0.00_ACFep00_aFem02,-0.1383560769365312,-0.09227650999122439,0.04558348041402912,-0.3483443964297799,0.24177820559181096,0.35528294780774405,0.8517095091849193,0.236552743895661,0.37559282615037465,0.4070902187472102,0.23746130572398305,0.1035014056240624,0.1410112271659803,0.30155221125671156,0.6044662534541406
Mbi2.80Zm1.26T00.0800_iTp0.00_ACFep00_aFem02,-0.14126110429495126,-0.09482489571033695,0.04703161076753495,-0.4027938013362434,0.2189874229677019,0.3756710241200572,0.8430860901434426,0.23818309996064654,0.3881107121280653,0.41799835450919054,0.24436953800791558,0.10550583480491807,0.14033192799883895,0.30730222470752655,0.5909450961871576
Mbi2.80Zm1.26T00.0900_iTp0.00_ACFep00_aFem02,-0.14278461839148496,-0.09626457966201843,0.04335577575630566,-0.4414658550220859,0.20513813782274173,0.3871024499083653,0.8580323079131665,0.23532784109766786,0.4016306838740371,0.4242261891379043,0.24967748397317877,0.1095064214836987,0.1359591933569321,0.30984470330617075,0.5698998186923491
Mbi2.80Zm1.26T00.1000_iTp0.00_ACFep00_aFem02,-0.1427495380758575,-0.09638216392714971,0.04364344908330332,-0.4469394055909398,0.1895590788192824,0.396880844832617,0.854702145126326,0.24182750191742294,0.40506026316992355,0.4291804928564038,0.2551743375097977,0.11126531452614452,0.13601475798165485,0.315575558840998,0.5797547055104347
Mbi2.80Zm1.26T00.1500_iTp0.00_ACFep00_aFem02,-0.14709014566699305,-0.10084994694902408,0.05018650983109167,-0.46417569263212655,0.1572467175014559,0.43816259406020075,0.8496697627095583,0.27227498185637194,0.4346780968786284,0.457439806537836,0.2629617436587065,0.1172913933799674,0.12672355704124955,0.3465360807832937,0.6104013400328919
Mbi2.80Zm1.26T00.2000_iTp0.00_ACFep00_aFem02,-0.1490024900586404,-0.10311674960496937,0.051537598057440195,-0.4693029381992261,0.15158929571424518,0.47018161098192646,0.891831188090853,0.29809478159904074,0.45776774399883485,0.47552188108751875,0.27189416726154253,0.12162363397952661,0.12752378178650056,0.3714028164182911,0.6388044473792563
Mbi2.80Zm1.26T00.2500_iTp0.00_ACFep00_aFem02,-0.1526984029887504,-0.10713282857921583,0.05941085754308772,-0.4934118454930652,0.1510970243511528,0.5113638712777265,0.9214670066015953,0.3274607690330526,0.4780450785294305,0.49333054617006616,0.28173786814846413,0.11761573184220853,0.13192040426857268,0.3974198265367877,0.6742206839591129
Mbi2.80Zm1.26T00.3000_iTp0.00_ACFep00_aFem02,-0.15473953326233447,-0.10935957339557595,0.06225251521218899,-0.4823892115526724,0.15006540341129795,0.5400878118215132,0.945510551529474,0.3403583468786811,0.4969316797766186,0.5092256512971226,0.29472278853600237,0.12137234482487826,0.13464030500121243,0.4126820382218469,0.6765509455970683
Mbi2.80Zm1.26T00.3500_iTp0.00_ACFep00_aFem02,-0.15696376502504134,-0.11127224665725773,0.0639015641192156,-0.48952930914673315,0.14024864632084755,0.5468328348640822,0.943240448553517,0.3566199862341234,0.49838750153811934,0.5060175604089243,0.29337183876620704,0.12370127837217136,0.13643145929106174,0.4224888551841758,0.7101118856227465
Mbi2.80Zm1.26T00.4000_iTp0.00_ACFep00_aFem02,-0.15921263658195633,-0.11341192984220233,0.06493102096594329,-0.517277729255986,0.13229664237253885,0.5590566766862937,0.9520661431123599,0.3694556843115131,0.5047446335255594,0.5083963937638132,0.29662813517817765,0.12417040600779668,0.13880385421505678,0.4322713728475711,0.7293272592069049
Mbi2.80Zm1.26T00.4500_iTp0.00_ACFep00_aFem02,-0.16805743911011561,-0.12134186675010464,0.06639080480053482,-0.6150875219470744,0.1237013254135001,0.5754880602697334,0.9651358142825285,0.3866397218008566,0.5187212184158378,0.5206163584395578,0.305817499776979,0.1280063890812357,0.1395123405076623,0.4480662827927732,0.7440118213962166
Mbi2.80Zm1.26T00.5000_iTp0.00_ACFep00_aFem02,-0.16817857548265727,-0.12150869555290948,0.07442672442715831,-0.6046547860663167,0.11685676423752919,0.5879436404284709,0.9726078137987016,0.4100267357693598,0.5187030875788413,0.5140188010762446,0.3072001487448395,0.12800226814841975,0.1412059703422469,0.460591296787403,0.7940700013695609
Mbi2.80Zm1.26T00.6000_iTp0.00_ACFep00_aFem02,-0.1658488644566044,-0.11953659934676134,0.079659858664052,-0.5395177237801543,0.10873814489599823,0.5893435612200081,0.9676828800350761,0.43059521914035787,0.5248003981909638,0.5147044474433523,0.30940575936074655,0.13435650297586282,0.14339765502395024,0.47408786884827336,0.8284621682116439
Mbi2.80Zm1.26T00.7000_iTp0.00_ACFep00_aFem02,-0.17063020014187585,-0.12502973608034146,0.08117935114088169,-0.5848735097423103,0.11481425107540616,0.6213572769394978,1.015723667516276,0.4691098723814481,0.5470985353630269,0.5359292150725686,0.3192309186639093,0.13484640711855367,0.14511105980555725,0.5051556446757121,0.8662933561818178
Mbi2.80Zm1.26T00.8000_iTp0.00_ACFep00_aFem02,-0.1706829414585545,-0.1256993225691472,0.08405709334538077,-0.5539787287863034,0.11936307793074918,0.6589656012553883,1.0594209468986067,0.4954964037261641,0.5788396515340868,0.5631821718121779,0.3335701703252028,0.13927275387030108,0.1469201561824029,0.5335172562336031,0.8677529511201434
Mbi2.80Zm1.26T00.9000_iTp0.00_ACFep00_aFem02,-0.16907648484693322,-0.12506706632554643,0.08127918925654747,-0.49149672607898864,0.11952770469026014,0.7009566486708627,1.0979147027117802,0.506180100360372,0.6042643895595058,0.5856716746751052,0.3436704436848551,0.15444508779794122,0.14828161925986308,0.5506645584303619,0.8507685674456072
Mbi2.80Zm1.26T01.0000_iTp0.00_ACFep00_aFem02,-0.16012392295233663,-0.11787859746976767,0.07464626047413693,-0.2870542021276806,0.14054089087444166,0.797329485197064,1.23410934683537,0.5346740163595602,0.6743958688510215,0.6370893590174972,0.3781027622256191,0.181089753362589,0.16283578300952475,0.5958161107331167,0.8153717708716172
Mbi2.80Zm1.26T01.2500_iTp0.00_ACFep00_aFem02,-0.1525537774284072,-0.11367190277042118,0.06453372422087271,-0.16559089038056657,0.17641399847007216,0.8967421103906285,1.3241884466223117,0.5391592827324898,0.7463944852004128,0.7031081352627049,0.41524289001065784,0.214575638883698,0.17764731058547173,0.629198544823869,0.7439231569794994
Mbi2.80Zm1.26T01.5000_iTp0.00_ACFep00_aFem02,-0.12429512195490389,-0.09039646454439149,0.04969678125874725,0.2147104624604536,0.23554567925082404,0.9900103214501939,1.4430567331784978,0.5339601544620615,0.813674509293226,0.7608679722836367,0.4588067572449828,0.2452998313851856,0.193837490840594,0.6531268807817849,0.6782416615743698
Mbi2.80Zm1.26T01.7500_iTp0.00_ACFep00_aFem02,-0.1309510605174068,-0.09611042591010821,0.05020205511155152,0.1432019507383542,0.22432098021447103,0.9858266711631657,1.414758624512374,0.5365559431809934,0.8226488436850518,0.7738480194895159,0.4646451060956189,0.24910139515463744,0.19632452574500994,0.658836475917202,0.6721666112316366
Mbi2.80Zm1.26T02.0000_iTp0.00_ACFep00_aFem02,-0.12522462270537615,-0.0910237487943172,0.04845869547135929,0.25242522091924147,0.22773163579554573,1.0086332860957492,1.434856864184145,0.53651627827383,0.8400394038888019,0.7957310876475533,0.4773182121117906,0.2572199224052001,0.2006651124929287,0.6663622268394368,0.655979895773668
Mbi2.80Zm1.26T02.2500_iTp0.00_ACFep00_aFem02,-0.1200394572016093,-0.08661914970125999,0.04732198338298902,0.3530926686097766,0.23330285855732286,1.0428880812471888,1.4644977225429971,0.5435717692604269,0.8603057803138618,0.8143099006881622,0.48899412375628604,0.2633377232988023,0.20398405154940918,0.6787027021041432,0.6491898713562445
Mbi2.80Zm1.26T02.5000_iTp0.00_ACFep00_aFem02,-0.12213030281329207,-0.08841000613524494,0.051026920416280125,0.3558583055670062,0.22746823644957043,1.0524494808768963,1.4631318848968609,0.5496015614980646,0.8719574934592762,0.8298662034286449,0.4972063438422132,0.26488105357572583,0.20524166011158115,0.6875695143923936,0.6458971778370534
Mbi2.80Zm1.26T02.7500_iTp0.00_ACFep00_aFem02,-0.11729542754851582,-0.08433170274104268,0.051244403945674366,0.445224495740875,0.2320959131131843,1.0776617321842479,1.4761148977529692,0.558628238416348,0.8879037781266226,0.8457210399136607,0.5059978536593664,0.2704620381025479,0.20911806254200846,0.6995784961039321,0.6444626687426293
Mbi2.80Zm1.26T03.0000_iTp0.00_ACFep00_aFem02,-0.11130379908188182,-0.07914126487106651,0.05110939922828112,0.5333753196992286,0.2397220586941654,1.104532013941883,1.4974070745486585,0.5665152241562529,0.9065670682732476,0.8601753301680393,0.5164369298877617,0.27350018381911473,0.21302142572891403,0.7114950390833573,0.6413104985266244
Mbi2.80Zm1.26T03.2500_iTp0.00_ACFep00_aFem02,-0.10187504516151835,-0.07091503763473106,0.05048620413492599,0.6710868545804987,0.2504786215896686,1.1317429160909813,1.520539324533121,0.573606551933497,0.922362583839287,0.874440084973439,0.525734327057925,0.2758341428364336,0.21616724378585062,0.7220639838233667,0.63847473280137
Mbi2.80Zm1.26T03.5000_iTp0.00_ACFep00_aFem02,-0.09684909330859107,-0.06687476086904638,0.04965687045787981,0.7555089241748645,0.26079778508085616,1.1563097633987316,1.5485443785329434,0.5750081733608488,0.9407728803825067,0.8909760221351076,0.5386608233689248,0.2803277821822663,0.2194743774317299,0.7300237580765331,0.6278242313349162
Mbi2.80Zm1.26T03.7500_iTp0.00_ACFep00_aFem02,-0.09216302527835804,-0.0631839306667101,0.04892000224679001,0.8388306974278421,0.2708108696037591,1.1821168785754328,1.578334406796194,0.5739041692437922,0.9593354267403442,0.9073168692339744,0.5509756264482436,0.2835913500905405,0.2220641188456201,0.7363474549021604,0.6149020580656527
Mbi2.80Zm1.26T04.0000_iTp0.00_ACFep00_aFem02,-0.09482711072326994,-0.06545197607321249,0.048827591624933456,0.8241545687277806,0.26449781586701676,1.1929299330799035,1.5801431316624148,0.5649470638090182,0.9677322413034318,0.9158028499634266,0.5548843078308275,0.2847418602800581,0.22409366806547007,0.7338276557013064,0.5998795206188985
Mbi2.80Zm1.26T04.5000_iTp0.00_ACFep00_aFem02,-0.09056870587392085,-0.06200903745028685,0.049226263341682584,0.9118211715374908,0.2685951000008332,1.2197085233806315,1.5946094849203813,0.5681989849858781,0.9885293973575531,0.9350372395644299,0.5669971325283246,0.28777362870804585,0.22746468938690803,0.7437546820516099,0.590776502440371
Mbi2.80Zm1.26T05.0000_iTp0.00_ACFep00_aFem02,-0.08565077653431326,-0.057947764304904156,0.05102939639429644,1.0005110038848921,0.27569862127418177,1.2522856595374035,1.61813146784049,0.5753832871001167,1.0109338376342276,0.9551303916890034,0.5818037243789947,0.29156195215821173,0.2328536272984274,0.7567589384302401,0.5853148422299287
Mbi2.80Zm1.26T05.5000_iTp0.00_ACFep00_aFem02,-0.08254252224236959,-0.05539673342621058,0.052539032219722434,1.0797537990220245,0.2804187483207018,1.2837064076499367,1.6446197235184397,0.5770968514578066,1.0298346603395534,0.972188219510953,0.5920939400165108,0.2939539237202867,0.23510716933657336,0.7648525464062301,0.5765137424412444
Mbi2.80Zm1.26T06.0000_iTp0.00_ACFep00_aFem02,-0.08247109242786037,-0.055173641443621385,0.05611716978245509,1.0812054135720894,0.2761006008454593,1.2987765320816398,1.644582996845169,0.5771086829292005,1.0416546236540085,0.9844583257556746,0.5988962760563902,0.2928015651354022,0.23975729936941312,0.769353984510698,0.5696707906608499
Mbi2.80Zm1.26T06.5000_iTp0.00_ACFep00_aFem02,-0.07670058496343174,-0.05039626245256332,0.05751074908434139,1.1645406047473237,0.281640566726602,1.3146577538358337,1.6536943178736943,0.5776681253603285,1.0536958411364443,0.996919858071431,0.6083148890904119,0.29337122147127026,0.24088494217096015,0.7742758888487492,0.5634094438889489
Mbi2.80Zm1.26T07.0000_iTp0.00_ACFep00_aFem02,-0.07358357193619001,-0.04769916030017185,0.05897250572210704,1.2277517960015776,0.2863974929222617,1.3386162562924135,1.6772561711167198,0.5806986813915459,1.069802295726632,1.0128903671369311,0.6173094188184697,0.29631750883289454,0.24108653840522903,0.7822909634845637,0.5576422212897453
Mbi2.80Zm1.26T07.5000_iTp0.00_ACFep00_aFem02,-0.07112750609611519,-0.04546180267213658,0.06029901093593869,1.2767585014506473,0.28592862821607734,1.349439174323393,1.6778571758982874,0.581121434474945,1.0766778988416201,1.0210241867621028,0.6227764838461238,0.2987328617469434,0.24298438584569879,0.7852547146264139,0.5540552573819814
Mbi2.80Zm1.26T08.0000_iTp0.00_ACFep00_aFem02,-0.06658396628031528,-0.04145001401716526,0.05990327864893313,1.349729158769406,0.2897988285159532,1.365589182220656,1.6882520758077746,0.5854267654854874,1.0879478223539887,1.0326024718642275,0.6300001000720397,0.3017826118783846,0.24460915824999507,0.7923645580107356,0.5521460793282593
Mbi2.80Zm1.26T08.5000_iTp0.00_ACFep00_aFem02,-0.06434543997678537,-0.03956036266727202,0.05894114969041121,1.4072255189530471,0.2951805676000788,1.3816299673247845,1.7002865750450495,0.5876111045320607,1.1024100768578864,1.0461730197742267,0.6388543528871518,0.3055203024674694,0.24844663073727588,0.7990842618433548,0.5469754513596764
Mbi2.80Zm1.26T09.0000_iTp0.00_ACFep00_aFem02,-0.06355896608625826,-0.03887386769040304,0.05984313849153357,1.4524541986581068,0.2960593208809211,1.3876352259502076,1.7013242923597536,0.5913482458081462,1.1087657182560853,1.0518325414719591,0.6427667655537451,0.3049879752936885,0.25058865578646905,0.803890420966355,0.5473930594413969
Mbi2.80Zm1.26T09.5000_iTp0.00_ACFep00_aFem02,-0.06499752023138611,-0.039326406878437005,0.06735955009038035,1.4426816732235737,0.28493914652474633,1.3617331736549156,1.6707054693242556,0.5914908023591925,1.097699982573747,1.03923987721431,0.6392753145772447,0.3017710281758827,0.2529435837935921,0.7997483550137515,0.553586755986532
Mbi2.80Zm1.26T10.0000_iTp0.00_ACFep00_aFem02,-0.07135451744196734,-0.044544961919770254,0.06684790676740016,1.3791861838543187,0.2785695484899503,1.345160395894548,1.65314610358871,0.5993493652012226,1.0957262299279766,1.0388548803541016,0.6402931569034397,0.2977514576036964,0.25241505478872267,0.8044742347069884,0.5615615750689562
Mbi2.80Zm1.26T10.5000_iTp0.00_ACFep00_aFem02,-0.07624090150415198,-0.04876115932310598,0.06641100524125672,1.3294544479392898,0.27566994603000083,1.3358828400890153,1.642589001589228,0.6080238749977487,1.1005827748256305,1.0469195948267596,0.6425957465247469,0.29401996443932027,0.2522417375171996,0.8124313047907018,0.5662614240525078
Mbi2.80Zm1.26T11.0000_iTp0.00_ACFep00_aFem02,-0.0805505777590432,-0.05245214878390998,0.06412283181304786,1.2895393226237797,0.27560130617021567,1.3343656152069578,1.6433464737321297,0.6047734378727121,1.1104650619448284,1.0553479381895763,0.6487799831092305,0.2939067707159131,0.2529076836089963,0.8137852473918132,0.5584724422978175
Mbi2.80Zm1.26T11.5000_iTp0.00_ACFep00_aFem02,-0.08507985323899417,-0.05638522591637208,0.06219430205394047,1.2409691096861892,0.2755588872523568,1.3325624214880916,1.6452689810147143,0.6032054661652412,1.1163640251976303,1.059493565924448,0.6543346882032116,0.2928320138263795,0.25270008102330477,0.8147340683304624,0.5544530750784764
Mbi2.80Zm1.26T12.0000_iTp0.00_ACFep00_aFem02,-0.08676227799298596,-0.05780976301176348,0.061700265252640905,1.2611490134144527,0.2762858772459361,1.3424257125590293,1.6592670545753931,0.5969892655353201,1.1282304475633376,1.0682347402988712,0.6603023406904455,0.29453030589834606,0.25468394162087266,0.8145629282905025,0.5435909194776376
Mbi2.80Zm1.26T12.5000_iTp0.00_ACFep00_aFem02,-0.0858896862009796,-0.056729912821745845,0.06220428781836432,1.299349110871078,0.27981917675637225,1.354914867503292,1.6781826522623808,0.5991152831282286,1.1425558398194606,1.078653712857549,0.668046419250294,0.29846293279501185,0.2569989203395321,0.8208550042576388,0.5394495826890108
Mbi2.80Zm1.26T13.0000_iTp0.00_ACFep00_aFem02,-0.08563214619899476,-0.05665646269724011,0.06231154017134225,1.3294534154500488,0.28637686314872346,1.3931570238586615,1.7144527550226705,0.6105036695826028,1.1653545982195863,1.099252602429425,0.6820211808627118,0.30446422902819137,0.2642223855352334,0.8367518840725496,0.5391695914484766
Mbi2.80Zm1.26T13.5000_iTp0.00_ACFep00_aFem02,-0.08140422426906224,-0.05278794314785718,0.06220326314600717,1.3988592803293358,0.2942097750249075,1.4080648345559064,1.7388948534826465,0.6209860556771407,1.1791717330471285,1.1115218848769728,0.6919598349796707,0.3093828902963669,0.2650499766883004,0.8488147689595527,0.5421816787876659
Mbi2.80Zm1.26T14.0000_iTp0.00_ACFep00_aFem02,-0.07875681036018671,-0.050586058410211965,0.06279021658784557,1.4429926328905487,0.2976531967134429,1.4199118925302476,1.7495267573417927,0.6265045400863484,1.1891201320727,1.1240067932313584,0.701443390236056,0.31274341703544156,0.26856279556189105,0.8564851993925091,0.5416949093738078
Mbi2.80Zm0.96T00.0300_iTp0.00_ACFep00_aFem02,-0.12022017270613862,-0.07487591112359764,0.13180513010053432,-0.07235606936141917,0.29251298758761135,0.5122660388078807,1.125771618751952,0.34594675079829473,0.5484448781344347,0.5588345346562608,0.3299451076832574,0.17048722699097352,0.20265518817980865,0.4367368986002356,0.6248589954840741
Mbi2.80Zm0.96T00.0400_iTp0.00_ACFep00_aFem02,-0.12573317060314387,-0.0795613586209476,0.08254919771651152,-0.13195898873080897,0.279016676582207,0.46971728661090156,1.0361909269784095,0.3071058410029284,0.4990612829710779,0.5218227706433105,0.3022163223970335,0.1494784956019569,0.19403551362251267,0.393982089753798,0.6016468567916909
Mbi2.80Zm0.96T00.0500_iTp0.00_ACFep00_aFem02,-0.12943567861280836,-0.08281097164689499,0.06374576503357285,-0.1382373160985275,0.28245732096062925,0.4882566014705012,1.0546699726098787,0.30756718597750154,0.49658959261358016,0.527969785922854,0.30766079779872774,0.15839682119853915,0.19495880428983303,0.3942551059356245,0.6003891866508627
Mbi2.80Zm0.96T00.0600_iTp0.00_ACFep00_aFem02,-0.13259982031963174,-0.08590754904449908,0.05911354486661256,-0.20336555009839397,0.25916046458210035,0.49998896295238837,1.0423185640579586,0.29619543991490577,0.49002038722579255,0.5144252169855371,0.2965599021536194,0.16148034313909768,0.18358564848059536,0.3836219649106424,0.5897690002784619
Mbi2.80Zm0.96T00.0700_iTp0.00_ACFep00_aFem02,-0.1345489028526104,-0.08817952803320953,0.05742818218509098,-0.2363268790535149,0.24807771082070612,0.5390925935486381,1.0783563139849295,0.2964808421956415,0.5057277526484478,0.5184766595451299,0.30122498473326953,0.16877031885921626,0.17983425403102724,0.38858324190575366,0.5789485744562596
Mbi2.80Zm0.96T00.0800_iTp0.00_ACFep00_aFem02,-0.1347919150456582,-0.0886519269591285,0.053673392501378994,-0.21624816474249625,0.24474659585353478,0.566947934498563,1.1267653715627677,0.3155976914770474,0.528026566621862,0.5390692262669956,0.31970888645854945,0.17984839518531961,0.188759111554827,0.40941394220776955,0.5915077045194914
Mbi2.80Zm0.96T00.0900_iTp0.00_ACFep00_aFem02,-0.13415153795999024,-0.08820308358130217,0.05050123952092909,-0.20074139358474158,0.2455497148663049,0.5902291066322587,1.1898167813239093,0.3488672049597067,0.5593550181858362,0.5696817744855193,0.3386605514965844,0.19103588844212538,0.1999134831548053,0.44288753473598497,0.6179908524225682
Mbi2.80Zm0.96T00.1000_iTp0.00_ACFep00_aFem02,-0.13347164763466626,-0.08775300737304903,0.055559422080081855,-0.185593805930367,0.2488697386674159,0.6045288406231096,1.2135435948294393,0.3916284169114307,0.5764727036371978,0.582976936376428,0.3490174435163607,0.19441789156826778,0.20216306556588823,0.475895282790171,0.6755419181583916
Mbi2.80Zm0.96T00.1500_iTp0.00_ACFep00_aFem02,-0.13880901976366092,-0.09318330272196879,0.05868111275388678,-0.2038619625201773,0.2259718415345185,0.6598598431702448,1.2345489878125464,0.4441719124272721,0.5972023062570062,0.5948012374957857,0.36607242250032085,0.2046941228101717,0.2077077326361985,0.5147444745027969,0.7452526710262674
Mbi2.80Zm0.96T00.2000_iTp0.00_ACFep00_aFem02,-0.1426276189128032,-0.09678342657800398,0.07008011496431316,-0.1914187927919316,0.21356802023567906,0.7023466695957898,1.2690995450109996,0.4673122156052121,0.6207946761024828,0.6087587717203069,0.37474424851837895,0.1940289642246507,0.20159201276738858,0.5371499497208857,0.7601332279335998
Mbi2.80Zm0.96T00.2500_iTp0.00_ACFep00_aFem02,-0.14644312252002714,-0.10030872218852355,0.07242911681459663,-0.2131143063483612,0.18301002321284016,0.7099457147582464,1.227537601744999,0.4711680691757288,0.6038371348439028,0.603465761255963,0.37484579197717255,0.17921967415999318,0.1947751613195009,0.5333477127499672,0.7805300073375367
Mbi2.80Zm0.96T00.3000_iTp0.00_ACFep00_aFem02,-0.1564254314244009,-0.10915615330350702,0.07508771456968116,-0.3618696697624235,0.16124851950759606,0.6936711637321445,1.183579131157564,0.4687117530527165,0.5922105904417964,0.5931987088109298,0.3648910253247121,0.17053911943992006,0.1902848202006565,0.5269779349995636,0.7908015456740372
Mbi2.80Zm0.96T00.3500_iTp0.00_ACFep00_aFem02,-0.16118990034303432,-0.11382352756163124,0.0784526314645788,-0.4219390513544943,0.14426737314047677,0.6922471962561362,1.1407169468882579,0.47386817184035057,0.5784006230351201,0.581130621660645,0.3551094398181129,0.16375914291485633,0.17766260132079364,0.523877724738471,0.8173443777527235
Mbi2.80Zm0.96T00.4000_iTp0.00_ACFep00_aFem02,-0.16584007783654822,-0.11827099193258044,0.08333321460767697,-0.47030190974702923,0.1308524661953467,0.705210381412092,1.1534085517117667,0.49444068332607105,0.5845345987326273,0.5838527782491956,0.3566766853611132,0.16470535792510427,0.170869006677484,0.5375158536127893,0.846364301886434
Mbi2.80Zm0.96T00.4500_iTp0.00_ACFep00_aFem02,-0.1681535292943477,-0.12068382749733272,0.0844281396761124,-0.5170706208610999,0.1347216804396217,0.7273582519315541,1.1863465014401346,0.4983981833372008,0.6023259765183074,0.5939749406954379,0.36236678174158554,0.16870430984028448,0.174250277136719,0.5468388912378684,0.8332321344331981
Mbi2.80Zm0.96T00.5000_iTp0.00_ACFep00_aFem02,-0.17111607646230484,-0.1234124711045663,0.08719349515843498,-0.5707948171746148,0.1328047138167789,0.7463505569465535,1.1997619605734406,0.5205154443391222,0.6207157767502802,0.606020216142276,0.37483932656522606,0.17097444887225163,0.1763680706954993,0.5665248042149285,0.8486185248576327
Mbi2.80Zm0.96T00.6000_iTp0.00_ACFep00_aFem02,-0.17629350505348138,-0.12857088741971345,0.09033965747552805,-0.6354473909694114,0.12112847191985399,0.7627338190763999,1.1866023583229006,0.5467643809388637,0.6336890779138522,0.6135102283948296,0.3751184154372654,0.16952712864576347,0.17301246664434955,0.5859943302345129,0.8767875000782587
Mbi2.80Zm0.96T00.7000_iTp0.00_ACFep00_aFem02,-0.17343928433508435,-0.12669886087987012,0.08823170133753282,-0.5829040221888642,0.13458142909291942,0.8070183308439485,1.2548466147501105,0.5607644178941714,0.6651349883829702,0.6371864714843565,0.38613873156490347,0.17496128220534413,0.17327862880504863,0.6071208488554144,0.8611766528846095
Mbi2.80Zm0.96T00.8000_iTp0.00_ACFep00_aFem02,-0.1750296111783847,-0.12879042906843424,0.09003283566560935,-0.5624190829627224,0.14673879126944991,0.8463331563470067,1.299023362085185,0.5763494968710845,0.6943651453932346,0.6581847112934355,0.3931713784867885,0.17760138478134702,0.17305078637615745,0.6279795229105875,0.8522414076224339
Mbi2.80Zm0.96T00.9000_iTp0.00_ACFep00_aFem02,-0.17402543427751782,-0.1289486726430394,0.09103111489626817,-0.5073839499037002,0.16569305294422354,0.8941113743764162,1.3585495479920873,0.6022033786822063,0.7291498760102033,0.6827102837769412,0.40693693331834385,0.18776344799163777,0.18104237692887515,0.6567084716080324,0.8530637747763857
Mbi2.80Zm0.96T01.0000_iTp0.00_ACFep00_aFem02,-0.16454114919456223,-0.12167901770329151,0.08018356341386006,-0.35129103416535234,0.19667929884775337,0.9581332540988001,1.455118530838471,0.6136797764002326,0.7725696962154184,0.7221668571139791,0.42949697649885515,0.20909128241500183,0.19651149325317138,0.6822387130460682,0.8211209862143447
Mbi2.80Zm0.96T01.2500_iTp0.00_ACFep00_aFem02,-0.1264445304320248,-0.08933730460459004,0.0720685837950284,0.21462399447817992,0.2910351362304903,1.1493651439865262,1.7649569880772409,0.6959146505704928,0.9430273020484404,0.8724557796977368,0.5291905098025947,0.2721208460284798,0.24596739706930712,0.8015704732677832,0.7666440492534302
Mbi2.80Zm0.96T01.5000_iTp0.00_ACFep00_aFem02,-0.11688501632945063,-0.08165628284319772,0.06792694124169577,0.42660268118291345,0.31541348027180555,1.279982106402684,1.86870882693158,0.6839188135199973,1.013290408209135,0.9359247699081619,0.5752770574372373,0.31146686106015314,0.2629555809190286,0.8235247812776857,0.7017376236322755
Mbi2.80Zm0.96T01.7500_iTp0.00_ACFep00_aFem02,-0.12042834358691565,-0.08444477205696167,0.07404923259001622,0.42587866808301966,0.3050191694837106,1.2935779429906462,1.8669442110851484,0.679625017422038,1.0411859825640322,0.9714020452271711,0.6016513186857403,0.32295106585719446,0.27569046134972947,0.8332685682561932,0.6753742028048534
Mbi2.80Zm0.96T02.0000_iTp0.00_ACFep00_aFem02,-0.1169286372504873,-0.0809421683414884,0.07874853721779741,0.5276079836549976,0.3091999797750157,1.3589241065071838,1.8973031000172411,0.6965632560029307,1.0665880055914887,0.9902610968480327,0.6148008620230776,0.3320041111482776,0.28492302158182814,0.853263961718462,0.6773109949356745
Mbi2.80Zm0.96T02.2500_iTp0.00_ACFep00_aFem02,-0.10638070496412425,-0.07234574238416312,0.08308287868404853,0.7117158184662264,0.3314371336049402,1.418242223483437,1.9674388431787262,0.7129864836808628,1.1011577116284805,1.02488894320548,0.6368973147697568,0.3392617737080371,0.29137779457851176,0.8774306562393019,0.6707157456396887
Mbi2.80Zm0.96T02.5000_iTp0.00_ACFep00_aFem02,-0.09926814548096603,-0.06626145422657187,0.08236541584397272,0.8530801047475856,0.34617067187648964,1.4705372658810525,2.021797091155808,0.7233197659816253,1.1295056431006676,1.0500776518288333,0.6557613851127496,0.3471590949302462,0.2972758199847661,0.8949342117418144,0.663722985640722
Mbi2.80Zm0.96T02.7500_iTp0.00_ACFep00_aFem02,-0.09903850073235201,-0.06622969486744643,0.08866313724963922,0.876458781596859,0.3394621158363683,1.4700969551716898,1.9952883694353472,0.7248996591927811,1.1236791026702027,1.0508454657131188,0.6551807615748011,0.34044097173094123,0.29846352311640023,0.8942993998418265,0.6667201371118259
Mbi2.80Zm0.96T03.0000_iTp0.00_ACFep00_aFem02,-0.09761511556449648,-0.065182654531169,0.09203474329362252,0.9320218241521419,0.34786788180231537,1.499624360527357,2.0244037262451333,0.7367389167841524,1.1417653987114755,1.06816666493534,0.6642794868252304,0.34234154500710445,0.3007921320514203,0.9088457232537446,0.6667525476492617
Mbi2.80Zm0.96T03.2500_iTp0.00_ACFep00_aFem02,-0.09321767996204652,-0.06144280089380282,0.093665391237456,1.0206397212443385,0.35440289317982465,1.5282895752409944,2.0449117627996034,0.751997785120501,1.1595921784275238,1.0832531025045495,0.6746470915835668,0.34484901483636204,0.30491137302546295,0.925168547529115,0.6705748198627313
Mbi2.80Zm0.96T03.5000_iTp0.00_ACFep00_aFem02,-0.09110394967601795,-0.05970826530987499,0.09593399158292035,1.0737823898762655,0.35668055101765117,1.5444870117939147,2.053486321871912,0.758907364173442,1.166792077028199,1.0922461597021726,0.6800729549909825,0.34337849988683233,0.30720690272439216,0.932548408899048,0.6718853641643974
Mbi2.80Zm0.96T03.7500_iTp0.00_ACFep00_aFem02,-0.0868086083541843,-0.05601739531129271,0.09686319833233986,1.1531937832985915,0.36494922414680264,1.5732062308705854,2.078971642346321,0.7667525529347601,1.1834109644442024,1.1086120049568389,0.6910062375062789,0.3466933970545487,0.31078953069187076,0.9440999608507115,0.6690618402791402
Mbi2.80Zm0.96T04.0000_iTp0.00_ACFep00_aFem02,-0.08026891650910443,-0.05049313021808957,0.09702971452259188,1.2665256405597547,0.3764539303701906,1.6071060542757805,2.1128574193050937,0.7719753295879405,1.2015852367914337,1.126079281591358,0.7041989216820365,0.3511383303235819,0.3151343188590193,0.9546063657328449,0.6633046330270063
Mbi2.80Zm0.96T04.5000_iTp0.00_ACFep00_aFem02,-0.07047813300844402,-0.042249952726947815,0.09542589342688719,1.4383549044790773,0.3962278382025275,1.6633950475516062,2.1631310846731084,0.7811844751913348,1.2349544318013281,1.156122687099634,0.7270643332680563,0.35834610314516124,0.32413647847913474,0.9733880171135428,0.6534163779296249
Mbi2.80Zm0.96T05.0000_iTp0.00_ACFep00_aFem02,-0.06908399279440544,-0.041122889849803355,0.09995053383975579,1.5059146052144323,0.3978620350997033,1.6799812405835082,2.1701375009398833,0.7966669689880184,1.2514071562056923,1.1746292515316443,0.7407427588642105,0.3622410855163954,0.3288747505357896,0.9898626916576692,0.6567642319358566
Mbi2.80Zm0.96T05.5000_iTp0.00_ACFep00_aFem02,-0.062303727861591884,-0.035517767385487835,0.10154375227511771,1.6272315036470788,0.4123998419498538,1.7158808555480722,2.1982920173854277,0.808017245836872,1.274274473917372,1.1959114776585702,0.7553979683380103,0.36770344490128865,0.3347679653204532,1.0059356481303496,0.6542157243841249
Mbi2.80Zm0.96T06.0000_iTp0.00_ACFep00_aFem02,-0.0563158391960247,-0.03038411090609265,0.10209085824317796,1.7231922783956932,0.42520942700066267,1.7488567341684988,2.220207148523064,0.8128419106611081,1.293361525800837,1.2164861103061766,0.770377288424451,0.3723270447526859,0.3411530174113975,1.0167605111901847,0.6477221158507412
Mbi2.80Zm0.96T06.5000_iTp0.00_ACFep00_aFem02,-0.05234224764822529,-0.027076047897885282,0.10398618723200397,1.8030043567806322,0.43753239772337177,1.771803813880956,2.2353147964009388,0.8236928586853579,1.313602323340529,1.2361199596109933,0.7833397057402773,0.37626879522029233,0.3470136317082747,1.0315690889989995,0.6461039809652233
Mbi2.80Zm0.96T07.0000_iTp0.00_ACFep00_aFem02,-0.0492482559996165,-0.024467805898748834,0.1035523701358245,1.8645119228628495,0.4419803298960392,1.7851679961937728,2.240319188973446,0.8210753011186854,1.3219559818702251,1.2481574878064696,0.7935841004512514,0.37823697446953736,0.35153397664310226,1.033662929621548,0.6389408956500056
Mbi2.80Zm0.96T07.5000_iTp0.00_ACFep00_aFem02,-0.04639170107151349,-0.02223216661665659,0.10319259553844265,1.9332976346765451,0.4495600450081718,1.8000776030347332,2.258055688612858,0.8264229243497335,1.3346145390570792,1.2599774663321768,0.8025713036711646,0.38014912488381036,0.3547446073538641,1.0419621632446554,0.6370349732313684
Mbi2.80Zm0.96T08.0000_iTp0.00_ACFep00_aFem02,-0.043511977731129026,-0.019832108501923632,0.1061394277707902,2.005038493095374,0.4608333441640401,1.826946498144922,2.287855548387854,0.8337716883954346,1.35496260597125,1.2756580909050201,0.8158353981928441,0.3828328032584701,0.35979217326115004,1.0541419918846628,0.6338973074951448
Mbi2.80Zm0.96T08.5000_iTp0.00_ACFep00_aFem02,-0.04181907966355597,-0.01846511858992909,0.10944250300647672,2.0600660957670716,0.46636237025411953,1.844591193966313,2.307489594699671,0.8524612428739198,1.371702573442551,1.289532281378874,0.8249026310708636,0.3869322465335495,0.36188992531653186,1.0722453653927422,0.6406508928210486
Mbi2.80Zm0.96T09.0000_iTp0.00_ACFep00_aFem02,-0.03912349897704392,-0.016177396351593584,0.11206126865240541,2.111645017775247,0.47436813025649965,1.8714442252081476,2.3319346665656404,0.8566233585657455,1.3883936390026839,1.3018916943123988,0.8361818534445253,0.3883668606665228,0.3636513943025758,1.081009961964523,0.6368271409413501
Mbi2.80Zm0.96T09.5000_iTp0.00_ACFep00_aFem02,-0.037349538422145494,-0.014729378215990001,0.11319994887248558,2.1581742418413015,0.47891813521963567,1.8911021592894333,2.3484840990888753,0.8645967564150902,1.400433515368322,1.3128579315271856,0.8436044246885744,0.3896142961788401,0.36565563799751183,1.0906921456387115,0.6373047446888495
Mbi2.80Zm0.96T10.0000_iTp0.00_ACFep00_aFem02,-0.038921715021427584,-0.01595783150996054,0.12024308168363614,2.1437029307351896,0.46832330980605097,1.8643791563434076,2.322471375086137,0.8723510770437839,1.3865970814953392,1.3010665843118243,0.8402922726249414,0.3869680819309599,0.365650308981387,1.0902788283249154,0.6491519665514383
Mbi2.80Zm0.96T10.5000_iTp0.00_ACFep00_aFem02,-0.04303920945513062,-0.018845061323852167,0.13035338108416133,2.124928108312192,0.4555438534776654,1.8395591783388237,2.2998882732173764,0.8776211617558954,1.3806060167101295,1.2951721837517391,0.8373989779049696,0.3818185256952462,0.366263836103982,1.0911714187911754,0.6559745210603841
Mbi2.80Zm0.96T11.0000_iTp0.00_ACFep00_aFem02,-0.05098440154699596,-0.02539257977417426,0.12919431136639012,2.027448496528604,0.4476685032923088,1.8159859362252977,2.275149750616548,0.8878977619755904,1.3809656419890826,1.3001832000481073,0.8388056739489304,0.3794594979574938,0.36853455615796,1.098213489743011,0.6623263491041014
Mbi2.80Zm0.96T11.5000_iTp0.00_ACFep00_aFem02,-0.05717757621877629,-0.030808439074787346,0.1352371977145183,1.9575181317561303,0.4394795836044504,1.7920501652203817,2.244934636414653,0.9038248625078126,1.3783031420020981,1.3032961713536386,0.8369701116032627,0.3754508835531823,0.36845725325418877,1.1075931390329035,0.6740938946443656
Mbi2.80Zm0.96T12.0000_iTp0.00_ACFep00_aFem02,-0.063652758603438,-0.03655522060840164,0.13539332850512018,1.8883444022292006,0.434044148489233,1.7764887308024115,2.2299956523017963,0.926524857868199,1.3812564849136046,1.3098485518838279,0.8411009834565579,0.37373324200186686,0.3689858467300777,1.1230509006112788,0.6885831992428033
Mbi2.80Zm0.96T12.5000_iTp0.00_ACFep00_aFem02,-0.06860078709832823,-0.040527408412403716,0.13374983953839914,1.8512941753037064,0.42716445736870146,1.7649660712023012,2.2168560635810555,0.9314901211189209,1.386408136411334,1.3173425769642304,0.8451294573134828,0.3752208586225872,0.37242405589933003,1.1284555794236577,0.6890355064990286
Mbi2.80Zm0.96T13.0000_iTp0.00_ACFep00_aFem02,-0.07224079160035718,-0.04341923005871045,0.13633772269725072,1.8453142191580825,0.4266610194982078,1.7679649960269765,2.223541317146611,0.94808396933404,1.4008063319511281,1.330348750654669,0.8526828670552318,0.3802359542578497,0.37815765867198986,1.1442806082984278,0.6942732584994569
Mbi2.80Zm0.96T13.5000_iTp0.00_ACFep00_aFem02,-0.07262246701835043,-0.043600781034378644,0.13650133852521457,1.868455544444792,0.4274706066896122,1.7683398754993553,2.2265882028991113,0.9526711020745994,1.4091515115658393,1.3391857329915635,0.8577566179137407,0.38211716689755965,0.38128797515677926,1.1505627746483866,0.6932708887609745
Mbi2.80Zm0.96T14.0000_iTp0.00_ACFep00_aFem02,-0.07339018100412531,-0.044465299110768644,0.131454324065369,1.8807393699710198,0.43218187414148806,1.7988094253882676,2.2526596614797523,0.9560030814758288,1.427296413463224,1.355890787116799,0.8719325130827827,0.38684034429784536,0.38916718886184365,1.1599076901978496,0.6869843906127446
Mbi2.80Zm0.66T00.0300_iTp0.00_ACFep00_aFem02,-0.1273950673129222,-0.08050315018836766,0.127132029054225,-0.027113104226464776,0.40255531571041564,0.7905475398599144,1.7707071452761303,0.4376249688009387,0.8618069318214872,0.8679928822069031,0.5633794364500597,0.33664671438666777,0.323822386283733,0.6147407803515634,0.505983369002439
Mbi2.80Zm0.66T00.0400_iTp0.00_ACFep00_aFem02,-0.13193959937531408,-0.08379442282715796,0.10260570446420768,-0.05628909132679793,0.3747990684432052,0.7441442844044657,1.623107028750328,0.42789943156839033,0.8120637717013017,0.826289201350911,0.5248361285998911,0.30387625288256737,0.3134302688975464,0.5909196233171797,0.5223531663890765
Mbi2.80Zm0.66T00.0500_iTp0.00_ACFep00_aFem02,-0.1362079190706902,-0.0876205601081684,0.08595836221133243,-0.1351657969648359,0.32929014885124236,0.7136094701748912,1.472760363776499,0.43138066043660694,0.7643568831918902,0.7691149204497867,0.4810038839834184,0.2790176875251482,0.2909220457124125,0.5747203529995246,0.5626196183225117
Mbi2.80Zm0.66T00.0600_iTp0.00_ACFep00_aFem02,-0.13963678486065217,-0.09113646109218199,0.07549484781513173,-0.20475306824010422,0.2906990250501904,0.6882230166436244,1.3745226549242344,0.4255990715977818,0.7349642240400861,0.7413668149148102,0.4600830864696659,0.26599006497699546,0.28531561556355395,0.5599670291133519,0.5765631966920726
Mbi2.80Zm0.66T00.0700_iTp0.00_ACFep00_aFem02,-0.14279261803993412,-0.09417645824837069,0.0710522023355544,-0.2677374450584351,0.2745819753292223,0.696169387127861,1.3630926161802748,0.43693017286072966,0.7224811242608288,0.7276564335870322,0.456267770048767,0.2567342326543235,0.2770145228883643,0.5624117283409725,0.6026051397622921
Mbi2.80Zm0.66T00.0800_iTp0.00_ACFep00_aFem02,-0.14487003046218508,-0.09626828341737047,0.06948461010647493,-0.3142453635180592,0.25411626556729083,0.7072642588299783,1.3584009336638558,0.4664849620066599,0.7243444960921307,0.7335947967992751,0.4571298448787469,0.25453944588313837,0.27825723990452284,0.5823264119615124,0.6399237118872354
Mbi2.80Zm0.66T00.0900_iTp0.00_ACFep00_aFem02,-0.14718114718420583,-0.09841719611111856,0.0720266539199958,-0.33623557341251337,0.24617019306984828,0.7157793817644517,1.3655817626740312,0.49108240988844204,0.726337771767179,0.7311992242088763,0.4536530269170461,0.25277591926256154,0.2735516608305279,0.5977960923350059,0.6738524116289528
Mbi2.80Zm0.66T00.1000_iTp0.00_ACFep00_aFem02,-0.1476317000960643,-0.09884809236985745,0.06711257819438131,-0.34974977792811046,0.23149253390865818,0.6957026684692618,1.3235282793217034,0.48281271691742095,0.6983656981858491,0.6994155797212039,0.429839373224104,0.2389921979387989,0.25661999039180056,0.580794086632146,0.6908272768402698
Mbi2.80Zm0.66T00.1500_iTp0.00_ACFep00_aFem02,-0.15325212850560532,-0.1042890476910238,0.05362978868071706,-0.45550390568417093,0.2153635820170646,0.7271285121357943,1.3365401238971626,0.46803747903568377,0.692885991943114,0.6693804500195933,0.41884570218645284,0.23673211920592446,0.22945758131030966,0.5667593846107213,0.6871452817429038
Mbi2.80Zm0.66T00.2000_iTp0.00_ACFep00_aFem02,-0.15982160870596696,-0.11042888714311141,0.06026724392243325,-0.4262436866043639,0.1913276488058901,0.761457390019219,1.3102620874981867,0.5148971870402906,0.6760172599192511,0.6666714010607256,0.40416841189795266,0.22427334330853646,0.22387829330373518,0.5888395211947165,0.766964378271411
Mbi2.80Zm0.66T00.2500_iTp0.00_ACFep00_aFem02,-0.16896204915174284,-0.11888226628229698,0.06271472209692489,-0.52181048757065,0.1702420964755761,0.7812825579751191,1.300104907775104,0.49648564741111,0.6698024012058489,0.6611701576292615,0.3939456053638748,0.21784597627839877,0.21419817807491762,0.5756277086701064,0.7460494119362501
Mbi2.80Zm0.66T00.3000_iTp0.00_ACFep00_aFem02,-0.17199801233677203,-0.12195913151814228,0.06967647716815112,-0.515179499596627,0.1654994323817524,0.8235802171470001,1.3732656183233776,0.4998581698531469,0.6908603242209888,0.66729776987262,0.40035514213927964,0.2136419600094375,0.20819011516424088,0.5848370332041531,0.7360824517071206
Mbi2.80Zm0.66T00.3500_iTp0.00_ACFep00_aFem02,-0.1814387901327744,-0.13041725331033452,0.08195799185054917,-0.6724897124836264,0.13342857396122296,0.8062374930667794,1.3047524555677408,0.5140453458379945,0.672014932929161,0.6558018952829071,0.3883035851292347,0.20525164329161155,0.19572503412504952,0.5857581090975698,0.7742714731672242
Mbi2.80Zm0.66T00.4000_iTp0.00_ACFep00_aFem02,-0.1836065954091568,-0.132442686954032,0.08659945509922286,-0.7011880786267268,0.13432232978117767,0.8197489746510075,1.3291785823777744,0.5250096459122933,0.6917104024802891,0.6704656713307171,0.3960612933732781,0.20207065889466835,0.1964383046564442,0.6000263332738753,0.770839623461387
Mbi2.80Zm0.66T00.4500_iTp0.00_ACFep00_aFem02,-0.18853873685231112,-0.13728679625474385,0.08853849525857514,-0.7411146200068388,0.1351229585557253,0.8478095083332232,1.358802429334194,0.5434533532027743,0.7139534775656916,0.6843674749349421,0.4056922745635932,0.20537843740870368,0.19752005639918965,0.6192724763457065,0.7772941572975938
Mbi2.80Zm0.66T00.5000_iTp0.00_ACFep00_aFem02,-0.18889378050643874,-0.13769129836183686,0.0884361016216377,-0.7337120977537439,0.13528901226342882,0.8713566518054521,1.3762319915563375,0.5597390079880197,0.7353112926951567,0.6981959451401201,0.40998360483614527,0.20689779796956756,0.19654065036825277,0.6369972051316483,0.7809364239182709
Mbi2.80Zm0.66T00.6000_iTp0.00_ACFep00_aFem02,-0.18758415437139248,-0.13673305642152728,0.09328677144161172,-0.6646389731181782,0.14467602860815465,0.9266824483555043,1.4175618243205428,0.5798550351157659,0.7650871703801686,0.7106121120929517,0.41530676357350116,0.20370834436602914,0.19413413483546255,0.6593899527088016,0.785871541719514
Mbi2.80Zm0.66T00.7000_iTp0.00_ACFep00_aFem02,-0.19023393779173156,-0.14016865439607373,0.09446591402860349,-0.6853830493556036,0.15407462401538607,0.961080527795362,1.4406184607949004,0.605903094807185,0.7929671504689556,0.7347283103787358,0.4191324545372042,0.20971432446267477,0.19423565670949142,0.6859889681211749,0.7932249723004086
Mbi2.80Zm0.66T00.8000_iTp0.00_ACFep00_aFem02,-0.18901544804593332,-0.1398186721750927,0.09816438262939026,-0.7048568147584792,0.1759841454065451,1.0106407800747075,1.4973817734944845,0.6332352327489972,0.831256313449725,0.763426122560469,0.43901196109705604,0.21569011439540334,0.20321562175895108,0.7171848398015418,0.7941834918973789
Mbi2.80Zm0.66T00.9000_iTp0.00_ACFep00_aFem02,-0.18621610279791478,-0.13847646473980496,0.09589930183567978,-0.6768855035204454,0.18615023697370975,1.0175274652920423,1.495969960101386,0.6488155486157184,0.8495191423480792,0.7940509582039998,0.44776025510212963,0.22814593654793883,0.21074698389913962,0.7355979980334363,0.789519775758612
Mbi2.80Zm0.66T01.0000_iTp0.00_ACFep00_aFem02,-0.16554143307300567,-0.1201176994173975,0.1012803110875552,-0.343803461334445,0.21585288269934155,1.1218987280523485,1.6252782728700732,0.696533920699391,0.9185644575004102,0.8563049515364165,0.4811293110358273,0.24758367161429465,0.22178314766090446,0.7922555539828646,0.784884698731025
Mbi2.80Zm0.66T01.2500_iTp0.00_ACFep00_aFem02,-0.13432891381460926,-0.09333082046301219,0.081753725750442,0.2913868781734911,0.3203607522615174,1.4153511030458148,2.037478840429492,0.7785517347617122,1.1425023727644052,1.0477497469760664,0.6287047041924356,0.33994049031649604,0.2949718756345477,0.9321167600437691,0.7109243066081038
Mbi2.80Zm0.66T01.5000_iTp0.00_ACFep00_aFem02,-0.10940170296899956,-0.07080699169207524,0.11455018172618335,0.7484357533421149,0.38347922008745916,1.6070972862533368,2.27746050601484,0.8497092892013755,1.2917541415973848,1.1664954603888877,0.7113171520417677,0.3825518387008994,0.3365788408937326,1.0333509197200987,0.6913124594954132
Mbi2.80Zm0.66T01.7500_iTp0.00_ACFep00_aFem02,-0.08979587469084767,-0.0540137605133451,0.09530836359481892,1.1017936448832288,0.4266163025531542,1.7180689249284011,2.3557790992118384,0.892580985629339,1.3511345497476024,1.2332132527424577,0.7652641309500988,0.40785582523841357,0.3615562670785182,1.0846777410961543,0.6907591809193198
Mbi2.80Zm0.66T02.0000_iTp0.00_ACFep00_aFem02,-0.08373668730207375,-0.048974725032112906,0.12028716947471302,1.2056974558960232,0.43714563755444935,1.75821702630275,2.3858052407401584,0.9250429247486534,1.3815085311814619,1.2594176716975987,0.7807678263862722,0.4041338416707544,0.3644434877653343,1.1163922662942214,0.7005443194438364
Mbi2.80Zm0.66T02.2500_iTp0.00_ACFep00_aFem02,-0.07471278339886314,-0.04123181516927864,0.12659197135400302,1.3651492302692905,0.4616713691651607,1.8222761405358565,2.455516728362586,0.9483067274366157,1.4206519995177076,1.2920617332325304,0.8025155835761667,0.4098208352564509,0.3733253841399895,1.145892579782509,0.6991572431604799
Mbi2.80Zm0.66T02.5000_iTp0.00_ACFep00_aFem02,-0.06397672689770074,-0.03195925166960349,0.1282667775694737,1.536560363317052,0.49212929639762404,1.9002748591103855,2.5505239577050958,0.962287345577134,1.4733286337892326,1.3304221740642659,0.8279130392189911,0.41754475301503496,0.3822830283128576,1.1744193111445962,0.6864285819422332
Mbi2.80Zm0.66T02.7500_iTp0.00_ACFep00_aFem02,-0.05546582586470055,-0.024588297125121457,0.13020674912143007,1.6740805271715864,0.5139993033804998,1.9502089426587597,2.5971613229943427,0.9875334524292546,1.5070782821655793,1.3553054187156797,0.8455088993667067,0.4239976720258632,0.3895765272056064,1.2026319473206897,0.6900077387425151
Mbi2.80Zm0.66T03.0000_iTp0.00_ACFep00_aFem02,-0.057327289106378285,-0.026530125910009937,0.14193853051730157,1.6750687607060932,0.5101930379198414,1.9373285261914508,2.5858514304891504,1.0081000471383181,1.5048118043195775,1.3595221025481095,0.8469534251121852,0.42533177804554057,0.3897341029900887,1.214903376985839,0.7038984140230586
Mbi2.80Zm0.66T03.2500_iTp0.00_ACFep00_aFem02,-0.049132752515607,-0.019308593556536604,0.14822452122748433,1.7781940083614325,0.5283391492146636,1.9879287944149278,2.639790746846515,1.0226626473315499,1.5350947459194313,1.380648645702687,0.8617645450956906,0.4286455564122624,0.3931360193794867,1.2351757383489061,0.7014764401215781
Mbi2.80Zm0.66T03.5000_iTp0.00_ACFep00_aFem02,-0.04299192708771418,-0.014183675788045668,0.15068541237619273,1.9057180437072145,0.5470474793236744,2.0387801066620557,2.697227938722952,1.0348107960709991,1.5655839779895713,1.4078361677983204,0.8787478160685669,0.4379810424378772,0.40268806579670324,1.254741504935379,0.6960407512788924
Mbi2.80Zm0.66T03.7500_iTp0.00_ACFep00_aFem02,-0.038787955551092865,-0.010610197310583777,0.15960668610820047,1.9877771573272562,0.5642412449966374,2.073548227660763,2.7369054302447324,1.0589689941409937,1.5936737729651915,1.4339240391463246,0.8942972349238485,0.4469982300460918,0.4082402279925597,1.280735534044255,0.6995440344848476
Mbi2.80Zm0.66T04.0000_iTp0.00_ACFep00_aFem02,-0.036839816735531085,-0.009191591325497347,0.16461291493368416,2.0267061806693274,0.5671151167070204,2.0779808952296377,2.7349349786417467,1.0658709636239967,1.5966873600933476,1.4410802744578597,0.8990972771325995,0.4473294312034963,0.4105543932716516,1.2866323151162131,0.7017462109352324
Mbi2.80Zm0.66T04.5000_iTp0.00_ACFep00_aFem02,-0.032477556473195765,-0.0057146989982716475,0.16644261581595424,2.1329299230795753,0.574794124825138,2.095020219072664,2.728402433430661,1.0902558248975056,1.6078436866898729,1.4576404821613491,0.9135294597872219,0.45049270691432847,0.4189907484259427,1.3065634954776502,0.7113106868896828
Mbi2.80Zm0.66T05.0000_iTp0.00_ACFep00_aFem02,-0.028151222319077466,-0.0020578535709727818,0.1663209896006534,2.2147967834742355,0.5761076734194968,2.0859765656213214,2.7159496551807827,1.118937906942478,1.6112691971327493,1.4679982776221658,0.9186499471549268,0.45117046131543365,0.4233456739912612,1.3259046079472667,0.7267559028996249
Mbi2.80Zm0.66T05.5000_iTp0.00_ACFep00_aFem02,-0.025982919083103642,-0.0005595464743462509,0.17234512739397972,2.2839157307789484,0.5757326599373846,2.0914446146494785,2.701180667766372,1.1449849000157735,1.6213008365249268,1.478123372409175,0.9243709583390732,0.45181603874146975,0.42579845028515306,1.3455344241460934,0.7388371664100385
Mbi2.80Zm0.66T06.0000_iTp0.00_ACFep00_aFem02,-0.02355931264893453,0.0012316978474792295,0.18007242767476797,2.382500802703291,0.5911823475356326,2.1323821446783042,2.744255670122625,1.17615021655451,1.6478908171517466,1.4987537197484244,0.9400111046174852,0.4553885368470399,0.4293560138590713,1.3744282466601125,0.7475583611443837
Mbi2.80Zm0.66T06.5000_iTp0.00_ACFep00_aFem02,-0.021618306253050366,0.002527432141263741,0.18615426037211996,2.4676888192182402,0.6020322154419958,2.156774041860293,2.7684302477990963,1.195055172683725,1.6675630180953502,1.5176691865129168,0.9525542500000892,0.4566890230640966,0.4341906494579382,1.3937980552758928,0.7503724035910266
Mbi2.80Zm0.66T07.0000_iTp0.00_ACFep00_aFem02,-0.019137073556127367,0.004328892175556095,0.1922726261763703,2.556643148264816,0.6134240161635525,2.185176429077707,2.7955244693205556,1.2201559200611336,1.686444943113622,1.5334889503107514,0.9654073302528331,0.4603824729146427,0.4378369337407877,1.4161459445839675,0.7578763791100741
Mbi2.80Zm0.66T07.5000_iTp0.00_ACFep00_aFem02,-0.0178502333081003,0.005290371980949334,0.19616268158474925,2.619381591722001,0.6187153874033513,2.2050665427891056,2.8117026490442076,1.2341502272103253,1.7014631331376044,1.5475791270197636,0.9732712405972958,0.46446234225679417,0.44131354167708614,1.4306238630890173,0.7597009385470714
Mbi2.80Zm0.66T08.0000_iTp0.00_ACFep00_aFem02,-0.016418379548850785,0.0063395456240335005,0.20332958679672253,2.6867912220836696,0.6275527569417791,2.2330530177167027,2.845406684001647,1.250445668666587,1.7194224728874687,1.5650551443971932,0.9834432359084124,0.46690832401506727,0.44635173145049556,1.447755696168288,0.7614274258323936
Mbi2.80Zm0.66T08.5000_iTp0.00_ACFep00_aFem02,-0.015425438515988007,0.007034857099154279,0.20967298780410593,2.745140157723327,0.6352916602257783,2.256824171197257,2.8782994195762113,1.2615515463127365,1.7367851788436797,1.57972741189123,0.9923527103800543,0.46900233950991504,0.4513538654886909,1.4613575252930702,0.7607699424009652
Mbi2.80Zm0.66T09.0000_iTp0.00_ACFep00_aFem02,-0.014698475582083648,0.007631283816995295,0.22013536969432093,2.7994056752149907,0.6425522629918599,2.285479523783719,2.915314374033115,1.2794610446719041,1.7568514599937257,1.59696273109242,1.0031681796204222,0.47251313316155447,0.45611358545645914,1.4800483141795608,0.7629886283339661
Mbi2.80Zm0.66T09.5000_iTp0.00_ACFep00_aFem02,-0.013329900008106396,0.008783621352094154,0.22989273214911357,2.8597415405016147,0.6506460157733645,2.3115451525599,2.9431193643626448,1.2976381773011374,1.7743982406474017,1.6139373834783193,1.0138706178933448,0.4742014080235106,0.46111711217002505,1.4980738503882312,0.7659442990603753
Mbi2.80Zm0.66T10.0000_iTp0.00_ACFep00_aFem02,-0.011995974823462178,0.010066983674904478,0.23292386708710097,2.9021058554690535,0.65474721930274,2.3240757553259432,2.96065785568605,1.3145116458537753,1.7846230970176096,1.6249981605152648,1.0220953377686974,0.47801085369390217,0.46259615971787066,1.5123345429662707,0.7710602125967073
Mbi2.80Zm0.66T10.5000_iTp0.00_ACFep00_aFem02,-0.010641457403404981,0.01120831462081625,0.2356849153960232,2.9497061275738172,0.6592124794663625,2.345105083399488,2.9702066449398443,1.324140517855426,1.7977377120774745,1.638143066139971,1.0306893428843082,0.4802998255846819,0.46593360788494864,1.5235767583700128,0.7707720979436299
Mbi2.80Zm0.66T11.0000_iTp0.00_ACFep00_aFem02,-0.009823352438093253,0.011881554516692565,0.24346047470431537,2.9992758266075707,0.6652269416713675,2.365353895447488,2.986694820398537,1.3411975978306778,1.8123432304382487,1.6522460040982023,1.0398404355756015,0.48164753873276867,0.47000282808314225,1.5396714658654342,0.7742318104905876
Mbi2.80Zm0.66T11.5000_iTp0.00_ACFep00_aFem02,-0.009603125542760025,0.012215410394020696,0.25132600705374325,3.0084583689452558,0.6667525081418544,2.3699313194078337,2.9968776695486614,1.3629835087225264,1.821168956267537,1.6608765020522294,1.0462964733510218,0.4826566959432327,0.47044542595014816,1.5559723589842442,0.7828637075750432
Mbi2.80Zm0.66T12.0000_iTp0.00_ACFep00_aFem02,-0.009468520039570664,0.012397814006764213,0.25903004497669063,3.018901192464774,0.6679697951192869,2.3754854403739873,3.0047358002612827,1.3765901868379538,1.8272381819223158,1.6685572283645518,1.0498881124419417,0.48021470958884527,0.47106826515699024,1.5665871600610946,0.7875690795789388
Mbi2.80Zm0.66T12.5000_iTp0.00_ACFep00_aFem02,-0.009482824709906993,0.012377312754730781,0.26655108541993433,3.0360512751290987,0.6698665978928054,2.3825394197237677,3.0141289953937567,1.391065111504252,1.8353955802575237,1.6767409430973792,1.0564992026992521,0.4828028358980232,0.472973141254737,1.578403958736935,0.7921475160512628
Mbi2.80Zm0.66T13.0000_iTp0.00_ACFep00_aFem02,-0.009941656239404718,0.011953520905069508,0.27387102319127976,3.053744066059209,0.6737645244217936,2.388269760904912,3.0282112633955873,1.407765732554958,1.8436518179801304,1.684954282086215,1.064836865008295,0.48442078134176725,0.4741753996942101,1.5915009724504776,0.7979160567276063
Mbi2.80Zm0.66T13.5000_iTp0.00_ACFep00_aFem02,-0.010382678045991094,0.011525431728381717,0.2800561222214998,3.0646910690739366,0.6749352571877492,2.3931498017244377,3.029675670001255,1.4223413947324448,1.8499423181316361,1.6914303443364047,1.0687524055308917,0.48486839007530846,0.4746197400262567,1.6025358832852408,0.803271234234463
Mbi2.80Zm0.66T14.0000_iTp0.00_ACFep00_aFem02,-0.01937781468530499,0.0039396777059925656,0.28974427979055123,2.91377880064719,0.6436293869173507,2.3201703860952203,2.9277940432654175,1.4327703995512628,1.8098607627794439,1.669060241233493,1.0545267906170586,0.4731455564459299,0.4673141094261403,1.5926798732815644,0.8236866533609482
Mbi2.80Zm0.35T00.0300_iTp0.00_ACFep00_aFem02,-0.13860491417315138,-0.08887081828483136,0.1427895749466207,-0.08428266523925725,0.38536289777600985,0.7529070491785247,1.6705626495255723,0.4718759756987568,0.8495890203246417,0.8663198491726722,0.5518696223692784,0.32211249073987186,0.3532690688604429,0.634910397805058,0.5500012082075149
Mbi2.80Zm0.35T00.0400_iTp0.00_ACFep00_aFem02,-0.1412403127941429,-0.09139250523530432,0.1230832284690904,-0.1303185048497531,0.33543546460848245,0.7632162320978138,1.6219446365812744,0.4595704873587001,0.8058013233971677,0.8161518230714035,0.5044085592982704,0.29952639715876356,0.32721148127336747,0.609634649998043,0.566687747250047
Mbi2.80Zm0.35T00.0500_iTp0.00_ACFep00_aFem02,-0.1467218529223612,-0.09693771690356653,0.10844288313324013,-0.27622972502205434,0.289136921399214,0.7309649485536418,1.5212685543510718,0.4473316724176177,0.757378894864595,0.7681550642770564,0.46891302388196543,0.28614162087300676,0.296201885310284,0.5832232109763252,0.5864591472867781
Mbi2.80Zm0.35T00.0600_iTp0.00_ACFep00_aFem02,-0.1483593202577772,-0.09835476258730046,0.10926399284123509,-0.28629826710697115,0.281849450841787,0.754446949457459,1.5434365910060066,0.4672719542103728,0.7734998644714337,0.7757344726371442,0.47670338044020205,0.2829794634358415,0.2963245151133368,0.6014375784533931,0.6032295347680822
Mbi2.80Zm0.35T00.0700_iTp0.00_ACFep00_aFem02,-0.15239122205349687,-0.10211804398848714,0.11184516262496082,-0.3587851154737818,0.2656144890491605,0.7581803512824097,1.5130502095684182,0.49607150372631026,0.7652587987419743,0.774801460640974,0.4777179356230037,0.276792651925278,0.29809010113080564,0.6172103036812508,0.6442234980143826
Mbi2.80Zm0.35T00.0800_iTp0.00_ACFep00_aFem02,-0.15377067698741861,-0.1035188444256275,0.1132246372581866,-0.333970862072416,0.25266749138389494,0.7654261231188266,1.4927500736204424,0.4940474265441515,0.7638451781247394,0.7703517149088585,0.4694649554956635,0.27120437883715715,0.2897077331506703,0.615041311703353,0.6440469652721845
Mbi2.80Zm0.35T00.0900_iTp0.00_ACFep00_aFem02,-0.15491892513336447,-0.10437218854261547,0.11444012033514096,-0.32461468328976056,0.25287689233337335,0.7702455107578391,1.490446887657169,0.4973939922349129,0.7643549186673196,0.7647233544584313,0.4749780504006247,0.2680991337372556,0.2885272854771042,0.6166334864812782,0.6505801579642317
Mbi2.80Zm0.35T00.1000_iTp0.00_ACFep00_aFem02,-0.15759789140849045,-0.10674842432639489,0.11113349769774539,-0.35116976605282946,0.2383586546711426,0.7475348120558952,1.4478062783298709,0.4976066045551376,0.7444149610269062,0.7457188562138193,0.45844378312313117,0.2580031886310304,0.2799434739160486,0.6087753876895052,0.6678683468529741
Mbi2.80Zm0.35T00.1500_iTp0.00_ACFep00_aFem02,-0.16654893296819076,-0.11486004335578764,0.09636756504479445,-0.42184269221557125,0.20561605471064462,0.8104975385975387,1.4639880178144344,0.5114731342575874,0.7539831209154334,0.7409929221789027,0.45221014868892406,0.24994555400087293,0.260217847616993,0.6195012118522946,0.6842559606492804
Mbi2.80Zm0.35T00.2000_iTp0.00_ACFep00_aFem02,-0.1776356016736993,-0.12458891618585584,0.08245284824953325,-0.5284203946436752,0.15566316084211135,0.8051278313864593,1.3716265873846263,0.5564053850661632,0.7271403877914344,0.7151153291591336,0.43667549488039,0.25660978003542095,0.24394548290449583,0.6345954627951595,0.7715766053506772
Mbi2.80Zm0.35T00.2500_iTp0.00_ACFep00_aFem02,-0.18530366707791224,-0.13140577716227622,0.09017111210788453,-0.611543970227577,0.12714206793091293,0.8097430519208378,1.3341833237384177,0.5851094987084049,0.7342822511222342,0.7125330167730979,0.43291732479067524,0.2590243043792016,0.23313883588010176,0.6527421607760306,0.8088240588718115
Mbi2.80Zm0.35T00.3000_iTp0.00_ACFep00_aFem02,-0.18954003260406718,-0.13532397585035344,0.0897277458814376,-0.6927276901471981,0.12002741963961108,0.8298931565589356,1.3531212669621613,0.5794391285646179,0.7473049442249657,0.7201584450655112,0.4428765115191076,0.2516248694060524,0.23382872510623723,0.6546857241341947,0.7897152771147203
Mbi2.80Zm0.35T00.3500_iTp0.00_ACFep00_aFem02,-0.1948565893436352,-0.14049144588691445,0.09264123081738868,-0.7477240528337137,0.11761859783985874,0.8658703487379555,1.3738405969322087,0.6080753251321047,0.7668380844374025,0.7316344660864665,0.44244364434533223,0.2524473523324914,0.22987568748507575,0.678455238795511,0.8115935456001784
Mbi2.80Zm0.35T00.4000_iTp0.00_ACFep00_aFem02,-0.19947767433832395,-0.1448727188789537,0.10242316165542859,-0.8026297991330713,0.11663801651628564,0.8917826695526406,1.3858347548494676,0.6344716795597457,0.7891740977296011,0.7464391737996277,0.43995371312906434,0.249641197769039,0.22563230609729024,0.7022226623673353,0.8263430530629784
Mbi2.80Zm0.35T00.4500_iTp0.00_ACFep00_aFem02,-0.201000304298888,-0.1462589389765047,0.11077373595352563,-0.7818431419010198,0.1262313389582732,0.9360630526689926,1.4434649392424508,0.653063238368176,0.8298923631183243,0.7654494657778439,0.45851623532166375,0.24709438573355794,0.23371160399468058,0.7281403118434733,0.8187126126067121
Mbi2.80Zm0.35T00.5000_iTp0.00_ACFep00_aFem02,-0.19783545854896573,-0.14400574542804323,0.12012745190623442,-0.7185999533655328,0.1357729960406121,0.9866820847756866,1.5286363877226616,0.6928177914307269,0.872735765620617,0.7987013230121288,0.47614219003454494,0.2597606763916676,0.24210255993376137,0.7683000712709139,0.8290085174518408
Mbi2.80Zm0.35T00.6000_iTp0.00_ACFep00_aFem02,-0.19877086282060735,-0.1461891444741103,0.13476000963460324,-0.6719910760175452,0.18106320784991017,1.0827624502075974,1.638881564761908,0.7475761940342568,0.9484514500398225,0.8539839525337407,0.5008124589137162,0.26891900202674485,0.2556462252202597,0.8302202494629314,0.8295178767204067
Mbi2.80Zm0.35T00.7000_iTp0.00_ACFep00_aFem02,-0.18940390281446087,-0.13846334015560197,0.15935581346787828,-0.5278779685793811,0.19195262385605355,1.1893693909946166,1.7831686670115623,0.8189693656004099,1.030116541936407,0.9261419926740657,0.5186302354833561,0.28573216443733407,0.2539260157451382,0.905423292754674,0.8372813215748929
Mbi2.80Zm0.35T00.8000_iTp0.00_ACFep00_aFem02,-0.17636829523488312,-0.12697225815219332,0.17543522225025912,-0.34585486147128475,0.23372211998528203,1.3183071394193984,1.964503271630178,0.8555080346491722,1.1190627374462248,0.9920546080472782,0.556769153463383,0.3117563767455392,0.26980412550661986,0.9627789726178618,0.8104789025350795
Mbi2.80Zm0.35T00.9000_iTp0.00_ACFep00_aFem02,-0.16100878413854702,-0.11356708685003476,0.18259437123137243,-0.13385722909652445,0.27541463467049176,1.4357019178169934,2.102054947319721,0.880695294137999,1.1992140204515616,1.0524794094750982,0.5970435216285148,0.33811391843429445,0.28554108895004626,1.009929784535163,0.7822515111807953
Mbi2.80Zm0.35T01.0000_iTp0.00_ACFep00_aFem02,-0.14709933275097875,-0.10172935775430837,0.19911300728664155,0.05546138595954295,0.31931258974781823,1.5516900808124872,2.2366793562904714,0.9266032034960328,1.2788223445583238,1.1140653293199854,0.6391620606812988,0.361748509082817,0.3029204332362944,1.0687445229318975,0.774464437767968
Mbi2.80Zm0.35T01.2500_iTp0.00_ACFep00_aFem02,-0.1048148900464717,-0.06404770277627088,0.22225973450970743,0.8349940295511165,0.4559909174929792,1.8582273119070847,2.6561146524936685,1.0544884064868287,1.5384325422938512,1.3531011958480559,0.8242170138202829,0.46096140238784905,0.4028276403486393,1.2520139569026105,0.7293626856759006
Mbi2.80Zm0.35T01.5000_iTp0.00_ACFep00_aFem02,-0.06413573780888725,-0.02622990968191869,0.27040520656613365,1.6117808077794553,0.6056945750555195,2.184315804348621,3.09767067224142,1.1533387610051804,1.847855150205199,1.6661089441201713,1.0727311853853825,0.571759002885926,0.5575753773238077,1.4396217507020814,0.6564317278413196
Mbi2.80Zm0.35T01.7500_iTp0.00_ACFep00_aFem02,-0.05171361447829266,-0.016348310877310413,0.27970003306116603,1.799748260132457,0.5936937259900776,2.1707743646900406,3.004895104486629,1.213931955644571,1.7765326648322668,1.601640022695168,1.0009229123098646,0.5454674020184217,0.5021968741423155,1.448151786691934,0.7186914749068537
Mbi2.80Zm0.35T02.0000_iTp0.00_ACFep00_aFem02,-0.03681776466897056,-0.003211095335768871,0.2931748422099747,2.125168548949768,0.6388418256941222,2.248679049286892,3.1298314476688343,1.2854492942752043,1.841483942572272,1.6642940093987342,1.051376914119304,0.5657369146743472,0.5263097822769153,1.5176821160982563,0.7333318378321727
Mbi2.80Zm0.35T02.2500_iTp0.00_ACFep00_aFem02,-0.03200540122892341,0.0005904180745811015,0.3173037670699469,2.2118792684428716,0.653842618235678,2.3004176884025354,3.1823091771362617,1.3288053444771941,1.859113252663622,1.6793143561959019,1.0622354278623918,0.564186130814031,0.5308012371980235,1.5503234051164057,0.7510710922275916
Mbi2.80Zm0.35T02.5000_iTp0.00_ACFep00_aFem02,-0.02707954076520013,0.004546288733549442,0.32438970239366544,2.311929120662625,0.6580180722504214,2.3264684280409362,3.184117088000604,1.3720155636917821,1.8806090983597157,1.6936005249425063,1.0741302573273446,0.5670417888877289,0.5347424545286524,1.5837875247815538,0.7677308878286625
Mbi2.80Zm0.35T02.7500_iTp0.00_ACFep00_aFem02,-0.021623218121985914,0.009183441340565347,0.3376509469955259,2.4048358292251035,0.6777734700961406,2.3711492676402326,3.2395435481483603,1.4258884055728918,1.9233460178905564,1.7170303546000565,1.0945399519550643,0.575870687390449,0.5419703021699829,1.6309829905324624,0.7833741677635111
Mbi2.80Zm0.35T03.0000_iTp0.00_ACFep00_aFem02,-0.016243509954975484,0.01324904628865987,0.3541969591221667,2.55567845773228,0.7039473604512764,2.435510247836819,3.2941851264823647,1.470055988936109,1.9627254920334294,1.7579710125999903,1.1164320847756812,0.5861893208744359,0.5488628669726553,1.6736296515509574,0.7902047302731807
Mbi2.80Zm0.35T03.2500_iTp0.00_ACFep00_aFem02,-0.013275154100620015,0.01567445199920097,0.35870698877031115,2.649953781007997,0.7147512407544742,2.457106911652268,3.3175096801815838,1.4976714853905293,1.9847717937361227,1.7769843819799789,1.1307755066045053,0.5917991214268349,0.5530804738339686,1.6986467795380906,0.7962618603824992
Mbi2.80Zm0.35T03.5000_iTp0.00_ACFep00_aFem02,-0.012315932124816721,0.016122863468999486,0.365410285425353,2.7129166037832477,0.722392649977862,2.475873786714695,3.3336240490285944,1.518121758384024,1.9985823381972987,1.7913909195443756,1.1388302746896926,0.5890252909988585,0.5551602062710563,1.7163972818998665,0.801125314160462
Mbi2.80Zm0.35T03.7500_iTp0.00_ACFep00_aFem02,-0.011036168382277979,0.016904731591278612,0.37184368390708944,2.7905017976053994,0.730809754292614,2.4883381081895335,3.3405163475327955,1.5330344312461655,2.0197929009138003,1.8095429452797602,1.1482983767956887,0.5930632889526956,0.5568582339008791,1.7338288102243662,0.8006790173653917
Mbi2.80Zm0.35T04.0000_iTp0.00_ACFep00_aFem02,-0.00815821521348905,0.019325771182802733,0.3779845169757349,2.872883527610318,0.7422621160601487,2.510029706360403,3.3599966508701655,1.5563496592886257,2.039567505939147,1.8258662387801001,1.1603157689883963,0.595661038554513,0.5608795704250569,1.755321595193153,0.8052652106195477
Mbi2.80Zm0.35T04.5000_iTp0.00_ACFep00_aFem02,-0.0035173491370659974,0.02321877606239286,0.3927934118397172,3.031825564063121,0.7641821501820203,2.555265697534276,3.4122530972127287,1.6029070696754566,2.0852975919841548,1.856603050490415,1.1838321754978502,0.6020694950319653,0.568801860797704,1.7999713734692524,0.8132660942307337
Mbi2.80Zm0.35T05.0000_iTp0.00_ACFep00_aFem02,-0.0024242788297682088,0.02395269018286437,0.40630305379844783,3.119802640390918,0.7716132701785994,2.5690528717754755,3.428421467263681,1.6437172424260738,2.1046067099947265,1.8734991639086886,1.1933309891733141,0.6000226050447514,0.5680364070136092,1.8311234828389242,0.826381848310748
Mbi2.80Zm0.35T05.5000_iTp0.00_ACFep00_aFem02,0.0009049347004115838,0.026641855886736558,0.41848709538439205,3.243600373873864,0.7891611039789563,2.606807003289155,3.4587075588133036,1.685125183376281,2.134648616853435,1.9025702185137625,1.2136738453141727,0.6062085573571293,0.5751508574550886,1.8675244091904986,0.8347950666503883
Mbi2.80Zm0.35T06.0000_iTp0.00_ACFep00_aFem02,0.003681064996223144,0.029098630944232408,0.4292427701154512,3.344133749299882,0.8040401444604683,2.6366861522049887,3.4859567981756574,1.7307040244976826,2.159184378952885,1.9296599635570972,1.23148967465368,0.6143521971998959,0.5830107484739262,1.9041224283226685,0.8465492347088326
Mbi2.80Zm0.35T06.5000_iTp0.00_ACFep00_aFem02,0.005072034701158215,0.030100932168558588,0.4448764533668913,3.424402162588427,0.8135905670680506,2.6595815790349273,3.502234505087462,1.7757304657515989,2.1775864894426546,1.9471801003129017,1.2407563878149224,0.6149442868009742,0.5858508333435042,1.9370719064096638,0.8610089454088761
Mbi2.80Zm0.35T07.0000_iTp0.00_ACFep00_aFem02,0.007802068183868124,0.03253597124659595,0.4547635434423585,3.508721926645509,0.8268482013061618,2.687793562302313,3.529492436223368,1.8122956909048287,2.2026290996499878,1.9703715695392292,1.2565391000477384,0.620655052938065,0.5931482091649215,1.9682372357206528,0.8685815481821834
Mbi2.80Zm0.35T07.5000_iTp0.00_ACFep00_aFem02,0.010483494972128147,0.035018608954864694,0.46362466395236507,3.585959568661997,0.8391213545269344,2.7158578336574752,3.549710745119266,1.842275661656052,2.2300367608102354,1.9967164132363036,1.2731023036861522,0.6260934923957903,0.6001936841810557,1.9969945262022406,0.8717214305146305
Mbi2.80Zm0.35T08.0000_iTp0.00_ACFep00_aFem02,0.012955465997771616,0.037259865898208566,0.4717255487411707,3.6561843667359253,0.8481511915574788,2.7389318805660583,3.5701785884968498,1.8715489798793257,2.245985249424239,2.0140095181723527,1.2850364464032658,0.6275064004690158,0.6039812802252259,2.0203733066671625,0.8786625721304434
Mbi2.80Zm0.35T08.5000_iTp0.00_ACFep00_aFem02,0.015118070731209429,0.03912772506094782,0.4854062610127787,3.7283242667218373,0.8574878536805567,2.759238171160038,3.592475584497444,1.9056926508847962,2.2690223807250423,2.03296460035313,1.2960627630954962,0.6304739108197246,0.6074683797905948,2.048926615087504,0.8859592831251143
Mbi2.80Zm0.35T09.0000_iTp0.00_ACFep00_aFem02,0.01734195559490045,0.0411134044395136,0.4938997950340868,3.798516601247756,0.8633441169044304,2.784620615199744,3.6143821423997418,1.9393974109734762,2.286327409110653,2.0503382082599244,1.309963182580539,0.6297290345379193,0.6123748044285449,2.0750778157036827,0.8944186995673318
Mbi2.80Zm0.35T09.5000_iTp0.00_ACFep00_aFem02,0.018482866378706393,0.042041943644408594,0.5089961060272973,3.8594691301026867,0.8722198526185483,2.805308852469784,3.6348774386460634,1.9617113024551263,2.3128571455469946,2.072981066968358,1.323984202034368,0.634632445393513,0.6161242743879544,2.098904254918139,0.894566195742114
Mbi2.80Zm0.35T10.0000_iTp0.00_ACFep00_aFem02,0.02002154092995804,0.04335238866710686,0.5139481301799182,3.9069085131841126,0.8766917936125449,2.820152889531531,3.644550482917746,1.974041505163676,2.321338120214794,2.0821420197926823,1.3311597352513578,0.6312279660625637,0.6173974902787385,2.1095512670690884,0.8965824495169971
Mbi2.80Zm0.35T10.5000_iTp0.00_ACFep00_aFem02,0.02113834206442399,0.044313012238997924,0.5192200723870813,3.939926433437084,0.8794320610796442,2.833388029549112,3.6554034166155853,1.986729611091545,2.3229913118847527,2.0865485370690413,1.3371403763546297,0.629828290228322,0.6179442743646029,2.117457490542473,0.901105185187482
Mbi2.80Zm0.35T11.0000_iTp0.00_ACFep00_aFem02,0.02228701510483925,0.04538209509375736,0.5214979114917934,3.9725682711804424,0.8842060369078318,2.8421195044767407,3.6584509329196173,2.0033157991007395,2.334812714973801,2.098620751218604,1.3431838993388985,0.6289656962426621,0.621111402744517,2.1318725135235246,0.903731076321423
Mbi2.80Zm0.35T11.5000_iTp0.00_ACFep00_aFem02,0.02333809014642025,0.04625721085187468,0.5225749059429209,4.011171072759161,0.8861752663573564,2.8548900688261853,3.654988653393895,2.0060658374335976,2.340345959517555,2.1060644531233708,1.3492229071552713,0.6292014640744519,0.6232800835266379,2.1361864435939015,0.9023304874109016
Mbi2.80Zm0.35T12.0000_iTp0.00_ACFep00_aFem02,0.025330327493262174,0.048185321689503166,0.5275304170248365,4.064301018524148,0.8930780195357761,2.87161326417177,3.6568329681518295,2.0159685787348383,2.353566186085435,2.1218823738116157,1.3586852769248599,0.62992938227926,0.6285535345794185,2.1480075975452886,0.900901240067526
Mbi2.80Zm0.35T12.5000_iTp0.00_ACFep00_aFem02,0.026871837600120074,0.04952116540331891,0.5272779657696849,4.129790597296996,0.901822499851725,2.887073265418865,3.660342126057008,2.0239782754561015,2.369904841380142,2.136035711774648,1.3671422386086485,0.6302940617731663,0.6298821775289427,2.159652523744889,0.8983599546332376
Mbi2.80Zm0.35T13.0000_iTp0.00_ACFep00_aFem02,0.02770493296560726,0.050327950625701744,0.5315791263566491,4.164180991139238,0.9046999754854381,2.8957836568419237,3.670604411841416,2.044445744188565,2.3752084106658105,2.142969752178621,1.371446293919724,0.6276080826852828,0.6308234614913136,2.1732558322462054,0.9049867758651989
Mbi2.80Zm0.35T13.5000_iTp0.00_ACFep00_aFem02,0.02934913603323902,0.05193557475040747,0.5381637448022091,4.209028412786266,0.9115122587114273,2.9115437555768082,3.6866714750313276,2.067023629638464,2.388101123869976,2.15580599452307,1.3806656117879954,0.6288920999060931,0.6354988558418566,2.1913048138062896,0.9098001238940234
Mbi2.80Zm0.35T14.0000_iTp0.00_ACFep00_aFem02,0.029302726410619862,0.05215810121892614,0.543946472890788,4.223365483477493,0.914698947511535,2.9285407389407836,3.7114466454918005,2.07186414282314,2.3891451523174667,2.160653750342889,1.382904616380272,0.6235483531185,0.6359888492190225,2.1948647550889837,0.9107497659343496
Mbi2.80Zm0.25T00.0300_iTp0.00_ACFep00_aFem02,-0.14085942961856573,-0.09081250332177403,0.1272330305007599,-0.15813653856094823,0.3306381876609207,0.6690058038151693,1.4944142037959942,0.43158833245601225,0.7376251671197638,0.7567884500609638,0.46878545941668737,0.2585007389736413,0.3253681782610053,0.5662739599053794,0.5776022481248816
Mbi2.80Zm0.25T00.0400_iTp0.00_ACFep00_aFem02,-0.14480932168183863,-0.0949367763828427,0.1204706299110544,-0.24082152253915118,0.29331322074752236,0.6961786317942573,1.5154630428392106,0.45375176913860604,0.7437417829529063,0.7667574988748682,0.47416580242487577,0.27336380722623504,0.31939459313557844,0.5834366357249992,0.6007970670327566
Mbi2.80Zm0.25T00.0500_iTp0.00_ACFep00_aFem02,-0.14653694259098735,-0.09658891479825008,0.12462435271359493,-0.2500058985776186,0.28501353542467944,0.7324797192137645,1.5526533664559579,0.46450097142471397,0.763399519684651,0.7850757134821237,0.48259651362744693,0.2797466540303063,0.3180233169760021,0.5978453229221427,0.5999462716297589
Mbi2.80Zm0.25T00.0600_iTp0.00_ACFep00_aFem02,-0.1494853173117459,-0.09917152584336965,0.12482410413572674,-0.30046531364575546,0.2704455942700711,0.7642616067119077,1.5833693153251573,0.5025018155986537,0.7887817035237438,0.8052678226241768,0.49916774749057097,0.28467150105096317,0.3199546224846908,0.6314141616008626,0.6304720240568282
Mbi2.80Zm0.25T00.0700_iTp0.00_ACFep00_aFem02,-0.15382547844936492,-0.10309745787375611,0.1253628679851969,-0.3192966991361953,0.2624736595995184,0.7762692836537443,1.5662739415691578,0.4997398268795575,0.7822841278688252,0.7970596165011705,0.49143004067580254,0.27479950730751884,0.30737590870648657,0.6269019274723322,0.6328449125290391
Mbi2.80Zm0.25T00.0800_iTp0.00_ACFep00_aFem02,-0.15547257172027482,-0.10479783522377716,0.12713365733124588,-0.3195093786720758,0.2565748828706866,0.7934907732004205,1.577083725108274,0.5059020046712108,0.7896579809565627,0.7958557407245085,0.49561186675923224,0.2764263487880375,0.3053850648371132,0.6327459870406502,0.6381553155337168
Mbi2.80Zm0.25T00.0900_iTp0.00_ACFep00_aFem02,-0.15727719934476828,-0.10654251722783423,0.12531648941430923,-0.3323722033766817,0.2498561764138595,0.7954628168532885,1.5685739650354407,0.5235959451624862,0.7928558185832049,0.7912024649511783,0.4882142031424566,0.2759860492379507,0.29873080041256467,0.6441224252550971,0.6610816667606803
Mbi2.80Zm0.25T00.1000_iTp0.00_ACFep00_aFem02,-0.1598908657332608,-0.10863468865867554,0.12016344792323101,-0.38103859752032604,0.2367538007517471,0.7917824313341162,1.527627143108725,0.5305934797155736,0.7821922033513207,0.7749997022097916,0.47495699756186804,0.26571631758962466,0.28903137444668026,0.6433953066382881,0.6814747467164385
Mbi2.80Zm0.25T00.1500_iTp0.00_ACFep00_aFem02,-0.1697243545690351,-0.11720568732209338,0.09799395851539505,-0.4317366316434517,0.1955028479560107,0.8165593289080072,1.4920437590914755,0.5513600399009683,0.7671393937172043,0.7490458501287282,0.45923579950554994,0.2641514066232609,0.2663890110148962,0.648210390840314,0.7272990449404412
Mbi2.80Zm0.25T00.2000_iTp0.00_ACFep00_aFem02,-0.17944666211636628,-0.12549953474739775,0.08956766819913077,-0.5362856844115671,0.1512232268794749,0.8149360769827951,1.4127813773997264,0.5915643215033821,0.7598289253332919,0.7340864466145522,0.4564313487211557,0.2715072719344301,0.25425644053436686,0.6672508896400621,0.7919649701871264
Mbi2.80Zm0.25T00.2500_iTp0.00_ACFep00_aFem02,-0.1873852994635239,-0.13230434516587875,0.09757775809867922,-0.6599596560422307,0.13486227579459825,0.8403325815725137,1.4235867215412479,0.6145521362589088,0.7889398542974881,0.7450708160682863,0.460054444831359,0.2677703573868814,0.248014891384528,0.6908660693026452,0.8012358038062057
Mbi2.80Zm0.25T00.3000_iTp0.00_ACFep00_aFem02,-0.19201656644220605,-0.1368262265288168,0.09837006718532046,-0.7112296459335257,0.12963019459446368,0.8700523567104507,1.464066102445805,0.6370497168962668,0.8150144665173391,0.7642650273390195,0.46851449024485725,0.27269450490395364,0.2473480968816505,0.7142495073292657,0.8067599425870958
Mbi2.80Zm0.25T00.3500_iTp0.00_ACFep00_aFem02,-0.1981184742276101,-0.14259306848297298,0.10606212336261568,-0.7791440056496379,0.13681363333341806,0.9186230898404694,1.5101647608078999,0.6693942368501891,0.8497352188095766,0.7868960662239307,0.4829043870788095,0.2683329269052044,0.2544775485535055,0.7463443519413396,0.8180147147028102
Mbi2.80Zm0.25T00.4000_iTp0.00_ACFep00_aFem02,-0.2032895817122561,-0.1469348337814001,0.11841631494627243,-0.8390299560996932,0.1277465006827556,0.9496941441162593,1.533228748928369,0.6907009528252875,0.8713840947677227,0.7963908651668083,0.47559514841535355,0.2673523392123469,0.24748646058750404,0.766395729302717,0.8282903502189543
Mbi2.80Zm0.25T00.4500_iTp0.00_ACFep00_aFem02,-0.203770679564257,-0.14805219401087696,0.12350040960652513,-0.8093264446443771,0.14963321452548223,1.0274471252316115,1.6599473719727458,0.7231432711488918,0.9272468492644246,0.8280582449074964,0.5026787727188697,0.27684695090385114,0.2594318307384454,0.8065039365255932,0.8239516578057222
Mbi2.80Zm0.25T00.5000_iTp0.00_ACFep00_aFem02,-0.2023388860459199,-0.14722148853471873,0.1340587627093417,-0.7422317802101426,0.17387188303928483,1.091463098605954,1.7312750138549509,0.7486583431830235,0.9766821538063877,0.8605932987907509,0.5059202232779775,0.28805919860063,0.2618408623887867,0.8407533490417218,0.814965814869767
Mbi2.80Zm0.25T00.6000_iTp0.00_ACFep00_aFem02,-0.19308062071589308,-0.13984167886947996,0.14712620507074778,-0.6472205745074147,0.22168089903246577,1.2244187794966406,1.9179029728620933,0.8100714873720922,1.0845551666898368,0.9310840148804513,0.5519629421909481,0.30829025763830975,0.28407020581098336,0.9185624027997995,0.8037862081456507
Mbi2.80Zm0.25T00.7000_iTp0.00_ACFep00_aFem02,-0.1801377568584298,-0.12847336071473642,0.17333517441455543,-0.48694968336664,0.238291364638689,1.341527917167216,2.049400376992936,0.8710379122115476,1.1534096096827415,0.9985496966715897,0.570531219025473,0.3267816074444162,0.27682055637493613,0.9833079979613368,0.8095300962611481
Mbi2.80Zm0.25T00.8000_iTp0.00_ACFep00_aFem02,-0.16523709804628584,-0.11596589971321035,0.17341628207183205,-0.2772242296817243,0.2858579338862656,1.4661619560989272,2.210711871921995,0.8840745075484719,1.240246499439919,1.0712011710851381,0.6167098913888197,0.3476201177965779,0.2980345030275092,1.0269492134053408,0.7649530801167996
Mbi2.80Zm0.25T00.9000_iTp0.00_ACFep00_aFem02,-0.14942109713078686,-0.10250115424552288,0.17569073440267477,-0.06380159560681464,0.3405739169544674,1.5968217745768667,2.401098536765438,0.9263799498567306,1.3453741708677323,1.1563429782031631,0.6786268300666953,0.3753746529450149,0.3325802935967981,1.0942100068305174,0.7405952748901096
Mbi2.80Zm0.25T01.0000_iTp0.00_ACFep00_aFem02,-0.12851983083930352,-0.08351547615058869,0.1858267579056472,0.28385521279504644,0.39132108705989826,1.7309602618375843,2.575753242137359,0.986249300499737,1.4676537606185338,1.2553028885964046,0.7428172212919436,0.4197824328184565,0.36171421959584027,1.1784870992369767,0.7243958884061446
Mbi2.80Zm0.25T01.2500_iTp0.00_ACFep00_aFem02,-0.08493842267962184,-0.04418593598563504,0.23910230883682165,1.126156000899651,0.5099889836932017,1.9902610420537432,2.9272422621583107,1.1177438481479354,1.677970651501927,1.4666599761774366,0.9081944002362089,0.5170062246998636,0.4502272357222795,1.3451423103223392,0.7108903909473109
Mbi2.80Zm0.25T01.5000_iTp0.00_ACFep00_aFem02,-0.05931788710069153,-0.021720378586637386,0.2651931241211723,1.6581471196269812,0.5736694891441508,2.123555041666739,3.0531143434158365,1.1612122817274637,1.7869575911788738,1.5919982742593224,0.998521382254216,0.5538903280437079,0.5047624102025234,1.4183258225438404,0.6873201829032314
Mbi2.80Zm0.25T01.7500_iTp0.00_ACFep00_aFem02,-0.04221464086153333,-0.007365166182383351,0.2913189739758705,2.0312558782746963,0.62698569074763,2.228060178434915,3.16426285587307,1.2543109671848198,1.8676866846521782,1.6795449667073747,1.054407792256248,0.5769165994749992,0.5403542982601899,1.5088350440546503,0.7072055565945788
Mbi2.80Zm0.25T02.0000_iTp0.00_ACFep00_aFem02,-0.027655170652190957,0.005260610396662429,0.32356829448392554,2.3617151721189136,0.6878813236996884,2.3679228052370664,3.3201482381121195,1.3748480958289515,1.9704781355624879,1.77092442518096,1.1161579408688695,0.6054975221460523,0.5723318916529461,1.6224328712477591,0.7349372720564759
Mbi2.80Zm0.25T02.2500_iTp0.00_ACFep00_aFem02,-0.02049470868856646,0.011338669338921071,0.35577786939687456,2.5471843552250633,0.721316496089859,2.4573587223913766,3.4189074815968916,1.4534422925044268,2.028578662542653,1.8261415594212322,1.15669494334222,0.6147096832835796,0.58712133535455,1.692937518215574,0.7541103939128083
Mbi2.80Zm0.25T02.5000_iTp0.00_ACFep00_aFem02,-0.018860299030289473,0.011819369360413902,0.3706433936008174,2.585533319748395,0.7244623211170486,2.4704283029866057,3.3979066439509076,1.50291057024375,2.0372900415748085,1.8221731983296854,1.1520310426728426,0.6117909351541724,0.5726560659810883,1.723757625776011,0.778818440193741
Mbi2.80Zm0.25T02.7500_iTp0.00_ACFep00_aFem02,-0.011956926746013749,0.017749318418292047,0.3841447211362158,2.750556127173704,0.7478260213914696,2.513131828748971,3.4564086885670195,1.5610874104715577,2.0871736448465326,1.8620726029059265,1.180596295487671,0.6239484506321376,0.588559149078181,1.777601706708748,0.7905748654493158
Mbi2.80Zm0.25T03.0000_iTp0.00_ACFep00_aFem02,-0.0069933501978939935,0.021882402262459993,0.3938166137917234,2.905142794937813,0.7712012182541121,2.5674153337662537,3.514078605557608,1.5982796127827448,2.1231124923136484,1.8900686362397856,1.2001924679831955,0.6335913847573175,0.5957735797663951,1.8135699666062155,0.7965150645263054
Mbi2.80Zm0.25T03.2500_iTp0.00_ACFep00_aFem02,-0.002511309325240646,0.025601616394755247,0.40383478323049843,3.0263591794971205,0.7867217495091743,2.5962307893954746,3.548962703206214,1.6343651367279364,2.1552773776331517,1.9151311427742945,1.2205328970679583,0.6364620896334127,0.6046131457096627,1.8473261619082029,0.8030472266033567
Mbi2.80Zm0.25T03.5000_iTp0.00_ACFep00_aFem02,0.00038838169697460805,0.028063836711495777,0.4098863223528098,3.1177344579860233,0.7994299706349595,2.6152581821672607,3.5773136372313687,1.665233319685147,2.178202405839663,1.937335671693761,1.2367021090718022,0.6416379153576216,0.6108953727869981,1.8748086345164874,0.8092420909798388
Mbi2.80Zm0.25T03.7500_iTp0.00_ACFep00_aFem02,0.0020326435288087483,0.029323727208457426,0.4168592299944034,3.186343322962359,0.805930281226817,2.630221435452246,3.586945487007032,1.6918704481403863,2.189440710828048,1.9491251113304984,1.2465218500386661,0.6391911962175258,0.6126451589623649,1.8948368888958973,0.8176119558528416
Mbi2.80Zm0.25T04.0000_iTp0.00_ACFep00_aFem02,0.0035254313700847535,0.030721363962012617,0.4229817465081051,3.249191100216654,0.8098793934207469,2.6356619706225066,3.5814886048518466,1.7128586418954805,2.2059266825385166,1.9606391718727412,1.252150241231333,0.641311234100284,0.6127732600940764,1.9133218726873724,0.8221920409979985
Mbi2.80Zm0.25T04.5000_iTp0.00_ACFep00_aFem02,0.007749565388645911,0.034404805997050134,0.43731896496673694,3.398435929893476,0.8307351107469008,2.679909515436264,3.6260435889796945,1.768545187735423,2.240165980168482,1.997945733338102,1.2765516061441244,0.6477012945209828,0.6243365348475736,1.9600737428531785,0.8345911138204241
Mbi2.80Zm0.25T05.0000_iTp0.00_ACFep00_aFem02,0.011066903259484926,0.037000418780920266,0.4571106018649803,3.5270805966072434,0.8478732907134721,2.7171456242988015,3.665831782630626,1.828980804714714,2.2672435986722546,2.0275807473494285,1.2964080965696705,0.6539154964048481,0.6311456804608939,2.0059935618729,0.85171390369383
Mbi2.80Zm0.25T05.5000_iTp0.00_ACFep00_aFem02,0.01356788397542165,0.039341586599513756,0.47023157994355347,3.6108954617852307,0.8597907461428834,2.739339606712645,3.675240085735319,1.8709181813770066,2.29440167642138,2.053754637234004,1.3113070451754474,0.6589477339847052,0.6366326534419563,2.0412185463452426,0.860557002286872
Mbi2.80Zm0.25T06.0000_iTp0.00_ACFep00_aFem02,0.016647506222579583,0.04209101180018853,0.49085653462503354,3.723080257877311,0.8744101995202828,2.777729112474432,3.71056109351478,1.9302189005459962,2.3238891773556296,2.0850202071227155,1.3285972848079288,0.6655472854618356,0.6442259773469672,2.087226719980083,0.8755992615050655
Mbi2.80Zm0.25T06.5000_iTp0.00_ACFep00_aFem02,0.019417964154810948,0.0444753457219718,0.5063995188572448,3.813614121825146,0.8885364905751507,2.806998628891376,3.7421851992776025,1.9670083261463123,2.3498972446763764,2.103782610672991,1.3436959986984793,0.6696919743053128,0.6460521092164164,2.118187143826248,0.883318240211503
Mbi2.80Zm0.25T07.0000_iTp0.00_ACFep00_aFem02,0.020259291555120258,0.04497502021437453,0.5210866854237659,3.87121495762466,0.8947411997916466,2.829932859463453,3.7565485852102882,1.9986925741739459,2.370666341375782,2.1264134762549385,1.3561210845749696,0.6701289298593424,0.6510025031901026,2.145120281892212,0.888884634129956
Mbi2.80Zm0.25T07.5000_iTp0.00_ACFep00_aFem02,0.023142004916605147,0.047609757332631494,0.5277202015041653,3.9433483191546896,0.9054102666774498,2.855551773932259,3.7753624116053923,2.017575589787707,2.3921831699432183,2.1470106317926794,1.3694148237233015,0.6727048504410007,0.6560911547518482,2.1651575494790087,0.8889576774695704
Mbi2.80Zm0.25T08.0000_iTp0.00_ACFep00_aFem02,0.026298180384848237,0.05061317313527942,0.5350332220233209,4.019487145125711,0.9175390144900457,2.8787431302165203,3.798498558842139,2.051220722407225,2.4145314338042696,2.1643323025990098,1.3820564878712411,0.6735540050894626,0.6564479901138607,2.192951684825528,0.8959518520280182
Mbi2.80Zm0.25T08.5000_iTp0.00_ACFep00_aFem02,0.029026537058491925,0.053207404081762395,0.5375665233238106,4.087458671046711,0.927008300703569,2.900151324874707,3.815941026601532,2.0707809602380602,2.434583862805607,2.181176103364148,1.3954280445022682,0.6766681825146539,0.6599213003274944,2.2123651053659414,0.8972654450904793
Mbi2.80Zm0.25T09.0000_iTp0.00_ACFep00_aFem02,0.03127158313671784,0.05519864262131435,0.5466065731031534,4.156749056324743,0.9345153611240775,2.9195448096487833,3.815182523968498,2.095491786240449,2.451370480218917,2.1973095164318455,1.4053928756664444,0.6770356201126146,0.663391208542168,2.233329254888631,0.9015427122323711
Mbi2.80Zm0.25T09.5000_iTp0.00_ACFep00_aFem02,0.033123806438291506,0.05698156969511328,0.5568891928776031,4.215801980797698,0.9410925085062386,2.9366707661465212,3.8325487469349824,2.1171383599162765,2.469383981655463,2.210175743255802,1.4143635591334482,0.6791434308127953,0.6654843470322493,2.252636063726971,0.9048451069641695
Mbi2.80Zm0.25T10.0000_iTp0.00_ACFep00_aFem02,0.03613042600288639,0.0599609258061319,0.559657698384176,4.279035662942654,0.9538230604830638,2.967438517779155,3.8757385195636145,2.1363405459785376,2.4897875438907096,2.2295332471091656,1.4280456544712414,0.6829380408977719,0.671202805432857,2.2723019990907387,0.9053593263050527
Mbi2.80Zm0.25T10.5000_iTp0.00_ACFep00_aFem02,0.038775562892501815,0.06247217899676701,0.5711411476704076,4.3494570754027055,0.9647681163170289,2.9890431052010995,3.889185833059655,2.157412072557385,2.515233782413717,2.251968260953672,1.4423975052542741,0.688719083498345,0.6774440128498437,2.2950737477221606,0.9051062039877221
Mbi2.80Zm0.25T11.0000_iTp0.00_ACFep00_aFem02,0.04064241233656464,0.06422830760882686,0.5747843662032732,4.402348232755637,0.9710298920631251,3.0041286628798725,3.897198393510822,2.1668469792487746,2.533541157394872,2.2688694248266237,1.4523908243646153,0.6905935419371196,0.6823551287891935,2.308509285951709,0.9023997187039496
Mbi2.80Zm0.25T11.5000_iTp0.00_ACFep00_aFem02,0.04101509049667222,0.0645778887913005,0.5871373768834338,4.4392884847112395,0.9768454974095957,3.0196764903229996,3.9206887305981537,2.1877808972072246,2.547124873338589,2.2821813161534337,1.460022876088327,0.6901756986627932,0.6864912527297596,2.3259949212717874,0.9060435645880426
Mbi2.80Zm0.25T12.0000_iTp0.00_ACFep00_aFem02,0.0427707798972235,0.06626596920444165,0.5921094386454152,4.486620026218079,0.9825382245188852,3.0281170884447755,3.929688529872986,2.2004765974776253,2.5635370077241983,2.293810760571095,1.4674469739524285,0.6919197320416972,0.6877347063800301,2.3398324362613816,0.9060403753013105
Mbi2.80Zm0.25T12.5000_iTp0.00_ACFep00_aFem02,0.04432785966768993,0.06777205783060011,0.59875926254438,4.539575076849948,0.9896123824854153,3.0417057332566824,3.9443696364884704,2.22766693447035,2.57692132242701,2.3082620236671314,1.477940612028376,0.6917510433370175,0.6920174578241742,2.3607090164792344,0.9120095507782489
Mbi2.80Zm0.25T13.0000_iTp0.00_ACFep00_aFem02,0.045670127231617105,0.06910319414208983,0.6094313430303815,4.580866719597934,0.9951554411922543,3.0529283331085364,3.965383869491502,2.250865729386151,2.5914883113632987,2.3192105474875215,1.4856980665429658,0.6926047328358353,0.6942833528537148,2.379388836577475,0.9167191041777255
Mbi2.80Zm0.25T13.5000_iTp0.00_ACFep00_aFem02,0.04776055780961907,0.0711831393219702,0.6155877928900966,4.630602040565158,1.002071307342637,3.0688485068459608,3.9757032897370634,2.2718380323114276,2.604656354756396,2.3312019495553535,1.4953802363634392,0.6943864153636851,0.6976637128158172,2.39654105219217,0.9205442669725139
Mbi2.80Zm0.25T14.0000_iTp0.00_ACFep00_aFem02,0.049475768680524224,0.07286386185668517,0.618270151917341,4.671402740395093,1.0072169126782191,3.0799935298440486,3.973678488758129,2.286505662871335,2.6119187440775637,2.3413599671438203,1.5022131951644224,0.6942054109106442,0.7008085221753876,2.4081007931823666,0.9232291563530962
Mbi2.80Zp0.06T00.0300_iTp0.00_ACFep00_aFem02,-0.13808631233520408,-0.08792242372833514,0.1146947754946235,-0.05040235335759726,0.32054952785669133,0.7504802850119081,1.5848935606452081,0.4269930982715546,0.7732497325383654,0.7574905146319973,0.437580812404747,0.23956564833445368,0.3247112622121392,0.5729643596208739,0.5578909930157899
Mbi2.80Zp0.06T00.0400_iTp0.00_ACFep00_aFem02,-0.13994838898186907,-0.09027616642483707,0.11737142445365113,-0.1122763074546616,0.3039579733685854,0.8494687333130008,1.7316040044562842,0.421742331257935,0.8414541568582881,0.8191733833423405,0.4869294939868265,0.28210435671751727,0.3348112105864582,0.5935029478089706,0.5079312742302012
Mbi2.80Zp0.06T00.0500_iTp0.00_ACFep00_aFem02,-0.14633148244614316,-0.09575944498249987,0.11881856820689188,-0.18163199535142235,0.2935044857762391,0.862823114126666,1.703133476535045,0.4494779842382875,0.847319453339756,0.8238744003177392,0.48787489695377617,0.2891675491236896,0.32620490547957326,0.6147363581607048,0.5379124429575677
Mbi2.80Zp0.06T00.0600_iTp0.00_ACFep00_aFem02,-0.14903358725829358,-0.09810606434216591,0.11910896267653669,-0.1744715178378325,0.2937265708390088,0.9104333281298884,1.778550887356101,0.4640523072985913,0.8794502713572998,0.8529501359371947,0.5195361971856899,0.3199042689329465,0.3331079784502035,0.6361349242588463,0.5357333158600511
Mbi2.80Zp0.06T00.0700_iTp0.00_ACFep00_aFem02,-0.15225012192633083,-0.10060314412331536,0.1102515300962808,-0.24824895549127046,0.2796790294612324,0.8783256906937734,1.7219782989906356,0.4983481634320861,0.8765465170962913,0.8445942606146631,0.5160809902586497,0.31699630105220744,0.3231994452071988,0.657546051181126,0.5790905309847675
Mbi2.80Zp0.06T00.0800_iTp0.00_ACFep00_aFem02,-0.15591025069870407,-0.10363481797758839,0.10622848342492357,-0.3066546615965104,0.2648246802461488,0.8730884827196193,1.6918340601711368,0.5292124786945744,0.8840211493550223,0.8449403333021803,0.5213476244397746,0.32551563352968127,0.3254958884209361,0.6797382202873641,0.6121738211093511
Mbi2.80Zp0.06T00.0900_iTp0.00_ACFep00_aFem02,-0.15946249813503346,-0.10652833736110442,0.0999433299996431,-0.3183570325550056,0.24562969323827885,0.8524941619152603,1.6360814838775226,0.5548954162585001,0.8723431790788649,0.8358578480295747,0.524821019865734,0.32445394367997527,0.32952987283158,0.6916577762495345,0.6496839744884129
Mbi2.80Zp0.06T00.1000_iTp0.00_ACFep00_aFem02,-0.16299772045087846,-0.1095601676689066,0.10110524702087108,-0.3412930240899556,0.23371607970779457,0.8377881413147322,1.59525821932411,0.5659767649691613,0.8693795659821881,0.8359148330205927,0.5187582170675816,0.32061640648045897,0.32224672500847507,0.6976713847652685,0.6637877486727596
Mbi2.80Zp0.06T00.1500_iTp0.00_ACFep00_aFem02,-0.1749532843492254,-0.11953575102191805,0.09122421867628369,-0.49282178889651207,0.17448803217526598,0.862909127613088,1.5505893095819452,0.5965153467795715,0.8451641468713901,0.8119147483084127,0.5180617272729112,0.31686408847881387,0.3123355623552591,0.7061160858759175,0.7199601039090491
Mbi2.80Zp0.06T00.2000_iTp0.00_ACFep00_aFem02,-0.1837828323979189,-0.12687817647582608,0.10558614432482151,-0.5865051842729561,0.16421115566936184,0.9151941619225794,1.5979547357022614,0.6484472155288795,0.9024699379881158,0.8386508119934025,0.524899474706031,0.31592362969288074,0.3054197435510524,0.7573749300797207,0.7448618546826953
Mbi2.80Zp0.06T00.2500_iTp0.00_ACFep00_aFem02,-0.19095471991489044,-0.13380392712572353,0.10564384706294148,-0.6530573031090401,0.17437256756240832,0.9659389465941406,1.7093125384646866,0.6787538610214428,0.9486969453905721,0.8796297416221202,0.5561239674296953,0.3202900962745534,0.3186413074675863,0.7942325968375499,0.7424864121307122
Mbi2.80Zp0.06T00.3000_iTp0.00_ACFep00_aFem02,-0.1973970628676363,-0.13960166010966094,0.11422356601174524,-0.7332903720256234,0.17230186934806171,1.0357237592359474,1.7936289306844997,0.6998902598273498,0.9857495802286699,0.9054471587964974,0.5644330741188403,0.3190682312539436,0.3184586900687961,0.8210844796381702,0.7401559503408556
Mbi2.80Zp0.06T00.3500_iTp0.00_ACFep00_aFem02,-0.1990972759317107,-0.14184432054459886,0.13457664647315393,-0.6541338466378581,0.2066971008781447,1.1612793157800234,1.9123721456644596,0.7456498185638404,1.062581368264819,0.9512452461346976,0.5802982675817802,0.33705354150644407,0.3301652757583369,0.8769655819138629,0.7405303050741321
Mbi2.80Zp0.06T00.4000_iTp0.00_ACFep00_aFem02,-0.19331294841279087,-0.13729095667692837,0.14409556349473507,-0.5788191662601669,0.27591809263296724,1.3085294686231521,2.1132129894182867,0.7755898648275714,1.1746303594302174,0.9986169458211535,0.6323267595651496,0.35693483956114375,0.3627243789002005,0.9342416283732778,0.7137612575922297
Mbi2.80Zp0.06T00.4500_iTp0.00_ACFep00_aFem02,-0.18895490406928778,-0.1339477997342317,0.13553227829932152,-0.5294256797886052,0.3037360228228688,1.39355672770093,2.2143691682908124,0.7997564843755818,1.2274520525006747,1.0323046404774623,0.6787785805524156,0.3768723651029233,0.39511277863444394,0.9684849115802588,0.7078253042557262
Mbi2.80Zp0.06T00.5000_iTp0.00_ACFep00_aFem02,-0.1798231593421254,-0.12556589654981343,0.1392157127051927,-0.3969564712333774,0.32814203216573345,1.4967940571182698,2.326880552870668,0.8236940201035893,1.2687902570561618,1.0790779196374978,0.7129661860566184,0.3940598751746781,0.40331066232096535,1.0006701606917239,0.70165269777926
Mbi2.80Zp0.06T00.6000_iTp0.00_ACFep00_aFem02,-0.15802515782046822,-0.10740076608480514,0.18433590072750858,-0.09035514569245726,0.3870079355016982,1.6468026963653173,2.5706645469249025,0.893509603237036,1.3984243761737023,1.1929204708465289,0.7400603439176924,0.42043962021479764,0.3886829386191171,1.0945739307586546,0.689610728008259
Mbi2.80Zp0.06T00.7000_iTp0.00_ACFep00_aFem02,-0.14126295355329932,-0.09336107530843482,0.20441321504892826,0.1533411983993657,0.45292763260440333,1.8196800570308451,2.8335763571438246,0.9570853583639688,1.5278487651714778,1.3034022034087867,0.800231242004185,0.4531910237624288,0.4087916586053443,1.1841172314853767,0.6760865560737632
Mbi2.80Zp0.06T00.8000_iTp0.00_ACFep00_aFem02,-0.12308365752431957,-0.07760225045091342,0.24138122943547044,0.4679289964571254,0.5163600306523255,2.046754163611682,3.1730340237848274,1.0163020759365882,1.6753045761530625,1.4305945176909662,0.8543651678975274,0.4958081783166093,0.40980017423844256,1.2778809425190976,0.6544334154003425
Mbi2.80Zp0.06T00.9000_iTp0.00_ACFep00_aFem02,-0.10261023895797915,-0.05939177674381863,0.306359336592694,0.9083493773163069,0.5478440516792749,2.1752370881039456,3.264616574396692,1.094444538183153,1.7678604065365175,1.5243805639864514,0.871548336984408,0.526409682273,0.396213666917985,1.3638959325146065,0.6648629599001081
Mbi2.80Zp0.06T01.0000_iTp0.00_ACFep00_aFem02,-0.08591005082348077,-0.04551097579391942,0.3090568097451996,1.2097382947084858,0.5774822123452836,2.1652408867276787,3.248849337884106,1.142895216345723,1.8003479755369431,1.5627141970277723,0.9008104856001574,0.5370073514442165,0.41483456999042684,1.4076802714262917,0.6796753421148537
Mbi2.80Zp0.06T01.2500_iTp0.00_ACFep00_aFem02,-0.04632429810542529,-0.009717576886082508,0.3525503493239425,1.9827908318656597,0.691514513835547,2.3921613642149397,3.5936846177657773,1.3366108054616124,2.0313201809621257,1.7765993952991894,1.0595365399651488,0.6410153861166472,0.5243341987568596,1.6185657193849883,0.7020162998158281
Mbi2.80Zp0.06T01.5000_iTp0.00_ACFep00_aFem02,-0.025572273651783762,0.009226342679812791,0.4144692103521805,2.5138393584298013,0.7778167990955083,2.5833049811354125,3.8488481939773354,1.4471005350999568,2.2259024867168313,1.9914906935513315,1.2113540488723689,0.6925258057822476,0.6403191344169623,1.768084782706322,0.6862535567565664
Mbi2.80Zp0.06T01.7500_iTp0.00_ACFep00_aFem02,-0.01062820217781257,0.021480369464064238,0.4640156062670021,2.8994171784646623,0.8319656135006765,2.6749810981779323,3.9412495521212643,1.5906872962061296,2.308279636759418,2.0690057321739714,1.2515132730566494,0.7045170336711283,0.6621600865712891,1.8881685055603346,0.7267916812075387
Mbi2.80Zp0.06T02.0000_iTp0.00_ACFep00_aFem02,0.0004712051522930057,0.031423546258185955,0.4949930606314302,3.171244756659819,0.8774720688928945,2.7614557488010485,4.029975802877648,1.7015472194771273,2.3982213070009553,2.153603490914443,1.309823539844606,0.7196660326316976,0.6929326492526032,1.9910155053327028,0.7476330021561401
Mbi2.80Zp0.06T02.2500_iTp0.00_ACFep00_aFem02,0.012513784165052763,0.04269321542052535,0.5153143110004278,3.4591258641526728,0.9223465288007067,2.8440736055833833,4.137910065753728,1.8057736656195387,2.470424086625881,2.227693185071639,1.361006938667145,0.752198882940287,0.7211017879185156,2.0828581274250944,0.7687222609354228
Mbi2.80Zp0.06T02.5000_iTp0.00_ACFep00_aFem02,0.02235874267131417,0.05200691492176465,0.5288607582707705,3.6734598539603494,0.9523682455562974,2.902970148981495,4.196844229367964,1.8916040375910126,2.540606291187342,2.2924790196255045,1.4101818321465833,0.7728427846738132,0.7445720549907822,2.1620362450006976,0.7827728732033805
Mbi2.80Zp0.06T02.7500_iTp0.00_ACFep00_aFem02,0.026804942140446673,0.05591295399444068,0.5497330845066862,3.8153357852331204,0.9734856795347813,2.953047650469992,4.2434521783286145,1.948868693079966,2.584286732272469,2.3370251574011234,1.442217803013921,0.7859445565175737,0.762278567726774,2.213935186637718,0.7920118605647751
Mbi2.80Zp0.06T03.0000_iTp0.00_ACFep00_aFem02,0.025519641220412715,0.05418524312054711,0.5680350453093983,3.8589443732353947,0.9701145853018858,2.9583091261177117,4.217583402299226,1.9967547452539163,2.587023751525236,2.3420048346215316,1.4413316110501282,0.7821812079523215,0.7522697589140661,2.2424682829733307,0.810202136325959
Mbi2.80Zp0.06T03.2500_iTp0.00_ACFep00_aFem02,0.03223997613585868,0.06066396650031249,0.5834416023526926,4.022217263197539,0.9953274259302332,3.004931847892612,4.2762972858053026,2.063510389405176,2.634376170116713,2.386551979486812,1.4770074618757334,0.7925389136356519,0.7680041793926509,2.300624700998894,0.8219637198226467
Mbi2.80Zp0.06T03.5000_iTp0.00_ACFep00_aFem02,0.037565005193383544,0.06579881614306253,0.5925552082813351,4.136968810495986,1.0124615579794143,3.0430582593044897,4.305145790651926,2.0990431810077017,2.6718080191811024,2.4181912726891395,1.502408502333346,0.7978355532438008,0.7764667483389828,2.3364891831498085,0.8247715021730152
Mbi2.80Zp0.06T03.7500_iTp0.00_ACFep00_aFem02,0.04183402282750035,0.06993257393118657,0.600795715674522,4.2392778427896705,1.0271757064119398,3.0753361700839386,4.330369962738997,2.1410069601855386,2.703200193570059,2.4470962289447025,1.5289622186563614,0.8018627516139433,0.785979599785392,2.3736134321717324,0.8314111594921125
Mbi2.80Zp0.06T04.0000_iTp0.00_ACFep00_aFem02,0.04704008630592205,0.07512679898456129,0.6099227999886826,4.34523849451409,1.0443716845734814,3.1124292810461367,4.353923107016335,2.1887349756408554,2.7460581609122126,2.4886812600791326,1.5564289203667874,0.8095335694173694,0.7983945107628271,2.419227395470597,0.8362345475551319
Mbi2.80Zp0.06T04.5000_iTp0.00_ACFep00_aFem02,0.053603448079690016,0.08148476888812707,0.624131856217059,4.487990792500632,1.065322929964564,3.1529501248963565,4.373278930100049,2.2656340360796277,2.80016685355594,2.536658337569205,1.5875745978433067,0.8179886174434211,0.8095826972842579,2.485354994479813,0.8490568661860073
Mbi2.80Zp0.06T05.0000_iTp0.00_ACFep00_aFem02,0.05312890299555694,0.08098346217926505,0.624671769468821,4.50399620592197,1.064301194283479,3.155356050401671,4.360910907103823,2.2704266986535075,2.8051862419133466,2.5428038512971556,1.590609892159167,0.8128066856895845,0.8094465628703704,2.490415255044895,0.8490766284462306
Mbi2.80Zp0.06T05.5000_iTp0.00_ACFep00_aFem02,0.059863365608921665,0.08759745944534332,0.63317737565241,4.635496696931072,1.0850797672303372,3.2020587897311064,4.381946900505839,2.3343086894097542,2.859567151494865,2.590804808367875,1.6250405403291865,0.8197940433377874,0.8229997410356729,2.549401430387116,0.8565685815940315
Mbi2.80Zp0.06T06.0000_iTp0.00_ACFep00_aFem02,0.06670700306957085,0.09459388706615217,0.6406806324646014,4.767169377054352,1.108827447490838,3.243243584950232,4.403764685014233,2.385541210048091,2.900994243132828,2.638476740705171,1.6522303688470803,0.8266836939048676,0.836943913432687,2.597131561433423,0.861288457691416
Mbi2.80Zp0.06T06.5000_iTp0.00_ACFep00_aFem02,0.07127176834574504,0.0991300166235308,0.6510513389181466,4.8686287260432195,1.1224117149507074,3.2764596358325124,4.409285740302074,2.434382053163263,2.9388860172042746,2.674930333174025,1.6760409924761357,0.8304046710417923,0.845326552068971,2.6409187912855474,0.8672823980069162
Mbi2.80Zp0.06T07.0000_iTp0.00_ACFep00_aFem02,0.07710898449037372,0.10500002175315126,0.6542924208632569,4.977464799234832,1.1383486049524816,3.3150010135453214,4.445521969086683,2.480004528140663,2.9822298783787646,2.717245512043116,1.700796193729625,0.8342122906144573,0.8617431399890222,2.6855051894166997,0.8702571230707921
Mbi2.80Zp0.06T07.5000_iTp0.00_ACFep00_aFem02,0.0806876231186085,0.10862743863084488,0.685418461426936,5.06257055408761,1.1504373650643318,3.336597333906712,4.453881171943368,2.539181401805038,3.0106194874227294,2.7415368765470975,1.7198360841299707,0.8396738253719273,0.8652223842196868,2.73005478576382,0.8828624401484915
Mbi2.80Zp0.06T08.0000_iTp0.00_ACFep00_aFem02,0.08260149585771294,0.11052007364022952,0.7155683662198475,5.124147208929229,1.1541415023471298,3.3540640708273335,4.448647110103704,2.57981742652109,3.0380197678352174,2.7693301863265454,1.7377995763794756,0.8425176558781478,0.8720808395142383,2.76467877357581,0.888466321776354
Mbi2.80Zp0.06T08.5000_iTp0.00_ACFep00_aFem02,0.08734880238265505,0.11530884733423104,0.7216423276894718,5.2226503160100854,1.1677524146378633,3.3810229248980646,4.47270442269451,2.601542556417745,3.0650806383719935,2.794257378082281,1.7568555956876062,0.8452004540734734,0.8804223617060994,2.788666601306365,0.8879987975133221
Mbi2.80Zp0.06T09.0000_iTp0.00_ACFep00_aFem02,0.09152334243541935,0.11961232659172916,0.7274270901137667,5.299617720383289,1.1808797632250574,3.4070760086632146,4.486378616257666,2.631413919134398,3.089832785691419,2.816359699264213,1.7716587232136956,0.8475462489444405,0.88519624764883,2.815872005604821,0.8910694752455789
Mbi2.80Zp0.06T09.5000_iTp0.00_ACFep00_aFem02,0.09618873011679913,0.12438849724441006,0.7345152481817901,5.362510168116718,1.1907391212818323,3.4323801336411974,4.517956498255477,2.655340634776785,3.114682619505598,2.837492142830389,1.7856190770358487,0.851930192932543,0.8925081739569541,2.839798141742709,0.8922253599068289
Mbi2.80Zp0.06T10.0000_iTp0.00_ACFep00_aFem02,0.10055612502017353,0.12900093120617817,0.7374754838560001,5.420861281045111,1.2027999235814881,3.4596888181594925,4.5399628703505135,2.6715763311600305,3.1380985753406443,2.8581238904559596,1.7996858492426608,0.8535791347139903,0.8975827517509882,2.8590622992718684,0.8910864619847318
Mbi2.80Zp0.06T10.5000_iTp0.00_ACFep00_aFem02,0.10539124376530354,0.13406333029989065,0.7424186525618216,5.48607000698487,1.2163474159403904,3.485709464616204,4.565488580454629,2.688850185165575,3.1624997975835454,2.88233897063878,1.8137581041164939,0.8584771480817497,0.9039039701819572,2.8796807511814166,0.8896350385061852
Mbi2.80Zp0.06T11.0000_iTp0.00_ACFep00_aFem02,0.10565725916605548,0.1343824344603294,0.7581736370944432,5.5201317207864555,1.221664078127542,3.5030503212416133,4.5583855736690735,2.7204618856031977,3.1821349440521294,2.9060843572026913,1.8267002511503527,0.8577601685459018,0.9066723682247271,2.906303666538244,0.8936806481469856
Mbi2.80Zp0.06T11.5000_iTp0.00_ACFep00_aFem02,0.10933073833875392,0.13826589984487112,0.7663220768845954,5.553469012043061,1.2277092083930032,3.5219825977575767,4.575562958719985,2.7397213204913897,3.2017894211586655,2.9265819261761226,1.8380270407303108,0.8592997887926017,0.91205128343779,2.925900378556082,0.8941107401015727
Mbi2.80Zp0.06T12.0000_iTp0.00_ACFep00_aFem02,0.1121471670079611,0.14124017758023305,0.7812535056028335,5.5998340073513,1.234461793652117,3.5441256327121704,4.584597436562686,2.769170466718205,3.2222527457894325,2.9447400455767245,1.8508034933006787,0.8607996711402953,0.9148970627254158,2.950896939464784,0.8980618464789086
Mbi2.80Zp0.06T12.5000_iTp0.00_ACFep00_aFem02,0.11467991397777823,0.1440300849951097,0.8000454401772341,5.64490577121207,1.2423160978775232,3.5681292586703948,4.5927967021316345,2.7956440581438824,3.240291987142518,2.961312970468609,1.8646325065955822,0.8622750310428322,0.9172161085447029,2.973268193759027,0.9015872753109934
Mbi2.80Zp0.06T13.0000_iTp0.00_ACFep00_aFem02,0.12177541424958682,0.15137529175949468,0.7886818771362668,5.7090327985507265,1.252881657769851,3.6012118166872047,4.62110614732618,2.7874177503246975,3.2672617003072695,2.9958528366917103,1.8873412560147464,0.8650882576743096,0.9363434888566828,2.9825148601242617,0.8901059477223964
Mbi2.80Zp0.06T13.5000_iTp0.00_ACFep00_aFem02,0.1260388870317863,0.15580005973864933,0.7924803412841819,5.758414701444082,1.262551534111037,3.620224409873232,4.629044667092068,2.7971382413909405,3.2801542833280903,3.0107218040177863,1.8975073123765436,0.8677884496651963,0.9414778704466567,2.9939982989275125,0.8892682680612309
Mbi2.80Zp0.06T14.0000_iTp0.00_ACFep00_aFem02,0.12925145963009538,0.15919102943694505,0.7986636161789755,5.796181089799301,1.2700988832636675,3.6355399399424977,4.6435955155103,2.8165674002084398,3.2924067155437156,3.023458906835726,1.9067390568953186,0.8665111704394285,0.943592349362365,3.010179849564762,0.8919022565104308
Mbi2.80Zp0.15T00.0300_iTp0.00_ACFep00_aFem02,-0.13285724139993998,-0.08367128691789527,0.12124010386321536,-0.003770626446258099,0.359529187949011,0.8653271336114029,1.8212554800901595,0.4348331070472212,0.8473945984889133,0.8288315074922958,0.4834234163214184,0.2876976811482589,0.3236110745319743,0.6051570945848013,0.5188239289384935
Mbi2.80Zp0.15T00.0400_iTp0.00_ACFep00_aFem02,-0.13897021146497396,-0.08918117340594986,0.1198978904237094,-0.07553334625374863,0.3325754982503194,0.9094763282036009,1.8273050260945005,0.4196216558862424,0.8883022490151457,0.8721504642031165,0.5164118711972201,0.3088551177478442,0.3494297581590784,0.6089771110858543,0.4767201671882878
Mbi2.80Zp0.15T00.0500_iTp0.00_ACFep00_aFem02,-0.14471168477055227,-0.09436762829577229,0.11728506811480183,-0.17887985858835995,0.30687670904775244,0.889952952745969,1.7494161134229123,0.4342291284621812,0.8717719800743592,0.858688409396113,0.522285419722621,0.3130323140443598,0.3432137865334474,0.6139690808399543,0.501865435469525
Mbi2.80Zp0.15T00.0600_iTp0.00_ACFep00_aFem02,-0.147853075196004,-0.09669960937002452,0.11865151619635463,-0.2075742988788555,0.2898441760624671,0.8788662702370327,1.7113054642552525,0.4982188185824763,0.8846347425356488,0.8704596118297983,0.5345367447846484,0.3284003523099497,0.34190718019035227,0.6623928045944778,0.5677402099132237
Mbi2.80Zp0.15T00.0700_iTp0.00_ACFep00_aFem02,-0.15186446119656577,-0.09997921985034916,0.10839271819693194,-0.30224543152967526,0.27113657215425674,0.8548054575546564,1.6344382573535647,0.5273310643441148,0.868086800084595,0.8525000645636616,0.5276739697915961,0.3233372462956639,0.3441514820002917,0.6748834808163208,0.6129665118092347
Mbi2.80Zp0.15T00.0800_iTp0.00_ACFep00_aFem02,-0.15603742350808641,-0.10348808270643936,0.10472535854587837,-0.30310708710385836,0.250623143054532,0.8472099465202545,1.5869677659864483,0.5324537404104871,0.8643393496246422,0.8456708428682652,0.5227075093264845,0.318063982265351,0.3441297577905003,0.676341250510067,0.6227492008503868
Mbi2.80Zp0.15T00.0900_iTp0.00_ACFep00_aFem02,-0.15939679848012545,-0.10617059497162183,0.10038289582551127,-0.30942684681706045,0.24381259349670406,0.8465500531096382,1.5885935141096255,0.536069488870289,0.862847473270436,0.8345238553946174,0.5228226750168383,0.3221708381009413,0.3396428328115949,0.6769747737611511,0.6316466878133218
Mbi2.80Zp0.15T00.1000_iTp0.00_ACFep00_aFem02,-0.16276079067626092,-0.10922630989097867,0.0960056091175341,-0.3540235965435323,0.22458166572877805,0.8445431995354972,1.5560600923847687,0.5622062386642913,0.8438347436929432,0.8279934473677711,0.519460441115815,0.31361363868285314,0.33425606934429064,0.6869610295581142,0.6725646112087532
Mbi2.80Zp0.15T00.1500_iTp0.00_ACFep00_aFem02,-0.1774101376844882,-0.12173693573632467,0.10154747314964975,-0.5202834292310813,0.18249146614610873,0.8709057066123961,1.53392079182607,0.6021747222242474,0.8475910420124119,0.8143140782282586,0.5107287909994893,0.3071615707659634,0.3148036505051009,0.7104837135959499,0.7246800252195418
Mbi2.80Zp0.15T00.2000_iTp0.00_ACFep00_aFem02,-0.18723187619532727,-0.13001239669254452,0.1128792298157916,-0.6198435636081175,0.17783270639920562,0.9486237643779508,1.6797492359730157,0.6343649425520324,0.915982839046199,0.8534066481376763,0.5361409344713797,0.3219371882000106,0.3198658701260978,0.7549519728962649,0.7170438698171252
Mbi2.80Zp0.15T00.2500_iTp0.00_ACFep00_aFem02,-0.19497703467497285,-0.1374060264580027,0.11430937046720185,-0.6954750851463398,0.18411826963457556,1.0126834078587024,1.7818877378487128,0.6622396307789723,0.9708092911927307,0.891625358609631,0.5603661922488762,0.3248504382546665,0.32167863958061554,0.7926068002727338,0.7111547574023583
Mbi2.80Zp0.15T00.3000_iTp0.00_ACFep00_aFem02,-0.196468345103533,-0.1392350424960011,0.11770273109375463,-0.6477369150262392,0.20485703578965325,1.1199653151468487,1.9288440986947821,0.7004733210435886,1.051508367080098,0.9408990986577709,0.5952928965618057,0.3347755984889316,0.341105284204078,0.8454936323524384,0.7031426383299313
Mbi2.80Zp0.15T00.3500_iTp0.00_ACFep00_aFem02,-0.1936934575231382,-0.13687167662438127,0.13769160690344392,-0.5509508615545462,0.2656574775568774,1.2736627905674127,2.081322536869668,0.7299333021991378,1.1564109761664199,0.9946019705855528,0.6330781773311984,0.35499607277946393,0.36751167507285964,0.9005732305798939,0.6786879672680133
Mbi2.80Zp0.15T00.4000_iTp0.00_ACFep00_aFem02,-0.18517843596299902,-0.1300911432857599,0.1337033822658943,-0.4484413754153236,0.3319823916032659,1.427387870444738,2.3084905877725417,0.7609573076441334,1.2715528361723893,1.061728612265839,0.7077448790710765,0.38379471322637326,0.4197062316073194,0.9606719446930454,0.6522636248220092
Mbi2.80Zp0.15T00.4500_iTp0.00_ACFep00_aFem02,-0.17469980406364333,-0.12057343848132579,0.11387751126820675,-0.2712600224761814,0.36055340078517095,1.543045900165848,2.451375528252052,0.7720961505696364,1.3082091247810064,1.1256289440128961,0.7679900564322492,0.412414053674258,0.46495480365293085,0.9851861661919059,0.6344679709544123
Mbi2.80Zp0.15T00.5000_iTp0.00_ACFep00_aFem02,-0.16346082864869743,-0.11138415206083294,0.16768122579550554,-0.11365312733750066,0.3877566554537567,1.6198407607589806,2.5831823455569354,0.8306354551172542,1.4054648590238963,1.1969104947007603,0.7666770421099911,0.4257960326104574,0.42404858986245103,1.0577919459966005,0.6383671394123873
Mbi2.80Zp0.15T00.6000_iTp0.00_ACFep00_aFem02,-0.14654275409905845,-0.09726986902333555,0.1931620415431663,0.12521318180838686,0.4658193408664967,1.8148049723980713,2.863535081095407,0.891239200622309,1.5419664804567976,1.3082800521942213,0.8346222060707081,0.4618021627207382,0.44907499818280705,1.1471465607684248,0.6253769211980172
Mbi2.80Zp0.15T00.7000_iTp0.00_ACFep00_aFem02,-0.12710757992044,-0.08102379491599186,0.23442553659006526,0.3646015616883905,0.5219257444644494,1.9267877391287747,3.097790510043952,0.973981503955369,1.6535035952110415,1.40288611270836,0.864608168668791,0.4927843131345637,0.43787869891593745,1.241827208814547,0.6373411750678839
Mbi2.80Zp0.15T00.8000_iTp0.00_ACFep00_aFem02,-0.10349612407739131,-0.059888331807296864,0.30486710998836797,0.7997858770301505,0.5749706019037437,2.1018949617336196,3.2880585770131385,1.058281048609033,1.7751462013919015,1.5242842105514436,0.8940733890796275,0.5420360587724762,0.4331433100748972,1.343230615360215,0.6414931769909411
Mbi2.80Zp0.15T00.9000_iTp0.00_ACFep00_aFem02,-0.08286187209894283,-0.041713410665171376,0.35197139374536685,1.1771191332860689,0.6349225913601662,2.276140490658818,3.51635214979579,1.1247425951291048,1.8710196390866936,1.616391847692383,0.93760590524491,0.5875470900570411,0.45118847654793637,1.4227529940211465,0.6450300455756662
Mbi2.80Zp0.15T01.0000_iTp0.00_ACFep00_aFem02,-0.07004038912364198,-0.030766081891763962,0.3665719329747104,1.4964755467457573,0.6553164245275456,2.327819776170058,3.5921155245417604,1.2040576277098252,1.9209611568479399,1.6730643370156655,0.9635648550503869,0.6077133227005249,0.4725442118265396,1.4931084881990042,0.6700328808271495
Mbi2.80Zp0.15T01.2500_iTp0.00_ACFep00_aFem02,-0.03630921919715943,-0.0009326208241010445,0.40540861935620365,2.2487735337687123,0.7482233291207329,2.509607393839037,3.8399540890061066,1.4244094419369304,2.1119791829807975,1.8648495000905791,1.0990000430996365,0.6789289454409629,0.5637960581502205,1.7058016327751637,0.7163544399085521
Mbi2.80Zp0.15T01.5000_iTp0.00_ACFep00_aFem02,-0.014683827691689444,0.018221269742469775,0.4417692742718084,2.8114885375950713,0.8296536107585972,2.673502949395452,3.978269680995169,1.5732914681894743,2.28570127971716,2.0755457721627786,1.2459945351339436,0.7170014900977486,0.662272827254375,1.8717628801322128,0.7214869735532632
Mbi2.80Zp0.15T01.7500_iTp0.00_ACFep00_aFem02,-0.008439876957856444,0.023038438029240403,0.4913299829493285,3.0713711186466237,0.8669897976966445,2.75407210848579,4.063686161635729,1.7013795106023057,2.344594272423574,2.13664585934493,1.2778195303740891,0.7282637148124528,0.6808324168495221,1.9723034473377046,0.759334229175022
Mbi2.80Zp0.15T02.0000_iTp0.00_ACFep00_aFem02,0.0023760172374512325,0.03270779561018711,0.524791998738141,3.3439146836509224,0.9119711303657627,2.829338019866971,4.172133477132229,1.7984767552936443,2.4400132528836567,2.214236390703498,1.3346067375305226,0.7537843794231628,0.718287699073542,2.0675134522260614,0.7728320966932534
Mbi2.80Zp0.15T02.2500_iTp0.00_ACFep00_aFem02,0.012367564190570326,0.04174813304839281,0.5381460786082052,3.5700065179519833,0.9481119304280293,2.903311608622282,4.254687308579548,1.8667159779337308,2.5137700819312356,2.2833587851186175,1.382449345690474,0.7767646349881763,0.7452030992644791,2.1382383615960565,0.778263844757511
Mbi2.80Zp0.15T02.5000_iTp0.00_ACFep00_aFem02,0.023159684030990654,0.052189142309917,0.5593958794545859,3.8025917113718077,0.9868063077015532,2.9726440968375742,4.328183660404724,1.9628778121393304,2.599595243515983,2.356557366215764,1.4395346358316814,0.7974443751599856,0.7726153336298641,2.22915069031214,0.7920974056711186
Mbi2.80Zp0.15T02.7500_iTp0.00_ACFep00_aFem02,0.03020875559403476,0.05916764191547312,0.5849000674786157,3.961061959900362,1.007211312757729,3.011721437629882,4.36965406967799,2.032919862443803,2.653072375193427,2.4129014929045813,1.4820586832475575,0.8061456385196478,0.794086024627481,2.2927655885579963,0.8025781085235055
Mbi2.80Zp0.15T03.0000_iTp0.00_ACFep00_aFem02,0.03329367494367991,0.06201783879197987,0.6071231628468068,4.0607197459218085,1.0113661621844492,3.035904331315613,4.350093307176743,2.1121866159023415,2.676492092748162,2.440569717826145,1.5029536707554967,0.8042131574593365,0.7989375739367013,2.3481318942330534,0.8255466492656193
Mbi2.80Zp0.15T03.2500_iTp0.00_ACFep00_aFem02,0.03566440731180321,0.06389225471629101,0.6147029975873834,4.140692236990403,1.020214202127425,3.0581356287881554,4.364304689638522,2.138845288497091,2.6940358579403876,2.4607127599477465,1.5152864638357209,0.8053928551307548,0.8007471705505113,2.3711588178194787,0.8298543525768911
Mbi2.80Zp0.15T03.5000_iTp0.00_ACFep00_aFem02,0.04258995995682474,0.07082935370284925,0.6291271330969004,4.278824483678239,1.040314474097134,3.0857338053208343,4.397977649596189,2.1981078520226416,2.747214162753706,2.5096240655752196,1.545848287147539,0.817894360010564,0.8174193062433889,2.4274355600198514,0.8362851419612313
Mbi2.80Zp0.15T03.7500_iTp0.00_ACFep00_aFem02,0.047290051219227684,0.0754047310117899,0.6422511780547148,4.411812247526468,1.062332366246732,3.1457523305066117,4.419045562622629,2.261533590277209,2.782403267319407,2.547129769611115,1.5864685395853735,0.8215433590858484,0.8320715718430304,2.478611779546867,0.8486798278971588
Mbi2.80Zp0.15T04.0000_iTp0.00_ACFep00_aFem02,0.053918108710594076,0.08200814035824311,0.6492423870665942,4.520433881786687,1.0787519304861342,3.1731554343108663,4.459498678883645,2.304043987189099,2.833965720388766,2.5920753536220666,1.6073158325894983,0.8343162328584427,0.8428580621780656,2.5245851907455177,0.8492541636755399
Mbi2.80Zp0.15T04.5000_iTp0.00_ACFep00_aFem02,0.060846417511823875,0.08907129196941192,0.6664411365866642,4.653919188788292,1.1020232492352968,3.222576372553466,4.490348574765109,2.3675916692056242,2.887218678295414,2.6437771774658607,1.638024985058009,0.8430516970231603,0.854551040376152,2.583480456768014,0.8561176796903436
Mbi2.80Zp0.15T05.0000_iTp0.00_ACFep00_aFem02,0.06484650269548226,0.09289682754096257,0.6694688991223041,4.756436809411724,1.1189220876797437,3.255548071084342,4.497027538027021,2.40409424723395,2.9133432972557656,2.66980355484179,1.6550314586594985,0.8462848797801038,0.8620101644326006,2.6153420355493266,0.8611968522127429
Mbi2.80Zp0.15T05.5000_iTp0.00_ACFep00_aFem02,0.06665587383219886,0.09476026573430586,0.6872654112892357,4.806447891494307,1.1229729595705304,3.275240056793458,4.495549631678303,2.4440080719831463,2.9384613921472598,2.6981763693825593,1.670950775014955,0.8458192249577541,0.8681792259750251,2.6489981071640902,0.8671864949930105
Mbi2.80Zp0.15T06.0000_iTp0.00_ACFep00_aFem02,0.07042791127836436,0.09841780863961538,0.7060340198876498,4.909730589415901,1.1309325412279976,3.3151978319511,4.4992869351063955,2.49766665187438,2.9754397203983576,2.7364683372516465,1.7009448312767048,0.8458989123221298,0.8789804183177967,2.6952797118404637,0.8745472184305331
Mbi2.80Zp0.15T06.5000_iTp0.00_ACFep00_aFem02,0.07668109704440218,0.10481429230763037,0.7240875141525664,5.0286480383092,1.154686388953409,3.353007083279835,4.520215613036755,2.552664265467355,3.0123422897646215,2.779558949966966,1.7236717491833846,0.8510187575144036,0.8884254968308238,2.7428302096139534,0.8814598729537909
Mbi2.80Zp0.15T07.0000_iTp0.00_ACFep00_aFem02,0.08117067640896203,0.10949020251024856,0.7376998882832779,5.118063617428225,1.1707535728007672,3.383777359819923,4.539902269695524,2.5788707052500395,3.0388595587508704,2.812274348825618,1.7417668460471663,0.8553130039303025,0.8973927504054682,2.7700563865377026,0.8814943380156532
Mbi2.80Zp0.15T07.5000_iTp0.00_ACFep00_aFem02,0.08525401478432794,0.11361194169939562,0.7570075582083826,5.192468640647377,1.179691259868665,3.4082702266052785,4.559104808174722,2.615290128591629,3.072080581285503,2.841778813287492,1.7608968107804839,0.8576909721497589,0.9050161529038037,2.8045920122452994,0.884461382694224
Mbi2.80Zp0.15T08.0000_iTp0.00_ACFep00_aFem02,0.09295903880692992,0.12158301051932092,0.7607088100783654,5.323789770304419,1.2051387257797412,3.453331173768176,4.595538305803822,2.6529472109619334,3.1128178150387606,2.880351107175987,1.787648150945476,0.8651982876902385,0.9163689490749907,2.843494189803314,0.8853236894853113
Mbi2.80Zp0.15T08.5000_iTp0.00_ACFep00_aFem02,0.09334209877668526,0.12198110693198384,0.7757954106442745,5.365422516264822,1.2102455671209515,3.4698259781976235,4.5806205612022115,2.6699107783485982,3.128634035732048,2.900888476969212,1.7999263310977414,0.8627792566960234,0.9208427497583893,2.8605798089429233,0.8856126742123942
Mbi2.80Zp0.15T09.0000_iTp0.00_ACFep00_aFem02,0.09983219107786537,0.12875166101328395,0.7855583511086548,5.442356520249203,1.2276325047325312,3.501289463336248,4.628368531336653,2.704816612110054,3.1677571897765064,2.9339109344961054,1.8197414399761327,0.8717321237497885,0.9304164987794566,2.8967393952458256,0.8865826711715818
Mbi2.80Zp0.15T09.5000_iTp0.00_ACFep00_aFem02,0.10372729452152371,0.1328080465500416,0.7861486432562826,5.476554465108292,1.2316733657711845,3.51739444286831,4.650829031610393,2.707701467899705,3.1941084265998114,2.953903561160202,1.8339826484786477,0.8740927052821416,0.9364039285947698,2.909738685285301,0.88083805733965
Mbi2.80Zp0.15T10.0000_iTp0.00_ACFep00_aFem02,0.10845472616835702,0.13778874063067093,0.7972895140328842,5.551426011297066,1.2475619593403962,3.5526842303322055,4.681763849492612,2.739969454869771,3.223164629679064,2.9844723535972957,1.8529632569462833,0.8783763536774123,0.9441593555731176,2.9407907032931813,0.8827737389449049
Mbi2.80Zp0.15T10.5000_iTp0.00_ACFep00_aFem02,0.11038373667320414,0.13988452976840274,0.8106598548240647,5.592611237154101,1.2513911562939066,3.5803897265050217,4.68021463100933,2.7552336926472396,3.250100337915766,3.0185536796700467,1.8711497702763005,0.8752260350446778,0.9544171980439352,2.962457714859154,0.8790511280149855
Mbi2.80Zp0.15T11.0000_iTp0.00_ACFep00_aFem02,0.11541596817435931,0.1451763582463643,0.822474115601424,5.65512550848451,1.2620518407949592,3.6072923540656125,4.70195625746015,2.7874405073771253,3.2791386866585204,3.0454646137897248,1.8892652370173928,0.879954658014099,0.9614919335270573,2.9929960379446996,0.8814593975181242
Mbi2.80Zp0.15T11.5000_iTp0.00_ACFep00_aFem02,0.11940475067849077,0.14943459331615222,0.8331746028097462,5.708482331902166,1.2712759210040527,3.637462713864302,4.718685503065537,2.8111257602089186,3.3048196661136036,3.0719253351092966,1.9082138071624384,0.8815498653169864,0.9679907053859682,3.017772195732308,0.8816804685367895
Mbi2.80Zp0.15T12.0000_iTp0.00_ACFep00_aFem02,0.12443999772268421,0.15473844042225865,0.8341069812394366,5.774387931171921,1.2831956212443922,3.6642329672861993,4.734487222060339,2.8260463742986253,3.3253135119559225,3.0932205229047622,1.9261106799249994,0.882083413002365,0.973687133341193,3.0354302231827,0.8805893554352603
Mbi2.80Zp0.15T12.5000_iTp0.00_ACFep00_aFem02,0.128801514410546,0.15945300633138218,0.8504447670397245,5.840807082936863,1.2949743137869927,3.695818083136537,4.738035638969542,2.857497291109037,3.3469599412815825,3.1187350218974546,1.9464366392382373,0.8838602296601017,0.9796825367646519,3.0628950979048466,0.8838948658673095
Mbi2.80Zp0.15T13.0000_iTp0.00_ACFep00_aFem02,0.1342566894644171,0.16518647153033694,0.860421456463201,5.892482836267599,1.305611725805937,3.7238905908044746,4.7615252182377885,2.8712500823773737,3.3660348165936296,3.1394241506277347,1.9631225164198354,0.8865285578979099,0.98683793250798,3.07937397766159,0.8827202190789477
Mbi2.80Zp0.15T13.5000_iTp0.00_ACFep00_aFem02,0.13799155002445346,0.1691344411587914,0.8735322287418316,5.944031022865149,1.3147847823218535,3.7453070790340366,4.770535870908473,2.900970359008262,3.384799982900189,3.1586664502682105,1.9745350769581136,0.8883541811673056,0.9906578114343053,3.1041138111333844,0.8866769283948442
Mbi2.80Zp0.15T14.0000_iTp0.00_ACFep00_aFem02,0.14168196723357715,0.17306249360101558,0.8892640436482138,5.996912837362012,1.32574701448903,3.7676358004864894,4.782350480977329,2.929242227774815,3.4029134863232375,3.1767970993092494,1.9857238058606403,0.8897555038414416,0.9940493725215308,3.1276988304849835,0.8903863443997472
Mbi2.80Zp0.26T00.0300_iTp0.00_ACFep00_aFem02,-0.13305952991437167,-0.08403223240242824,0.1239083938570397,-0.031970847599977086,0.35397674728805195,0.8904758444789136,1.8530749125922985,0.5022853780440057,0.8696581667667798,0.8304981458392332,0.49291013416149837,0.2688026967041041,0.30426023269699176,0.6567412880328782,0.5908696445376823
Mbi2.80Zp0.26T00.0400_iTp0.00_ACFep00_aFem02,-0.1384045639116968,-0.08867650450816304,0.11866993167951392,-0.17145463460571725,0.31421648671807123,0.8665615763862046,1.744151681107984,0.5316000557213277,0.8691577872327744,0.847966250879627,0.5223459999134903,0.294942708440106,0.32301363372392905,0.6774142085827886,0.6191749039931962
Mbi2.80Zp0.26T00.0500_iTp0.00_ACFep00_aFem02,-0.14460394633499085,-0.09384534447985932,0.11772118324918901,-0.23970397035805527,0.28731545449589974,0.8329652479502909,1.6376101686194726,0.5560995250297285,0.8556709064994533,0.8405205700089616,0.5280787997635541,0.30543898448744483,0.3323180758969167,0.6880982183574598,0.6557037135623993
Mbi2.80Zp0.26T00.0600_iTp0.00_ACFep00_aFem02,-0.1511030644483857,-0.09941217336552352,0.11298280457275127,-0.3248802657782305,0.2644060755433602,0.8220783469608159,1.5868255130026,0.5740420389490708,0.8550403376368071,0.8463082614698991,0.5331992602215258,0.30697726352321364,0.341144410562116,0.699589577348565,0.6748082541702174
Mbi2.80Zp0.26T00.0700_iTp0.00_ACFep00_aFem02,-0.15549926513609816,-0.10322120847942295,0.1094639761994274,-0.3861458866038371,0.24813431111273956,0.8194259002197419,1.555442315209103,0.5835819119312984,0.856841868532781,0.8303763688502562,0.5200401935738833,0.3134451895761674,0.3378666611083809,0.7040688002800308,0.6917681411937131
Mbi2.80Zp0.26T00.0800_iTp0.00_ACFep00_aFem02,-0.15865082047222132,-0.10570422365900009,0.10921291979859898,-0.3266424296273557,0.23437870943868278,0.8225908173079909,1.5590730745961867,0.6077614814183734,0.852301803847713,0.8179607911698578,0.5098813619244819,0.30661303618243013,0.32718587055977355,0.7156481582420637,0.7277436293327036
Mbi2.80Zp0.26T00.0900_iTp0.00_ACFep00_aFem02,-0.16006697068684958,-0.10690380981093014,0.10620773317389928,-0.3242400283607675,0.23431248606022345,0.8535700663754731,1.594004602068929,0.611715098685421,0.8596865185435693,0.8312117201226198,0.5247437680088664,0.31261130889166455,0.3264118149997848,0.7218074906608356,0.7235386313583871
Mbi2.80Zp0.26T00.1000_iTp0.00_ACFep00_aFem02,-0.16432755205983035,-0.11067396424813389,0.09759384690560131,-0.3883380135835143,0.21605681474121147,0.8565899874142433,1.5891178832503723,0.6110822721099082,0.8394030745027878,0.8160820213766019,0.5231031485596322,0.3042544412491093,0.32701647016549645,0.7134101449980574,0.7382516141412951
Mbi2.80Zp0.26T00.1500_iTp0.00_ACFep00_aFem02,-0.181144839886319,-0.1248627477788623,0.11004182672524528,-0.5886229103870826,0.18518038007574372,0.9007054982404401,1.5831706918040156,0.6276986933244841,0.8871495950065027,0.8283421262864227,0.5213838727496861,0.3047639112352388,0.3157748948786852,0.7392745752509002,0.7318003176971353
Mbi2.80Zp0.26T00.2000_iTp0.00_ACFep00_aFem02,-0.1921699640909967,-0.1344094183971011,0.11550851119596015,-0.6836364123732435,0.18390928519501126,0.9781503609155695,1.7076343951065196,0.6596635411605455,0.9594034914311498,0.8768375524988794,0.555968861861323,0.31653081803098454,0.3267385844999069,0.7858963655952211,0.7184934062346144
Mbi2.80Zp0.26T00.2500_iTp0.00_ACFep00_aFem02,-0.19649810139992357,-0.13876894510141688,0.1218253282547659,-0.6992432001348954,0.19872658364213514,1.0604991880608705,1.8489972403807315,0.7031019419587943,1.0362637166479332,0.9386968500867479,0.5939577484293977,0.3283194901397046,0.34809876165614984,0.8422536343754169,0.7120161828053856
Mbi2.80Zp0.26T00.3000_iTp0.00_ACFep00_aFem02,-0.19683215676609425,-0.13920824694041645,0.14210493763387705,-0.5981056969144867,0.2374030139006822,1.2123623763327667,1.9991492727444522,0.7472804925196088,1.1477131104124632,1.0064214774472386,0.6294351872346403,0.34302110356542515,0.3731888133465394,0.9099999800661068,0.6938104023129673
Mbi2.80Zp0.26T00.3500_iTp0.00_ACFep00_aFem02,-0.1879001883640595,-0.13217153689661273,0.15547898978520866,-0.49257206579172186,0.31341770863717044,1.3929996227791515,2.2506032731895034,0.770282529917678,1.279983020450333,1.07977194151416,0.6920046380627514,0.37795846363707347,0.40766333563253243,0.970962003505808,0.6528495901764467
Mbi2.80Zp0.26T00.4000_iTp0.00_ACFep00_aFem02,-0.1716200708432057,-0.11837330840104054,0.16306912869975138,-0.3109425101335958,0.3692579242415151,1.5966683788537126,2.5190972068412307,0.7821628784834086,1.4036662812627254,1.1822430981903995,0.76194374343122,0.426861530619723,0.4333343441019934,1.024403602393514,0.604942218546593
Mbi2.80Zp0.26T00.4500_iTp0.00_ACFep00_aFem02,-0.16105050897624434,-0.1096946985860536,0.18792957447904549,-0.14116382232412905,0.42873861312427997,1.7547246358921735,2.748479049620326,0.7971959982342389,1.498890349685925,1.252979936305327,0.8021008561808874,0.4630387951724195,0.4367248683408664,1.0677165004202283,0.5793848658437625
Mbi2.80Zp0.26T00.5000_iTp0.00_ACFep00_aFem02,-0.15421173538059754,-0.10395072872427605,0.2013057143177574,-0.008796396732191205,0.4724612384107124,1.8720818244850685,2.9177863070752954,0.8286799449046018,1.5664628883858345,1.3074413471710526,0.8442050214007883,0.4904454829376012,0.4538890731514126,1.1126524669553584,0.5766928032269839
Mbi2.80Zp0.26T00.6000_iTp0.00_ACFep00_aFem02,-0.1359513024658029,-0.0881286481009045,0.24810837198229968,0.22452917638202077,0.5316017598760125,2.028282249629817,3.1155084370446,0.9215910217229656,1.679932756046583,1.4075836975527056,0.8891896138648918,0.5207811456395877,0.44647138700672667,1.215702471778232,0.5969788570024402
Mbi2.80Zp0.26T00.7000_iTp0.00_ACFep00_aFem02,-0.11327504535288914,-0.06885657852753103,0.31519899047876165,0.6189153476348042,0.5945256580705534,2.1798749985462647,3.3367560056440544,1.0060222519903916,1.7894942469300137,1.5168359958611322,0.9241061051972294,0.5632493557721616,0.4337457155368043,1.3128088045280777,0.60854311464128
Mbi2.80Zp0.26T00.8000_iTp0.00_ACFep00_aFem02,-0.0905200586769383,-0.04876220701572426,0.3680585010528245,1.0154170884346216,0.663163960876417,2.376481584439111,3.578078367616313,1.0877239537252075,1.9048476701643682,1.6342414739105853,0.9761105211576148,0.6098661035586812,0.4528689602965015,1.4105076686646405,0.6146914697225105
Mbi2.80Zp0.26T00.9000_iTp0.00_ACFep00_aFem02,-0.07355649994469966,-0.03410269427570437,0.3920846639536359,1.356659686511432,0.7066798842425885,2.471293534700964,3.6810438331766973,1.1948849030763464,1.9820070441549462,1.717638421392033,1.0176259608590745,0.6356589451025543,0.47987396139800365,1.5099076374134615,0.6459456259815896
Mbi2.80Zp0.26T01.0000_iTp0.00_ACFep00_aFem02,-0.0656041748881501,-0.027154029970810938,0.40551633254562236,1.617886974264724,0.7232079259594246,2.5051630112577588,3.7208482772941887,1.326544092454172,2.038168526431314,1.7780156024362324,1.0462208114231117,0.6517125334420368,0.5021722854833107,1.6146489424375148,0.6952201715947204
Mbi2.80Zp0.26T01.2500_iTp0.00_ACFep00_aFem02,-0.037945295438413004,-0.002871749712542916,0.4388979827730349,2.3135642617558547,0.7942886825815715,2.628051623328894,3.9071815334162423,1.6144464228690931,2.217022691687257,1.9463478633660034,1.159022963415761,0.7061792041133078,0.5846684847826411,1.859275975125208,0.7755477930781686
Mbi2.80Zp0.26T01.5000_iTp0.00_ACFep00_aFem02,-0.010388475054234615,0.023500512618581493,0.48215649140914985,2.9696712150742353,0.8951727423232199,2.793115156480361,4.166518149812209,1.9016881258246048,2.4142577867730024,2.153510361167814,1.3137600744993088,0.7437309737147052,0.677915824174109,2.110053195185905,0.8326552768147394
Mbi2.80Zp0.26T01.7500_iTp0.00_ACFep00_aFem02,-0.0034437790565290567,0.028732127456052994,0.5328814520310231,3.2081446906333944,0.9022614714231036,2.8030331075898256,4.18211333335735,2.004549493359211,2.426640993929857,2.163833026611533,1.3092380163171118,0.7318539837383422,0.669154324585823,2.1718229055749343,0.8733518518520227
Mbi2.80Zp0.26T02.0000_iTp0.00_ACFep00_aFem02,0.009734684497859828,0.04079147330361334,0.5499098626111266,3.4689348514223393,0.9418713954197542,2.8636200421354245,4.289282179460937,2.097696274770204,2.4886844697364667,2.21718299798097,1.3529406455835682,0.7519928255264124,0.6888425151852813,2.249674733376745,0.8915237367650235
Mbi2.80Zp0.26T02.2500_iTp0.00_ACFep00_aFem02,0.02047465676423858,0.051012606563457324,0.5791626038256625,3.7240840281738508,0.9782102379422944,2.9342851177688614,4.365782727749726,2.2361044710151856,2.578291885753047,2.300496738933186,1.4119174384488185,0.7715816771137528,0.7195016606067962,2.364614112653924,0.9166638044947047
Mbi2.80Zp0.26T02.5000_iTp0.00_ACFep00_aFem02,0.02961068660395772,0.0598101590221809,0.6027964618492286,3.932128754310874,1.0121855631057555,3.0050212292723795,4.431268801529865,2.338057306132461,2.6470430214706195,2.3682262509156606,1.4701153613890876,0.7860192525093063,0.745160481468128,2.450797664334045,0.9323755831040379
Mbi2.80Zp0.26T02.7500_iTp0.00_ACFep00_aFem02,0.04069407516786253,0.07075002927238476,0.6279342318381576,4.15741850101315,1.046814469566693,3.0738302168443274,4.467655343532618,2.4604632460643274,2.728541962477492,2.4485947659493723,1.5289134550834116,0.8001181727639278,0.7681200627393945,2.553549152338597,0.9505112092382265
Mbi2.80Zp0.26T03.0000_iTp0.00_ACFep00_aFem02,0.050252248738638504,0.08014554025055605,0.6598929663128128,4.337765847029505,1.0791675057326806,3.125857128880884,4.549323372209954,2.57354205023048,2.7937028032857087,2.50060836278082,1.5622371714815468,0.8131865769145853,0.783694840319782,2.641686998349856,0.972191459665384
Mbi2.80Zp0.26T03.2500_iTp0.00_ACFep00_aFem02,0.044511332754906256,0.07393421227243001,0.6653684189713849,4.300859230061482,1.0632669616074217,3.11580662067894,4.4910658610777,2.565561653676249,2.774334511642156,2.4912082195262752,1.5492084352541715,0.803738544085124,0.7799312186353199,2.629513340761694,0.9744718767506603
Mbi2.80Zp0.26T03.5000_iTp0.00_ACFep00_aFem02,0.04956528786172216,0.07869126025140216,0.6811528588675806,4.424291415564991,1.084268533603792,3.156840508041681,4.520668444037213,2.604056261919495,2.8016061077550005,2.521389968717026,1.571169724243525,0.8130393706876978,0.787192308512912,2.6629352832347513,0.9784175019138508
Mbi2.80Zp0.26T03.7500_iTp0.00_ACFep00_aFem02,0.054702694802283784,0.08356360032187879,0.6988162506766646,4.528433330313462,1.1012932553277506,3.182518017855443,4.574016575298628,2.6401470821822177,2.831924088709,2.5503157773884384,1.5896941475937152,0.8222422511492585,0.7998416476702191,2.696019224441891,0.9810588706060546
Mbi2.80Zp0.26T04.0000_iTp0.00_ACFep00_aFem02,0.058862141308506644,0.08772040642346739,0.7212949566119629,4.622594931362574,1.112778417199101,3.212394718945699,4.598444210285971,2.7019740536834673,2.8658430707131095,2.5824504582223486,1.6160534952304983,0.826519076250026,0.8102112418270027,2.7439081914174546,0.9918606768645982
Mbi2.80Zp0.26T04.5000_iTp0.00_ACFep00_aFem02,0.06587576304741616,0.0946865170728082,0.7415021882243183,4.782702210298432,1.139872625869598,3.270621848517112,4.6280773172323855,2.7637827551901335,2.919636040896945,2.632495742129721,1.6498398742307414,0.8344840739350177,0.8209597604137913,2.8012557162043836,0.9955753441008911
Mbi2.80Zp0.26T05.0000_iTp0.00_ACFep00_aFem02,0.07365750944966787,0.10260987409844177,0.7776362423327066,4.937255193640047,1.1643652471245802,3.3226848090331194,4.67618947992119,2.8809956729986994,2.9836923638333235,2.685202030715515,1.6868692172420043,0.8446193431358963,0.834792737096512,2.890539563729002,1.0164224176654415
Mbi2.80Zp0.26T05.5000_iTp0.00_ACFep00_aFem02,0.06804020598852964,0.09687294385802517,0.781237575315962,4.877020080491045,1.148166236060085,3.2987695729924815,4.640808402925361,2.8426957107520305,2.962358014476643,2.6741541238239086,1.6736039156493359,0.8360969635973136,0.8306817817184203,2.862112008920352,1.0086719024113107
Mbi2.80Zp0.26T06.0000_iTp0.00_ACFep00_aFem02,0.07315851427802399,0.10196248022803327,0.8055995035402039,4.993325609685507,1.1670135880917025,3.3437645779084666,4.666208305206275,2.9190895832950523,3.010371319145889,2.713528844020935,1.70442444580152,0.83879045150548,0.8359517930310618,2.9231696533051674,1.0199652335235794
Mbi2.80Zp0.26T06.5000_iTp0.00_ACFep00_aFem02,0.0800882813328588,0.10891364192956793,0.8202362800939342,5.110195263213466,1.1874806044663868,3.3925632335757845,4.702581934226608,2.9726556921355134,3.0529709051099534,2.753095537871719,1.7317397269817116,0.8452277603420765,0.8489916130512876,2.9708301866886746,1.023982664107758
Mbi2.80Zp0.26T07.0000_iTp0.00_ACFep00_aFem02,0.08361203242152032,0.11266210068901676,0.8344354038203662,5.161045948025222,1.1973011095720727,3.419777432279804,4.715612118483505,3.008927675212993,3.0808009547447854,2.7818123584495056,1.748682009787693,0.84769673855936,0.8567065124081973,3.003000072794493,1.0264800062597186
Mbi2.80Zp0.26T07.5000_iTp0.00_ACFep00_aFem02,0.09353268174014018,0.12293850856147351,0.8403459870506539,5.303550006808679,1.2274328189998127,3.4670632118701157,4.763395032709056,3.0622499674034382,3.120490683884041,2.824779953800277,1.7770883605614805,0.8567042229783094,0.8733710265041003,3.0499461054926655,1.0301465329410753
Mbi2.80Zp0.26T08.0000_iTp0.00_ACFep00_aFem02,0.1002849524499749,0.13014759506346504,0.8541258175936964,5.41790079089674,1.2522922799800913,3.5126684342775394,4.795064465637032,3.1032839038576556,3.1625122421045107,2.8696519721580893,1.804703784521014,0.8622391737363905,0.8862241449276831,3.0918766694954947,1.0289122754716038
Mbi2.80Zp0.26T08.5000_iTp0.00_ACFep00_aFem02,0.1042453345097294,0.13420516753591707,0.8726219463424738,5.492083741015295,1.2655806141838595,3.535369511220983,4.812707135542911,3.147681267742938,3.1834836816063152,2.8914025153828313,1.8186955774379947,0.8655186921209586,0.8923419910403768,3.124606534332685,1.0362930812771445
Mbi2.80Zp0.26T09.0000_iTp0.00_ACFep00_aFem02,0.10745797325384496,0.13749051941912555,0.8924889004762977,5.546284290811247,1.2737798631985437,3.56029172422475,4.829639014982764,3.185919968589769,3.208413179187289,2.915674545344617,1.8338585794057765,0.867502144858482,0.899251547296875,3.1560430755141784,1.0404553663813771
Mbi2.80Zp0.26T09.5000_iTp0.00_ACFep00_aFem02,0.10970161437043827,0.13994213722798635,0.9022293948885116,5.577843406927324,1.2772322278403436,3.582869064008576,4.844651297575727,3.19769594609184,3.23270743301531,2.9398943457575863,1.848995901469378,0.8671597277394916,0.906322881064835,3.1741209541020563,1.0360933883953023
Mbi2.80Zp0.26T10.0000_iTp0.00_ACFep00_aFem02,0.11246323103468794,0.14282089585179428,0.9167978759537552,5.619258931164296,1.282798797245462,3.6078063742916466,4.850206181612303,3.221461086614966,3.2578336241525805,2.96771807364607,1.8647689016799869,0.867621780264323,0.9128357679785333,3.1989525440417736,1.0349158574184105
Mbi2.80Zp0.26T10.5000_iTp0.00_ACFep00_aFem02,0.11692977868730949,0.14749638275988478,0.9280167501005603,5.658128041899924,1.2923252965923624,3.632676147373747,4.886562053906792,3.2429170666778067,3.2823118064552865,2.9930719453521144,1.8786915671358921,0.8690018409057142,0.9200882003239623,3.2220537438674284,1.0335358585022947
Mbi2.80Zp0.26T11.0000_iTp0.00_ACFep00_aFem02,0.11989237957302674,0.15073819964848756,0.9289593799021282,5.721672510331924,1.2902521013139776,3.6820060539148773,4.8346026705350935,3.253654007928243,3.3141784546160276,3.0438392261129423,1.9009815563237218,0.8452307980271324,0.9240652115062372,3.2460598768108797,1.0234806417069289
Mbi2.80Zp0.26T11.5000_iTp0.00_ACFep00_aFem02,0.1235462341969293,0.15464216436082398,0.9448673841284143,5.786021733698062,1.2997978022192107,3.7058622975181446,4.8379830009217235,3.2857921125710314,3.336312099544293,3.0653029935972738,1.9171888251577924,0.8460029091803232,0.9275633650042582,3.273086265069461,1.0265509765156913
Mbi2.80Zp0.26T12.0000_iTp0.00_ACFep00_aFem02,0.12666832114873128,0.15797874873652396,0.9578881913868524,5.839375779223984,1.307730996713221,3.731350573905936,4.839524304294885,3.311085607678162,3.3567492100956553,3.0876123874429817,1.9326357928832687,0.8458055846354546,0.9333640811520915,3.2962048148344705,1.027591502296457
Mbi2.80Zp0.26T12.5000_iTp0.00_ACFep00_aFem02,0.1299906447535783,0.16147504147885056,0.966707318146019,5.886282988545803,1.3152816256456081,3.753031827788887,4.845811722038131,3.3232004050042008,3.3754236577952477,3.1069257382725763,1.945747097159521,0.8462592178174211,0.9391028011757895,3.3117024316918604,1.0253074007457992
Mbi2.80Zp0.26T13.0000_iTp0.00_ACFep00_aFem02,0.13336050129300958,0.16501410981930026,0.9795978922586518,5.9314814724493985,1.3240980513327973,3.7777202186818633,4.8614768386783345,3.347397734429517,3.3942881723951843,3.126830164602665,1.959938262170822,0.844970278797718,0.9440236297480039,3.3333694373803553,1.0266330287054937
Mbi2.80Zp0.26T13.5000_iTp0.00_ACFep00_aFem02,0.13622712573217893,0.16810241766056894,0.9924841064045777,5.9740115844979735,1.3320540989176706,3.8031581294364294,4.86638220962703,3.35900652351119,3.4127273123441335,3.1505523268240343,1.976141568314741,0.8442886731301159,0.9495775324027634,3.3491479526684076,1.0235756232190378
Mbi2.80Zp0.26T14.0000_iTp0.00_ACFep00_aFem02,0.13903949816397954,0.17116955711541154,1.017448704648037,6.025781896147107,1.3421122313814258,3.8281995364011245,4.870846986866751,3.390407247315251,3.4319603172055686,3.170984680898623,1.9907674899297625,0.8449760582465164,0.9538942583663469,3.3746103921955095,1.0269379037046922
Mbi2.80Zm1.79T00.0300_iTp0.00_ACFep00_aFep00,-0.11343098653879366,-0.07060093295982599,0.23647552114211967,-0.07273316644358196,0.3610623216481803,0.410715951119315,0.8874163705801912,0.3990100819111982,0.4345469170861758,0.45901899965679704,0.23691439294643013,0.06021641176832934,0.1371126016853665,0.41966974054452055,0.8930736377358276
Mbi2.80Zm1.79T00.0400_iTp0.00_ACFep00_aFep00,-0.1223046046914042,-0.07861209125225137,0.1590293856651016,-0.22598316421925624,0.3133137106765602,0.3283599616112708,0.8133645270885492,0.3127528629831104,0.35795143955874525,0.3906653482360286,0.19632060422442443,0.04547460731099626,0.12702349440742486,0.3388437999114284,0.8355486226922515
Mbi2.80Zm1.79T00.0500_iTp0.00_ACFep00_aFep00,-0.1287464618827531,-0.08444348682719702,0.10597674359785278,-0.3416271621501654,0.28300256088163744,0.2660484354813471,0.7361788279765802,0.2522893112645788,0.2982971280078015,0.33770157249767635,0.16676232563635604,0.03663090910664058,0.1126534584693067,0.2793577395068947,0.793364235065464
Mbi2.80Zm1.79T00.0600_iTp0.00_ACFep00_aFep00,-0.13153293834588328,-0.0864296616622604,0.0974545282236273,-0.35835612154218444,0.2729481209404514,0.268345220613582,0.7236707486656099,0.238817008728253,0.29712864891797036,0.34056153108342796,0.17230797211552154,0.03463762511170126,0.11740952137561644,0.2717787302601756,0.7490063865425349
Mbi2.80Zm1.79T00.0700_iTp0.00_ACFep00_aFep00,-0.13510637637815442,-0.08939998398634984,0.08230682986829965,-0.38638708446364767,0.26110084885624774,0.2646588716463086,0.7148214832648894,0.23255056568467986,0.2878497816404185,0.32819716793487214,0.16789982353007127,0.0373112214591947,0.11262676780708047,0.26375521919870987,0.75497676222568
Mbi2.80Zm1.79T00.0800_iTp0.00_ACFep00_aFep00,-0.13679090728343926,-0.0907249592136411,0.0708234598492543,-0.410957928800959,0.25446683112896645,0.2677559646097266,0.7224664689295606,0.22716729886095466,0.2961533404111778,0.33591660863016504,0.17799661658908345,0.04183913448666407,0.11741164566067615,0.26420743815364006,0.7188043007122806
Mbi2.80Zm1.79T00.0900_iTp0.00_ACFep00_aFep00,-0.13928830026563993,-0.09286482860081252,0.07336405407068161,-0.43334137617803004,0.23801721921445684,0.2908119067154343,0.7390568634338439,0.26240584241884896,0.31762489952743245,0.35237583744765033,0.19106840691913077,0.060651150187975185,0.12592520747434155,0.2930868592974481,0.783300160544772
Mbi2.80Zm1.79T00.1000_iTp0.00_ACFep00_aFep00,-0.14047194058546322,-0.0942442639929056,0.0754593691947353,-0.4597012638037479,0.2143907205035078,0.30998242225868755,0.7530913391913904,0.2816766490479739,0.3350000523061266,0.3685930758084188,0.2047466459566839,0.07037379296890724,0.13717491273853707,0.311466139164613,0.8006805006831071
Mbi2.80Zm1.79T00.1500_iTp0.00_ACFep00_aFep00,-0.14738170788380225,-0.10071605561395805,0.0781270705059961,-0.5496824843371777,0.16361000529020175,0.33646960114439856,0.7240370065613617,0.3262511939255973,0.36054156648198493,0.39708684629044133,0.22430695821976243,0.08646124928325892,0.14330017636851913,0.3478010063989347,0.8612432913695266
Mbi2.80Zm1.79T00.2000_iTp0.00_ACFep00_aFep00,-0.15394834523592477,-0.10675726638015628,0.0806542470829312,-0.6650683961553865,0.11871872015240438,0.33326812753318674,0.6665068334697136,0.34613893824815667,0.3539511081493656,0.39345487406893476,0.2172731866211751,0.08396352847582862,0.13954939771098096,0.35545030934350985,0.9262407486245068
Mbi2.80Zm1.79T00.2500_iTp0.00_ACFep00_aFep00,-0.15900726722630126,-0.1114307353761962,0.08192530182366499,-0.7150907643276874,0.09966088380969212,0.3532808469145928,0.6889523439067311,0.3603678972373994,0.3669146336557898,0.40184721166872905,0.23043890545027837,0.08669836682801708,0.14283377448753998,0.3684413892433598,0.9375280509278571
Mbi2.80Zm1.79T00.3000_iTp0.00_ACFep00_aFep00,-0.16244799424513537,-0.11392775096864852,0.08445154982408498,-0.7210155693656372,0.09015605126809953,0.3709194050942175,0.6838350895353866,0.3709940413522564,0.3743948096843082,0.4101175690025403,0.23371562423048522,0.08146986906472968,0.13906508404857046,0.37763615312024007,0.9457952517543257
Mbi2.80Zm1.79T00.3500_iTp0.00_ACFep00_aFep00,-0.1673316713759211,-0.11874067710882728,0.08169287940121847,-0.7974658844038509,0.0860823444494431,0.3906105161158223,0.6857293392800721,0.3717948044207574,0.3849333484403593,0.4179454898453743,0.24166047777350663,0.08215563828831585,0.1423424361403148,0.38282223935192594,0.9261542008370651
Mbi2.80Zm1.79T00.4000_iTp0.00_ACFep00_aFep00,-0.17240515683869959,-0.12334890304086141,0.0837603749285762,-0.8520149525212802,0.08523622239642777,0.3813069827486652,0.660439034851891,0.37932617038045957,0.38557918423016196,0.4146309649974585,0.2299741905979616,0.08139505296190781,0.1348023033783059,0.3864529771394996,0.9480663816788455
Mbi2.80Zm1.79T00.4500_iTp0.00_ACFep00_aFep00,-0.17399602692136334,-0.12509172034427146,0.08889661173557546,-0.8842934137567159,0.0794017070535517,0.3681430447772437,0.6321195436543094,0.39616688103217196,0.386267690377912,0.4159720950679236,0.21495641960036854,0.08114352852248055,0.12091682220908652,0.3953751111552505,0.9876520417446181
Mbi2.80Zm1.79T00.5000_iTp0.00_ACFep00_aFep00,-0.17731099192195043,-0.1283900795058998,0.09106586645776679,-0.937777485097548,0.07584196008682595,0.37228906357197505,0.6473945121427384,0.39712240968009904,0.3943994829604165,0.4198005810008049,0.21851220649261174,0.07978918220587985,0.12079520130468939,0.3993110688714692,0.9754909812903505
Mbi2.80Zm1.79T00.6000_iTp0.00_ACFep00_aFep00,-0.17852823185894928,-0.1301505046214468,0.09412152754829728,-0.931069162267639,0.0671205640251513,0.3863808312914618,0.6492023959367875,0.4314479766949059,0.3986207551744879,0.4253514200050245,0.22589407326328498,0.07403811971880232,0.11695719476244777,0.4185849111477202,1.047239190087723
Mbi2.80Zm1.79T00.7000_iTp0.00_ACFep00_aFep00,-0.17782448091396097,-0.13022028445057068,0.09763386559629621,-0.9230086774365376,0.06407325223420486,0.40157017647357135,0.6424620338388318,0.46305828913291175,0.40739122708880815,0.4294110899222315,0.2285975623348015,0.07110918450116632,0.1163833944823832,0.4376081569469029,1.1067328082620564
Mbi2.80Zm1.79T00.8000_iTp0.00_ACFep00_aFep00,-0.1738455965988227,-0.12733287441453056,0.09889803391446521,-0.8717957342439409,0.07056916980103413,0.42535265336800426,0.6773962481045701,0.4777058164781469,0.42550529936636333,0.44232030370828845,0.23756143240631925,0.06715915214510614,0.11688998589729105,0.45333816468007077,1.100925842209921
Mbi2.80Zm1.79T00.9000_iTp0.00_ACFep00_aFep00,-0.1649948087708587,-0.12099592655401849,0.10360372471084661,-0.7407503608536774,0.08838993677734448,0.4972875931601658,0.7871560752304333,0.5101298307859155,0.47503602978257037,0.48031207494148004,0.26367145737435355,0.07665819684633418,0.11968710876453907,0.4930351514212279,1.0679454499640526
Mbi2.80Zm1.79T01.0000_iTp0.00_ACFep00_aFep00,-0.15623066450413442,-0.11481634383382329,0.1073792719329886,-0.5890527263206633,0.10266275503526472,0.5682079221428453,0.8533172869857485,0.5089220797503794,0.5156585538196272,0.5159776079590883,0.28307017562708836,0.09401858736198958,0.12185826441982338,0.5123236167559483,0.9866309433607126
Mbi2.80Zm1.79T01.2500_iTp0.00_ACFep00_aFep00,-0.1501661332078294,-0.11137289834207689,0.11208249102214166,-0.47991017568917926,0.09856021558863728,0.6081648438018102,0.8440402534674223,0.508086271001261,0.5354302751181241,0.5440824318550092,0.2899051880620642,0.10254714307718396,0.11695869397153905,0.5227577485228357,0.9413252252044241
Mbi2.80Zm1.79T01.5000_iTp0.00_ACFep00_aFep00,-0.14274065673566894,-0.10542623664188192,0.12036372194828973,-0.38127427962458005,0.09915254240689435,0.639977797125529,0.8647948700277223,0.5181763733496799,0.5564402274155399,0.5697571803807505,0.3021696942385011,0.11016962710988067,0.11900198150534515,0.5387637028769647,0.9202229906808825
Mbi2.80Zm1.79T01.7500_iTp0.00_ACFep00_aFep00,-0.1423082382049511,-0.1055468947286218,0.12199140450510644,-0.36668183934008547,0.09645407440175573,0.6408143433823655,0.8431497103878723,0.5204753628373466,0.5565195023407886,0.5737718371918482,0.30143796249088917,0.10807339039008246,0.11472054581921648,0.5405265268000014,0.920957888702496
Mbi2.80Zm1.79T02.0000_iTp0.00_ACFep00_aFep00,-0.13840078079704154,-0.1026274544417117,0.1255127184497362,-0.3040995625165952,0.10249168111737186,0.6601929440723888,0.8572283192305193,0.5285215656304069,0.5704501714933925,0.5857893333066342,0.30621044916831136,0.10808822503809107,0.11542295089320172,0.5511489812569554,0.91420776307382
Mbi2.80Zm1.79T02.2500_iTp0.00_ACFep00_aFep00,-0.13212961175494442,-0.09759202349367181,0.12624613189633532,-0.23381607721163122,0.11774370577330673,0.6731393164765244,0.8731085131754521,0.5352196763483518,0.5829364477522941,0.5978536366294637,0.31109475835266065,0.10646044132718685,0.11627856851160943,0.5605662934376657,0.9065450047856456
Mbi2.80Zm1.79T02.5000_iTp0.00_ACFep00_aFep00,-0.12653063611851217,-0.09292458448396837,0.12820903454775087,-0.17706519643026392,0.1257012012511537,0.6797451906735403,0.8747057779731288,0.5368375943149815,0.590141368894071,0.606518865757212,0.31433883695602416,0.10553311403020824,0.11724359824245478,0.5650414572998851,0.8972264286385694
Mbi2.80Zm1.79T02.7500_iTp0.00_ACFep00_aFep00,-0.11449812256596131,-0.08295911824712399,0.1283718453797821,-0.03892124292756605,0.14181483930057598,0.6880229782429389,0.8861739983285492,0.5328061503442196,0.5919184747728434,0.6161977886486458,0.3168777087299889,0.10609318546447585,0.11869839914609595,0.5648007886272,0.8820444960078043
Mbi2.80Zm1.79T03.0000_iTp0.00_ACFep00_aFep00,-0.11191556634769628,-0.0807360936099562,0.1297077192078888,-0.0006673632381392972,0.14224139545735942,0.6971463830246242,0.8890175525369337,0.5325446166371941,0.6012921842161585,0.6282173926498278,0.3243836019116787,0.10994282225681697,0.1223615845191597,0.5694118023673438,0.8662716039913209
Mbi2.80Zm1.79T03.2500_iTp0.00_ACFep00_aFep00,-0.10987770175805274,-0.0789580932542698,0.12963585349417314,0.028814965392471616,0.1416244782057235,0.7015049986681694,0.8853666784138918,0.5295773249567804,0.6045905282470613,0.6316399678713934,0.3277154032001579,0.11078787690524777,0.12294368913808036,0.5693754211494196,0.8567614641760735
Mbi2.80Zm1.79T03.5000_iTp0.00_ACFep00_aFep00,-0.10859984822666721,-0.07775729005707514,0.1305972143167303,0.055938264767871684,0.13911789773358876,0.7097580630752028,0.8837314716734243,0.5322953926889353,0.6122628094560147,0.6372330453263361,0.33312211657746543,0.11280120234337221,0.1248121491001349,0.5741309120840786,0.8520162602406643
Mbi2.80Zm1.79T03.7500_iTp0.00_ACFep00_aFep00,-0.10833385545880188,-0.07784264112396509,0.1351751611987567,0.07760727022019868,0.13791278196640183,0.7273807659900021,0.8938842283683848,0.5364920413271153,0.6225051013795935,0.6484318785850545,0.3373411968551466,0.11508091658897925,0.12556374050195693,0.5812604366990054,0.8442464886686013
Mbi2.80Zm1.79T04.0000_iTp0.00_ACFep00_aFep00,-0.10715563754035705,-0.07693242584858288,0.13661353333654447,0.09755122380795672,0.1370180340274877,0.733777569523876,0.8916268029357867,0.5383467968360302,0.6280797565091637,0.6535819108595865,0.34066001489227155,0.11686259365069315,0.12559555590668955,0.5847810239262327,0.8400763017922748
Mbi2.80Zm1.79T04.5000_iTp0.00_ACFep00_aFep00,-0.10481861639695325,-0.07517745703548653,0.13901944627646817,0.13973876467051963,0.13561049707005973,0.7376362769021059,0.8828965585156417,0.5548183705127884,0.6284174754606549,0.6516753970150636,0.3408439918859827,0.12096595228150385,0.12147203160652413,0.5935239320664109,0.8668408088856263
Mbi2.80Zm1.79T05.0000_iTp0.00_ACFep00_aFep00,-0.10196115611211491,-0.07263186629483302,0.14285728163304365,0.1964503498340231,0.13566198843315544,0.7639712972417008,0.8990415025170178,0.5480310721029116,0.6486875555593451,0.6748917500976563,0.3549257534897437,0.12318758235623098,0.1296675787700833,0.5996014810892345,0.8281046247257221
Mbi2.80Zm1.79T05.5000_iTp0.00_ACFep00_aFep00,-0.1010795823121611,-0.07198662984386522,0.14769959645288752,0.2344603929172739,0.13228544021455377,0.7879603944075061,0.9133693954204628,0.5546047904174956,0.6631752889446002,0.6881610585707159,0.3620286170420038,0.1270736150804246,0.13195746103577466,0.6096558175255259,0.8208242032965959
Mbi2.80Zm1.79T06.0000_iTp0.00_ACFep00_aFep00,-0.09874409922256437,-0.06990710560675213,0.1535280036760992,0.28608402989130305,0.13047860312419426,0.8077608363664669,0.9168997505056509,0.5676828602437564,0.6794030963759351,0.7009375656804029,0.36912046511166646,0.1285246419932756,0.13451571967747258,0.6237855583172481,0.8225257370858884
Mbi2.80Zm1.79T06.5000_iTp0.00_ACFep00_aFep00,-0.09993224686968846,-0.07068323500458355,0.15795639464556863,0.2931528607955165,0.12259969293399178,0.8210527421743307,0.9171743875614922,0.5742367036116208,0.6885833701059668,0.7095547678127628,0.37412925576395023,0.1296046710171089,0.13644679156681988,0.6314916924017522,0.8214305697524715
Mbi2.80Zm1.79T07.0000_iTp0.00_ACFep00_aFep00,-0.09823310915474302,-0.06938745692676758,0.1592626550763128,0.3197458546966099,0.12583177144040975,0.8256002051081797,0.9199440214242212,0.5790490557910549,0.6955325916070461,0.7163383349580595,0.3795601856945512,0.13072163261850286,0.13778046681881959,0.6372760809365493,0.8202577797955007
Mbi2.80Zm1.79T07.5000_iTp0.00_ACFep00_aFep00,-0.09514824668777616,-0.0669185627437183,0.15917960341269688,0.34945162318511186,0.13251334848093851,0.8235272263435426,0.9167635297819245,0.5795323323735564,0.6999740445763099,0.7218608139174192,0.38492041907120916,0.13125454303409168,0.1391044608479712,0.6396945646086776,0.815189371552621
Mbi2.80Zm1.79T08.0000_iTp0.00_ACFep00_aFep00,-0.09434386386568837,-0.06626979058083574,0.16175368376064805,0.3708471134668444,0.13213674417821133,0.8308436200305949,0.9182285788879194,0.5843995244547735,0.7063178800539249,0.7286686728525327,0.3887719374190309,0.1322437504342218,0.13991821884306518,0.6453132070309515,0.814501743268766
Mbi2.80Zm1.79T08.5000_iTp0.00_ACFep00_aFep00,-0.09454239294225153,-0.06641740266280971,0.16329609695578123,0.37549884573755754,0.1310050664510462,0.8350411305329859,0.9171724135136226,0.5839370123697779,0.7115622146245217,0.7342664124840634,0.39281503847277105,0.13369527058549105,0.14102475037911597,0.6474717783298704,0.8077541161120236
Mbi2.80Zm1.79T09.0000_iTp0.00_ACFep00_aFep00,-0.09840192440848397,-0.06936146978029337,0.16106550093908492,0.32940941200473906,0.12668572222899552,0.8251705518312333,0.9010500126222873,0.5752045568881924,0.7094832823207552,0.7326689669092311,0.3935420596885936,0.1346785968069546,0.14199788121664778,0.6417415680998482,0.7977029570841961
Mbi2.80Zm1.79T09.5000_iTp0.00_ACFep00_aFep00,-0.10060110829577767,-0.07085959801607812,0.15745813857891955,0.30493035891763864,0.12415821540802996,0.8111624622635357,0.8815477925180777,0.5661700647608292,0.7056343865337519,0.7306320183070977,0.39285866849417495,0.1344330962401871,0.14239841238580683,0.6351943650137943,0.7883914333059481
Mbi2.80Zm1.79T10.0000_iTp0.00_ACFep00_aFep00,-0.10180091654811345,-0.07151908460422367,0.15672745672140267,0.30459263961582,0.12251904794669745,0.7985108618061217,0.8763479193953294,0.5629133339455742,0.7072698948070261,0.7339504722987455,0.393742890782494,0.13520639746829788,0.14460786562714462,0.6343003494219805,0.7811620579245697
Mbi2.80Zm1.79T10.5000_iTp0.00_ACFep00_aFep00,-0.10496394184231818,-0.07396065827805408,0.15831702520992774,0.26231631817455153,0.1195757687733795,0.8119982815480199,0.8809211839572563,0.5672625406689639,0.714830669251461,0.7394691117617181,0.39714698144447574,0.13685626801332137,0.14481538273147765,0.639851601487953,0.7801177557405177
Mbi2.80Zm1.79T11.0000_iTp0.00_ACFep00_aFep00,-0.1051947300580223,-0.07364060202659317,0.1599620346188208,0.2741641003954116,0.11600324887549113,0.8193793059181967,0.8862177641737291,0.570359697787034,0.7218200906976319,0.7428233268134828,0.40065800799142176,0.137805165837941,0.14612119757641914,0.6442447676309953,0.7788376214549925
Mbi2.80Zm1.79T11.5000_iTp0.00_ACFep00_aFep00,-0.10451851677389473,-0.07350127121727537,0.1581570690864014,0.3026694013690565,0.11764157815942455,0.8565334423904045,0.9256380070202463,0.5716043443853575,0.740036075769184,0.7584687933818368,0.411858143368829,0.1381593400216643,0.15117940908242034,0.6526545624770418,0.7628995489473456
Mbi2.80Zm1.79T12.0000_iTp0.00_ACFep00_aFep00,-0.10093679241486687,-0.07036473803431248,0.1647179845186549,0.3637175269684275,0.1221869815904313,0.8625050866102627,0.924196960240617,0.5793975812519406,0.7465654021286673,0.7682024505869717,0.4146987452945268,0.13942870216618997,0.15022758851894075,0.6603547495335674,0.764998518041178
Mbi2.80Zm1.79T12.5000_iTp0.00_ACFep00_aFep00,-0.09840617349528082,-0.0682867141388445,0.16585676100793578,0.39741016202570706,0.12486191311658412,0.8782194693061447,0.9421253045270634,0.5840481203083071,0.7561472571348677,0.7764357603219357,0.42398145407517246,0.14167137029060892,0.15332603324004107,0.667041403218705,0.7621748559859255
Mbi2.80Zm1.79T13.0000_iTp0.00_ACFep00_aFep00,-0.09481029863781319,-0.06527288760936194,0.1690727591475944,0.4482009611842416,0.127312508820517,0.8869615749079143,0.9484708307310379,0.5847096813072242,0.7630547813177726,0.7860689992161615,0.4274145225979525,0.1438424534399461,0.1540939837978344,0.6707707328796338,0.7548908468833823
Mbi2.80Zm1.79T13.5000_iTp0.00_ACFep00_aFep00,-0.09122875925373056,-0.06240332492377537,0.16878212026752187,0.5030372638550382,0.13120035517749332,0.894146734558173,0.9523158433093099,0.5857395714288837,0.7663382241273246,0.7919345678271288,0.430588674177523,0.1443353497875366,0.15495990228836548,0.6731066814100083,0.7517805283556593
Mbi2.80Zm1.79T14.0000_iTp0.00_ACFep00_aFep00,-0.08799737325844213,-0.059838000576264566,0.17202620401183258,0.5525414559634082,0.1358973061406424,0.9105263936273611,0.9659033057971701,0.5915459260514649,0.7763934130404186,0.8015429223032254,0.4360412550355601,0.1458584213715108,0.15659328661107044,0.6807627675088451,0.7497716007948287
Mbi2.80Zm1.49T00.0300_iTp0.00_ACFep00_aFep00,-0.12421627041794833,-0.08055288509029629,0.1893716023841213,-0.2145232118701649,0.32017530091103197,0.37479536410730585,0.8921071325454921,0.35285747779285065,0.40399679980728304,0.4303154875020504,0.21629393709248868,0.07475729167929658,0.12697738591881155,0.380990263168028,0.8458642720720799
Mbi2.80Zm1.49T00.0400_iTp0.00_ACFep00_aFep00,-0.1296340934230885,-0.08507601030581924,0.14976135809164795,-0.29600643577497754,0.28769068861242925,0.3356698768805498,0.8321309302067413,0.31854334575810256,0.3631181478614327,0.39331956752267755,0.1946752386331104,0.06978107808279525,0.11664631674396828,0.3440386589899697,0.8422196283440203
Mbi2.80Zm1.49T00.0500_iTp0.00_ACFep00_aFep00,-0.13633274934360826,-0.09122052060547181,0.07921088991635512,-0.4454301654880586,0.25265309430213784,0.2563759966209316,0.758469453907116,0.23217191706120452,0.28888332240044823,0.33354329155535223,0.16356895737488586,0.05599495027734383,0.10694244663627113,0.2645257192637548,0.7460218180120796
Mbi2.80Zm1.49T00.0600_iTp0.00_ACFep00_aFep00,-0.139743515755081,-0.0940029622546313,0.07985101720149312,-0.451451442365834,0.2476136800815168,0.27267552858060373,0.7612082427327327,0.24688997963593895,0.2951904088810823,0.33780411076600686,0.1709565188062178,0.05518516963200873,0.1073476869538683,0.2753641314963472,0.7800698804583222
Mbi2.80Zm1.49T00.0700_iTp0.00_ACFep00_aFep00,-0.1435730903901745,-0.09722214841678845,0.07338989014268504,-0.4952837180371517,0.23181115566792346,0.28410801333585156,0.7552909919721176,0.25423940317111127,0.3006650657274505,0.3404109925472676,0.17521058649867746,0.06148523570753995,0.10633835854474878,0.28154982057290107,0.7931645547809958
Mbi2.80Zm1.49T00.0800_iTp0.00_ACFep00_aFep00,-0.14524274714393157,-0.09871323872083179,0.07193740262806929,-0.520629328493875,0.21900415029274894,0.3007076957372117,0.7580142993832988,0.26066267154632605,0.3128609277548938,0.3533701776580777,0.18674588383226523,0.06794679697345701,0.10997417820114458,0.29070217587015273,0.782499254173223
Mbi2.80Zm1.49T00.0900_iTp0.00_ACFep00_aFep00,-0.14714580483891018,-0.10060303626536918,0.07085562171039457,-0.5730171999103502,0.1978332814185568,0.3099677226807643,0.7379159190695457,0.24528640035079383,0.3218849727160746,0.3510612943702737,0.18595152810490861,0.06669797089810686,0.10291461161276054,0.2845309151225387,0.7289925283717197
Mbi2.80Zm1.49T00.1000_iTp0.00_ACFep00_aFep00,-0.14917894457049488,-0.10221314179355569,0.06967979689309829,-0.6001063154593897,0.18494918373532884,0.322978774293719,0.7461987329366752,0.24712798407165285,0.33488468651847264,0.3593042325824433,0.19559432431287854,0.06941279619872348,0.10625019903639304,0.29060128762478504,0.7119905756828344
Mbi2.80Zm1.49T00.1500_iTp0.00_ACFep00_aFep00,-0.15713155999454836,-0.10973825570636404,0.07402416372620056,-0.7322593596910427,0.12462513344746626,0.3453423796710582,0.6980137349071903,0.28057023201668524,0.358636662782567,0.37798143051987493,0.19925124620695567,0.07878526009724181,0.10329125936641345,0.3195973875970466,0.761779365909461
Mbi2.80Zm1.49T00.2000_iTp0.00_ACFep00_aFep00,-0.15837195938728274,-0.1109062190772654,0.07843194545193999,-0.6957941184227309,0.10897061462075452,0.36146075569786296,0.7045407749706136,0.337302350762974,0.37082826293520826,0.39237104633131215,0.2081340719566872,0.08391745344186659,0.10653766768697,0.35653309191744226,0.8839168135179302
Mbi2.80Zm1.49T00.2500_iTp0.00_ACFep00_aFep00,-0.16331672706065015,-0.11563965882764338,0.08249000426934355,-0.7198249681395419,0.10837722388666145,0.3848521991614385,0.7127690737111593,0.36749987185284877,0.3915276305134035,0.409680809228148,0.20782444730805208,0.08719292740450608,0.10220371365417838,0.38177783523787057,0.9173639558050447
Mbi2.80Zm1.49T00.3000_iTp0.00_ACFep00_aFep00,-0.1672774302315251,-0.1196263338019661,0.08406102861756726,-0.7890844063310197,0.10772551905476599,0.4058190041348721,0.713819807851618,0.3698656674017572,0.4029502504125428,0.42605756907072667,0.21220917263276845,0.08682224133990764,0.10238944214051973,0.3891407359465276,0.89230923691962
Mbi2.80Zm1.49T00.3500_iTp0.00_ACFep00_aFep00,-0.1699757461423462,-0.12252992887192364,0.0895484745158867,-0.8012010798578695,0.10254096154420504,0.43341578471862213,0.7369888040273286,0.38411594376452496,0.41882425619594443,0.4371764463489464,0.21690379747484606,0.0871902564160164,0.10184623015574083,0.4035478877600464,0.8974664217507017
Mbi2.80Zm1.49T00.4000_iTp0.00_ACFep00_aFep00,-0.17370974216990998,-0.12622029247459302,0.09304160123793744,-0.8292723231063088,0.09463002974359132,0.45230748121606285,0.7450295380389215,0.4039146633853409,0.42744255540306303,0.44456843298303744,0.22077632111579604,0.08900257312261117,0.10254870200000892,0.41783631477410915,0.926398104530535
Mbi2.80Zm1.49T00.4500_iTp0.00_ACFep00_aFep00,-0.17441234813028716,-0.12701953430771745,0.0992997411010462,-0.8130996890321862,0.089869434001735,0.4736715128755515,0.7715287181740113,0.43905242952009643,0.44155142571321243,0.4538734861647176,0.22794438919013277,0.09240723181311816,0.10576658587910676,0.4420170073416495,0.9806571688949186
Mbi2.80Zm1.49T00.5000_iTp0.00_ACFep00_aFep00,-0.17390944182801085,-0.12677721801479833,0.10096109596359923,-0.7984778908989658,0.08549476055774496,0.48054411381195605,0.7910663304168729,0.4644742286449079,0.44295767598145486,0.4581363079893063,0.2297223213703689,0.09201082076545274,0.1061332372946615,0.4557591998238458,1.0309118402903004
Mbi2.80Zm1.49T00.6000_iTp0.00_ACFep00_aFep00,-0.17600727735463317,-0.12892514700624463,0.10738497213941446,-0.8088404032639388,0.07961208263542766,0.5000080057661889,0.8192102503420995,0.5035236815919772,0.4567500756519445,0.4675297851797126,0.2377652916323393,0.08967161762423494,0.10915295706937264,0.48114891103222623,1.0895480966964097
Mbi2.80Zm1.49T00.7000_iTp0.00_ACFep00_aFep00,-0.176933905421678,-0.13034418373485968,0.1124177634029979,-0.8272580407366419,0.07864730981469592,0.5126266465434122,0.8257062459584683,0.5207215650100092,0.4684547403095749,0.47958433142909196,0.24237505000963191,0.08726014268577528,0.10647410324748852,0.4955372867705806,1.0985234270039652
Mbi2.80Zm1.49T00.8000_iTp0.00_ACFep00_aFep00,-0.1694087665647374,-0.12477360068891571,0.11807718025871591,-0.7239321860798316,0.09266132599536059,0.5387687370687005,0.8743905336722803,0.5483035463130609,0.48444674314195557,0.49461581464462867,0.24787003802559368,0.08317570249168238,0.10368747456018089,0.5168994814231122,1.120058247457932
Mbi2.80Zm1.49T00.9000_iTp0.00_ACFep00_aFep00,-0.16905209822447392,-0.12538148755508505,0.12903947140949795,-0.6990195778775581,0.09644399647533772,0.5901067450802819,0.9272726673523985,0.5754468099956115,0.5120298189178806,0.5130840470730731,0.25324461609851345,0.09332444897835934,0.10406244007602035,0.5429694176866876,1.122698324716036
Mbi2.80Zm1.49T01.0000_iTp0.00_ACFep00_aFep00,-0.1622644891753858,-0.12047393794482267,0.13754629375425928,-0.5675348021661273,0.10867258155960725,0.6722526899670018,1.0537827612586306,0.617025404157028,0.5679932231199687,0.5574206075647267,0.2811149019899969,0.11668952309533753,0.11215480539302455,0.590457151524122,1.0965306935700858
Mbi2.80Zm1.49T01.2500_iTp0.00_ACFep00_aFep00,-0.15347979810622217,-0.11445237710045289,0.13384696092601278,-0.41641849405340026,0.1159516175285101,0.748351844873557,1.0833065149877439,0.58050644721079,0.617371495644465,0.6044451084011557,0.3066503963822058,0.1466625882557134,0.11198077373077159,0.5968978599629023,0.9502349948243376
Mbi2.80Zm1.49T01.5000_iTp0.00_ACFep00_aFep00,-0.14589216310369854,-0.10857535363417803,0.13118375500411858,-0.30460215857830175,0.1395877067915134,0.7951123676537332,1.131284475741379,0.5783086714859398,0.6571449036341115,0.6402802895383519,0.32441617732010986,0.16059616982626995,0.11657261558360392,0.6142489474748843,0.8914713149231513
Mbi2.80Zm1.49T01.7500_iTp0.00_ACFep00_aFep00,-0.14113683933383575,-0.10486360802400001,0.13104601287110032,-0.2609230408050658,0.1480405646526825,0.7961623145897649,1.1152778562794576,0.5718489998996182,0.6622302613935436,0.6483580979790062,0.3270448591914266,0.15824314685021515,0.11610043412656464,0.6135752060702481,0.8726599710887003
Mbi2.80Zm1.49T02.0000_iTp0.00_ACFep00_aFep00,-0.13638221142649887,-0.10104747933976296,0.1323749426706656,-0.21574012857977803,0.1593020551026274,0.8041180633015507,1.1270997336596449,0.5798223888155105,0.6703871801352445,0.6579805516901349,0.3300263845553773,0.15905673931626124,0.11472403091416918,0.6218450584779928,0.8729847540315456
Mbi2.80Zm1.49T02.2500_iTp0.00_ACFep00_aFep00,-0.13288168666333616,-0.09824504222889091,0.13368274172853783,-0.1758189473656472,0.16499046765053524,0.8173756331196091,1.1428621566466475,0.5836809483669736,0.678965834828647,0.6692663555936584,0.3367269103814231,0.16087107637502857,0.1160366289263059,0.628262866987033,0.8658463319795796
Mbi2.80Zm1.49T02.5000_iTp0.00_ACFep00_aFep00,-0.13226413743448903,-0.09773951715701248,0.13710981813035872,-0.16088440795423214,0.16101995499506278,0.8119652828178786,1.1221292173964477,0.5892320041914255,0.6794752508195193,0.6748131628566244,0.3382231288906976,0.15967176358124147,0.11561710669450588,0.6321387422372645,0.8701721114071804
Mbi2.80Zm1.49T02.7500_iTp0.00_ACFep00_aFep00,-0.12981658536535706,-0.09570866634836886,0.1409117568945405,-0.10769902337364239,0.16024785456124718,0.830419285738567,1.135071073522909,0.5991640260832662,0.6918648022879862,0.685895322175301,0.34575701815995086,0.16312601388488843,0.11722104385897879,0.6430700001380484,0.8697653756188849
Mbi2.80Zm1.49T03.0000_iTp0.00_ACFep00_aFep00,-0.12595846513177344,-0.09255250129568665,0.14379047744555232,-0.04178278372899179,0.1624317583466153,0.849935341431174,1.1473310341908884,0.6048699373078894,0.7046449126619789,0.6968293001009289,0.35339954486810565,0.16640772198174814,0.1192618397309153,0.6518395845634288,0.8631909624871811
Mbi2.80Zm1.49T03.2500_iTp0.00_ACFep00_aFep00,-0.12173866981979165,-0.08908104792882553,0.14782003079837672,0.03050605526383414,0.16770912037900637,0.8687365143087981,1.1590911191021593,0.6169525525146002,0.7207631829366804,0.7089273729504844,0.36159427117546733,0.1708053042824724,0.12122429139473799,0.6653060109305758,0.8630574636925725
Mbi2.80Zm1.49T03.5000_iTp0.00_ACFep00_aFep00,-0.11872036693158909,-0.08651518028012409,0.15049239779908585,0.08867986683688328,0.16833540410363249,0.8891217302806821,1.1690315059419758,0.6217415057630388,0.7357095702991628,0.7201323404846872,0.3688926018567496,0.1749165476285118,0.12341773653058337,0.6743214167979157,0.8541332697700433
Mbi2.80Zm1.49T03.7500_iTp0.00_ACFep00_aFep00,-0.11740955739069635,-0.0853565088723965,0.15171151770348362,0.12504960075239513,0.16649714987487985,0.9036450234865903,1.179012509992429,0.620058626950564,0.7453089328755869,0.7300440470037113,0.3751393330523612,0.17777230240410608,0.12662043360073438,0.6778532280693441,0.8405563080928502
Mbi2.80Zm1.49T04.0000_iTp0.00_ACFep00_aFep00,-0.1158844060100603,-0.08407842930104259,0.15505520210996,0.16858323744291134,0.16643273220115243,0.922929050999655,1.1941715839784695,0.6261445764875334,0.7578083322697768,0.7409262789890756,0.3814453759303028,0.18159763746250834,0.12869919054581605,0.6866861055528295,0.8355643110978899
Mbi2.80Zm1.49T04.5000_iTp0.00_ACFep00_aFep00,-0.11487091360491059,-0.08317804002660086,0.16084132929129757,0.21616692648002578,0.16166906788498847,0.9445999393036607,1.2012448196991912,0.635215809107884,0.7719781324042554,0.7552639797139225,0.3895945188015821,0.18499460561911574,0.13218920626727249,0.6981403352205303,0.8318469011136475
Mbi2.80Zm1.49T05.0000_iTp0.00_ACFep00_aFep00,-0.11048020674323805,-0.07958612459733781,0.16671250631627207,0.3112855161896423,0.166715067442023,0.9730995796615868,1.2235275023238712,0.650220233532117,0.792835722146429,0.7708118478393008,0.4014291715266788,0.19107757763883088,0.1364894067872702,0.7151979622258317,0.8316710824269066
Mbi2.80Zm1.49T05.5000_iTp0.00_ACFep00_aFep00,-0.10549908508727003,-0.0753816261366605,0.17100294957789916,0.39737546859844364,0.1736861371532885,0.9991916233437313,1.243302406944457,0.6609197812348852,0.8116378351685816,0.7862963636839657,0.41188198796716713,0.19621566928521064,0.14093637520142013,0.7292035861955395,0.8272177686784372
Mbi2.80Zm1.49T06.0000_iTp0.00_ACFep00_aFep00,-0.10183478128411827,-0.07227881884864767,0.17560037212409196,0.469533254598105,0.17731687189302614,1.0122441558122528,1.2454770144610603,0.6741496987827864,0.8256454067263788,0.7984277428057767,0.4216228560951117,0.19855723434063052,0.1442473037017163,0.7426108966777681,0.8301962248153513
Mbi2.80Zm1.49T06.5000_iTp0.00_ACFep00_aFep00,-0.09764113437406335,-0.06880435862035245,0.18089500337228126,0.5510893282129403,0.18323089723432673,1.0382445369373925,1.2697360966240445,0.6854147467357233,0.8432976781583746,0.8125961486519356,0.43200339842703545,0.2037457958216966,0.14738894071471653,0.7563838614075861,0.8278486647371752
Mbi2.80Zm1.49T07.0000_iTp0.00_ACFep00_aFep00,-0.09482029159103787,-0.0664861306372443,0.18144202890708033,0.603075092516437,0.1870491275020633,1.0490997054353335,1.2737764544991015,0.687828599810593,0.8532660787169482,0.8208778697262237,0.43919126236490386,0.20632497107226613,0.1504268250284647,0.7620125340087419,0.8217078351598402
Mbi2.80Zm1.49T07.5000_iTp0.00_ACFep00_aFep00,-0.09271960643258514,-0.06483238682210606,0.18599016091399076,0.6539406032729488,0.19044028864871185,1.0653177433406573,1.2803402495058545,0.6942874614408764,0.8660789979648442,0.8312003036184288,0.4472028111547459,0.20997987373429305,0.15237015075729143,0.7710559990432272,0.8181181032411392
Mbi2.80Zm1.49T08.0000_iTp0.00_ACFep00_aFep00,-0.0905513023552244,-0.0630217514234181,0.1884869474402861,0.6977506776348898,0.19334989929549545,1.0781623796349822,1.2865239296543474,0.6962948356104349,0.8765043463165099,0.8398616102031117,0.4537238636787625,0.21160173511637653,0.15447570837513885,0.7766347200023543,0.8113594108127778
Mbi2.80Zm1.49T08.5000_iTp0.00_ACFep00_aFep00,-0.08808259753085193,-0.060986619130651856,0.1907508161928648,0.7390403134885963,0.19632195247215772,1.0913644647695255,1.292788490497987,0.6976989926288831,0.8858497580274668,0.8470486081120502,0.4596386883761492,0.2140666142945699,0.15603047206298476,0.7813299285819221,0.8052393680573311
Mbi2.80Zm1.49T09.0000_iTp0.00_ACFep00_aFep00,-0.08923934480529859,-0.06178009256911922,0.1911594733769526,0.741656231530631,0.194692262521918,1.0908385465343733,1.2814196442416659,0.6980054433136881,0.8883312379608913,0.8479184552820798,0.46161694148931903,0.21442590383112314,0.15666034947593704,0.7824076327089963,0.8040380897173286
Mbi2.80Zm1.49T09.5000_iTp0.00_ACFep00_aFep00,-0.09205057270225166,-0.0638678470276339,0.1880729705062338,0.7011238976774499,0.19150335535032806,1.0769339148529986,1.2664571316775481,0.7004889695527177,0.8861310812285611,0.8483174263476887,0.4614190855840472,0.21289022406488603,0.15754061670612565,0.7831400861266926,0.8077368298832852
Mbi2.80Zm1.49T10.0000_iTp0.00_ACFep00_aFep00,-0.09365005184132844,-0.06478446851774607,0.188260202666009,0.6990566103866691,0.18661406001689224,1.0697404450268706,1.2584844330358982,0.699111127777402,0.8873367529907612,0.8473048769286223,0.4626086695839975,0.21293603143952522,0.15913329090273567,0.7826306368242122,0.8060582839925187
Mbi2.80Zm1.49T10.5000_iTp0.00_ACFep00_aFep00,-0.09548849860258066,-0.06615807709184374,0.18732017556952693,0.6844584675077673,0.1845853321546696,1.0675009711558197,1.2625932681467555,0.6989299683011092,0.8914900928067276,0.8526352060319385,0.4676407528110575,0.21276887252304816,0.16057744515373312,0.7845286647199337,0.8014676110328712
Mbi2.80Zm1.49T11.0000_iTp0.00_ACFep00_aFep00,-0.09899146477951318,-0.06902192790067248,0.18522113099285617,0.6387960469072383,0.18253305719479268,1.0582401704272635,1.2570487159914936,0.6990724985294322,0.8924349374075661,0.8555414049034953,0.4702616097720724,0.21181836027218895,0.16139113358567095,0.785273946061659,0.7998649428002713
Mbi2.80Zm1.49T11.5000_iTp0.00_ACFep00_aFep00,-0.09856153821870285,-0.06831544850420375,0.1855754621304741,0.6617325524912965,0.18143159486220095,1.0794248259279327,1.2690828800600669,0.6894987200476139,0.9074648662034336,0.8760022279265464,0.48284316511365727,0.216877370125232,0.17350785815114217,0.7871605287776446,0.7732115970258131
Mbi2.80Zm1.49T12.0000_iTp0.00_ACFep00_aFep00,-0.09921304943140606,-0.06904048802518656,0.17831126524740373,0.6710461268086048,0.1809588524512426,1.108761462098637,1.3052987701264802,0.6931886634115736,0.922865637264986,0.887632181780565,0.4966747829478888,0.2180109579164325,0.1803352932479034,0.7955384570642032,0.7657437154793207
Mbi2.80Zm1.49T12.5000_iTp0.00_ACFep00_aFep00,-0.0958415732410042,-0.06590282558380836,0.1914347303408451,0.7327156965247995,0.18589052241318288,1.1288409803484059,1.3143118982375976,0.7017762111886826,0.9347615123598757,0.8995955941555918,0.49899290003878605,0.21926082143957082,0.1791782588840256,0.8056571126438418,0.7651467739798736
Mbi2.80Zm1.49T13.0000_iTp0.00_ACFep00_aFep00,-0.09229855046627718,-0.06290293596843616,0.18736247876319656,0.778939180844952,0.19046595807023375,1.126541841120647,1.319040301860045,0.7043510878088106,0.9393191186719073,0.9055899463577881,0.5097894574234668,0.22108858851656152,0.18139146389923153,0.8092950221379567,0.7635618482881416
Mbi2.80Zm1.49T13.5000_iTp0.00_ACFep00_aFep00,-0.08988152513232676,-0.06087236438302761,0.19020449440319678,0.8098152860472972,0.19377208611298308,1.1339360382372368,1.3200271850113932,0.707347167118367,0.946995285778943,0.9149780244740445,0.5156541209987078,0.22367509398231605,0.1833779270422163,0.814563185595181,0.759782283906378
Mbi2.80Zm1.49T14.0000_iTp0.00_ACFep00_aFep00,-0.08582752243018689,-0.05768178936758821,0.18928543791959587,0.8733116664469769,0.19786320541911467,1.1365642420376494,1.3154461245544098,0.7033074096546738,0.9478026731178757,0.9204446082752059,0.5166458846986564,0.22616682843860325,0.18426351348600628,0.8131476659090666,0.7529061240011482
Mbi2.80Zm1.26T00.0300_iTp0.00_ACFep00_aFep00,-0.11712930684573701,-0.07355251561942823,0.21508662421214023,-0.04605316532503375,0.3296888994550117,0.45508617435084414,0.9886578822656628,0.4264879243155134,0.4798042813748998,0.49007612397114464,0.26577419069815467,0.11912943881383145,0.14910000973299423,0.4537150656007057,0.8794649772584001
Mbi2.80Zm1.26T00.0400_iTp0.00_ACFep00_aFep00,-0.12681810736581364,-0.08247187677316473,0.1202514927555395,-0.23790582929913343,0.2753445277207202,0.3490589241177101,0.8807100800631524,0.32684252668536395,0.3832177890058958,0.40368457116973905,0.2176715814875814,0.09992176271822201,0.12601734202926965,0.3565457987022418,0.8307066879616766
Mbi2.80Zm1.26T00.0500_iTp0.00_ACFep00_aFep00,-0.13322989148767603,-0.08828378067005274,0.08193204727490376,-0.3478361082543755,0.2521171008193722,0.31758176788680603,0.8368904074629172,0.29465588389058534,0.34480572106570745,0.3687217696234134,0.2009684607235576,0.08921088216727338,0.11812319845338304,0.32182634409055166,0.825913192513461
Mbi2.80Zm1.26T00.0600_iTp0.00_ACFep00_aFep00,-0.13697800322433518,-0.09139981294930828,0.06951133729971581,-0.38074306867739016,0.2382362693250198,0.3143666131004539,0.8110864675176006,0.28264115163750875,0.3374943386289743,0.36371439998148125,0.20020960376678182,0.08844052634056959,0.11576216492052605,0.3121935804521014,0.8061541052600179
Mbi2.80Zm1.26T00.0700_iTp0.00_ACFep00_aFep00,-0.13933769325993708,-0.09344765459870626,0.06673442064392282,-0.40565383304090497,0.2319127146780693,0.333947854031845,0.8152625708972653,0.2993944774960926,0.3430933231548421,0.369885268709473,0.2030851864865777,0.09209577476488776,0.11510808464371239,0.32398491812067903,0.8398414227648212
Mbi2.80Zm1.26T00.0800_iTp0.00_ACFep00_aFep00,-0.14153356512627407,-0.09547181271159118,0.0691872102449543,-0.4480111852191697,0.21145823926425153,0.35653595401555643,0.8154990755300029,0.3116008513996926,0.36033606534492796,0.3856195388857273,0.2134119229878686,0.09605852709389112,0.11547381626868938,0.3383592222451727,0.8354407410641109
Mbi2.80Zm1.26T00.0900_iTp0.00_ACFep00_aFep00,-0.14250970678521382,-0.09637871530702015,0.06536077402937206,-0.478537326918578,0.19712966185952607,0.3688316742280856,0.8224892696344496,0.299982527057084,0.37494747328961864,0.39226612438806036,0.2209138407532701,0.09963328495993484,0.11422410746845173,0.33753869780096746,0.7820052406920773
Mbi2.80Zm1.26T00.1000_iTp0.00_ACFep00_aFep00,-0.1435685909282013,-0.09742416856065858,0.06532055592895727,-0.5066968637611355,0.17900357365060238,0.37668088353834184,0.8199685088291426,0.30880156605570036,0.37786454666179603,0.3922417534186234,0.22262920547024231,0.0997242098383971,0.11287954086331506,0.34340687365784345,0.8019712759743775
Mbi2.80Zm1.26T00.1500_iTp0.00_ACFep00_aFep00,-0.14627438369414994,-0.10059055777539051,0.06885888914236386,-0.5006843095643341,0.14880538032861867,0.4117463916294645,0.8019412855729143,0.3225892586325514,0.4041586517996975,0.41510985197123257,0.22553199352793454,0.10409280445589945,0.09780034879907955,0.3624450398701134,0.7875055788126534
Mbi2.80Zm1.26T00.2000_iTp0.00_ACFep00_aFep00,-0.14595182048175676,-0.10080545285972181,0.07595328175623332,-0.48595795232053307,0.142420919014221,0.45049234245851366,0.8561717907767976,0.3590671963617457,0.43312056396813475,0.43713424475385926,0.2378321798189701,0.10772211251714633,0.10329780793327017,0.39487076025019396,0.8252001431375049
Mbi2.80Zm1.26T00.2500_iTp0.00_ACFep00_aFep00,-0.14876383928823764,-0.10370043911753009,0.08492882343181514,-0.4860442027655899,0.1434550601153691,0.5024400017744096,0.9105150830238466,0.40512959252212605,0.47030721441516954,0.46706269643751613,0.25290115549012326,0.11373539404818717,0.11111326807550324,0.4360817859843414,0.8643964092118059
Mbi2.80Zm1.26T00.3000_iTp0.00_ACFep00_aFep00,-0.1509578316817289,-0.10595680993182735,0.08928187082989437,-0.4797213027961891,0.1368373381421431,0.5228650366944481,0.9148556346611345,0.4229175320306455,0.4807404289671874,0.47479323197353224,0.2593360452476772,0.11546333402725154,0.1116546719901754,0.4501214359271738,0.8851965123118418
Mbi2.80Zm1.26T00.3500_iTp0.00_ACFep00_aFep00,-0.15536084020026128,-0.11015520957088287,0.09054336010661139,-0.5281166312088995,0.12717205750777055,0.5340132199413437,0.9202662284999154,0.44325440185038745,0.4805615993510874,0.47421094991539087,0.25724660260211685,0.11479369493629563,0.1110027786758967,0.4606765213725104,0.9285026097386773
Mbi2.80Zm1.26T00.4000_iTp0.00_ACFep00_aFep00,-0.15739860562873886,-0.1119859203593563,0.09452117223756543,-0.5453140286252125,0.11726976330495709,0.5409207605266574,0.9184665710268612,0.459948855651674,0.4864869494989955,0.47396420344374735,0.25926323333136925,0.11412566204035159,0.11328478667073574,0.47132405556111057,0.9577766745189045
Mbi2.80Zm1.26T00.4500_iTp0.00_ACFep00_aFep00,-0.16494475904355918,-0.1188222680291917,0.09666973826077631,-0.6366970322107336,0.10666806087683128,0.5553750493155947,0.9237255575085072,0.47854274859738255,0.49332047948437757,0.48059027703958745,0.26411208366929023,0.112753891344542,0.11122386773633963,0.4841169210973275,0.9827240235139697
Mbi2.80Zm1.26T00.5000_iTp0.00_ACFep00_aFep00,-0.16266228772414418,-0.11659328401219932,0.10456314799807104,-0.5802337187343194,0.09872764415423232,0.5664868074949471,0.9313876974102637,0.5003266189083247,0.49705716588825105,0.47538954711461323,0.26603096985847474,0.11409471176340319,0.11604234696646931,0.49563644237444493,1.0290057279608515
Mbi2.80Zm1.26T00.6000_iTp0.00_ACFep00_aFep00,-0.16223240704410102,-0.11687043523758298,0.1072101276655683,-0.5752331429720206,0.09451666698795927,0.575554482851639,0.9365042591238819,0.5243088165543198,0.5011645467660171,0.48495861433115794,0.2673715973881071,0.11415169725303394,0.11195101984255512,0.5102801727503921,1.063373901432284
Mbi2.80Zm1.26T00.7000_iTp0.00_ACFep00_aFep00,-0.1664434520772758,-0.12182724632864178,0.11456380524239895,-0.6414036918420587,0.10279622452331451,0.5967048750381372,0.9832963998973274,0.5618526140523183,0.5200550517206061,0.5003291219483631,0.27395053125814667,0.113221145388148,0.11213927876607595,0.5376718627586299,1.1012570138795457
Mbi2.80Zm1.26T00.8000_iTp0.00_ACFep00_aFep00,-0.1683361942356535,-0.12420063398373182,0.12294443539610495,-0.6324320702865576,0.10119858868871909,0.6206060827309222,1.005599884230452,0.5977122256414121,0.5402734827870299,0.516006925008946,0.2803099130886784,0.11701957238689827,0.11109315904431565,0.5646829453236377,1.1317302133599023
Mbi2.80Zm1.26T00.9000_iTp0.00_ACFep00_aFep00,-0.16526398171502502,-0.12217153196552914,0.12476443565383333,-0.5427677670640699,0.0986895120960502,0.6748835091723172,1.0563762453448957,0.6148187212750701,0.5726990645889418,0.5397987016788518,0.2943132915645624,0.13362430983944393,0.1148598769330442,0.5885935219070281,1.1052943024553898
Mbi2.80Zm1.26T01.0000_iTp0.00_ACFep00_aFep00,-0.15825377666058477,-0.11701069811744541,0.12954692836144643,-0.384776025328939,0.11407894404045792,0.7725961841592978,1.2005660609832611,0.6552612288331923,0.6423370958442192,0.5938885389546499,0.3264673670885378,0.15990510842746156,0.12677296024168286,0.6418797283679271,1.060099726761938
Mbi2.80Zm1.26T01.2500_iTp0.00_ACFep00_aFep00,-0.15195220464067324,-0.11356286348098946,0.13063070083305983,-0.26337506168259406,0.15724264566000024,0.8725358973415072,1.29989416193209,0.6749203543485675,0.7213503185934923,0.6632863339222291,0.3631780694311015,0.19433397837652644,0.13767970554676495,0.689841441495066,0.9748699821318709
Mbi2.80Zm1.26T01.5000_iTp0.00_ACFep00_aFep00,-0.12180434021009862,-0.08827371441841947,0.12253480224835699,0.11628890984741466,0.21729036485474812,0.9443561559257597,1.395137698295679,0.6809631295702201,0.773932963061592,0.7127789439018462,0.39971441843883926,0.21892644853308957,0.1499882060463437,0.7178855031044896,0.9160660197590879
Mbi2.80Zm1.26T01.7500_iTp0.00_ACFep00_aFep00,-0.13070704866239866,-0.09632041767656313,0.12909081950166404,0.02448921206555519,0.207480191226612,0.9438333996566554,1.3737986194818885,0.6918360901768842,0.7801759758464604,0.7218079648344868,0.4043377030043498,0.22476815483186824,0.14777577492290103,0.726943732176825,0.9212296768808724
Mbi2.80Zm1.26T02.0000_iTp0.00_ACFep00_aFep00,-0.12278041084846494,-0.08942801953287752,0.1323516588533781,0.1620743428421796,0.21501141711807215,0.9714982129264798,1.398577592316554,0.6997565215851262,0.7970818940756135,0.7403724002494113,0.41652028504591065,0.23255705777524455,0.1512793638863967,0.7393592218518993,0.9102794459230859
Mbi2.80Zm1.26T02.2500_iTp0.00_ACFep00_aFep00,-0.11958818034900133,-0.08694365601130265,0.1358055034067378,0.23485419156663942,0.21982199062869726,1.0015239864658967,1.424973604195972,0.7104175442858082,0.817972084265297,0.7578089173237293,0.4278250221952055,0.2400362639953699,0.1538761524187849,0.7544098673730828,0.9016704016223309
Mbi2.80Zm1.26T02.5000_iTp0.00_ACFep00_aFep00,-0.11592313014050598,-0.08373288154385244,0.13914569129236243,0.2919655158276312,0.21880240681350713,1.0088850255439332,1.4179890798778612,0.7107999531181228,0.8238307647971698,0.7639588894077859,0.4325183911231798,0.2382521791795415,0.1530899689203656,0.7574053932033574,0.8953326421238554
Mbi2.80Zm1.26T02.7500_iTp0.00_ACFep00_aFep00,-0.11680261708986632,-0.08450037345613379,0.14231232969760235,0.30683710287619215,0.21314179316761359,1.020566215576867,1.4195522312814284,0.710360895808417,0.8315531610948387,0.773463005757155,0.43779070450044355,0.24174792183802965,0.1527380288351246,0.7610181702747438,0.8851760006899954
Mbi2.80Zm1.26T03.0000_iTp0.00_ACFep00_aFep00,-0.11883369614044044,-0.08629820578237204,0.1452320097877384,0.29715269900336083,0.20943049093521793,1.0413814498986944,1.4311647618878058,0.7153447613886527,0.8457983299458088,0.7859155837982208,0.4433437111626619,0.2462704985481175,0.155310814198517,0.7700929152166104,0.8768016934381185
Mbi2.80Zm1.26T03.2500_iTp0.00_ACFep00_aFep00,-0.1138869177090193,-0.08202305776750551,0.14785616587275335,0.3653985747405441,0.21341982038578158,1.0604650964894058,1.4441072654576093,0.7176090338223055,0.8580105470364641,0.7961043277321506,0.44950781163201986,0.24715186632869282,0.15721506328144877,0.7767092572165392,0.8676652931044925
Mbi2.80Zm1.26T03.5000_iTp0.00_ACFep00_aFep00,-0.10862745568900926,-0.0776481189911934,0.15114900760492506,0.458629382830427,0.22082690041199254,1.0856615386713686,1.4676857226228073,0.729641244731617,0.874664248470505,0.8096875589370933,0.45908182719349366,0.25213900587973653,0.16045142679266422,0.7905165416611775,0.8663763015810986
Mbi2.80Zm1.26T03.7500_iTp0.00_ACFep00_aFep00,-0.10184201390444585,-0.07219058794926428,0.1549492410588764,0.5660583220667543,0.23283829089516506,1.1134544764820915,1.4984245022961993,0.7454942242469295,0.8921205043539776,0.8226362994532231,0.4696838059354009,0.2575611968852809,0.16332613171249885,0.8065771276001913,0.8695043199032547
Mbi2.80Zm1.26T04.0000_iTp0.00_ACFep00_aFep00,-0.09727099058257493,-0.06850772039521943,0.1582158194715571,0.6443684967593748,0.24137969978183316,1.138803374912207,1.5260029768664893,0.7560639892989277,0.9071505742412799,0.834142442117911,0.4784394097882603,0.2604484923469076,0.1653353243255739,0.8187845947261263,0.8683937536024301
Mbi2.80Zm1.26T04.5000_iTp0.00_ACFep00_aFep00,-0.09502017369276525,-0.06654184120204557,0.1647381762873022,0.6996711207477248,0.24097388126511798,1.1652340490569297,1.5379563041880422,0.7633857892520873,0.9267159010511865,0.8513681275270228,0.4885008334636001,0.2633657600120402,0.1668898073131383,0.8314663625544828,0.8586610947318452
Mbi2.80Zm1.26T05.0000_iTp0.00_ACFep00_aFep00,-0.08970964423775521,-0.062075378109948454,0.1712826422122841,0.8051804395555858,0.24891932179678944,1.2034108978384868,1.5745610224653617,0.7811800005379167,0.9516886295668838,0.8719155713150758,0.5023976593704037,0.2703776329295924,0.17092503709364756,0.8520512491654073,0.8567429271769723
Mbi2.80Zm1.26T05.5000_iTp0.00_ACFep00_aFep00,-0.08599560414447316,-0.05905152200169214,0.17704038246937948,0.8886036973161124,0.25449981293557294,1.2301240719408633,1.596558393624749,0.7930789884372372,0.9712725980229564,0.8889145621762138,0.5136527236082564,0.27672046967696406,0.1740593116102997,0.8671835386838994,0.8526873052411804
Mbi2.80Zm1.26T06.0000_iTp0.00_ACFep00_aFep00,-0.08287311865782904,-0.05648194979821653,0.18011285164234933,0.9500891683274262,0.2590593286394477,1.2522637241138377,1.6126903833768518,0.8013663918295162,0.9872506048170416,0.9029102814235535,0.5230750043334058,0.28133414338237395,0.1772881251572211,0.8787633099040603,0.8479345834135643
Mbi2.80Zm1.26T06.5000_iTp0.00_ACFep00_aFep00,-0.08075389287983346,-0.0548140316787846,0.185306357172234,0.9975713603029932,0.2613410537068457,1.2649287469954413,1.6203455801611284,0.8177154746128569,0.9972204882434887,0.91183262149347,0.5299555353574739,0.28215075306687587,0.17938070597425826,0.8921279002708644,0.8566712685384922
Mbi2.80Zm1.26T07.0000_iTp0.00_ACFep00_aFep00,-0.07663153374812699,-0.05133031645791201,0.18840362476977682,1.0635768658153917,0.26615592169087576,1.2840477646901407,1.6366027099605485,0.8270207712077252,1.0095815150904803,0.9222987319126891,0.537932431681253,0.28451891802313495,0.18178811262777195,0.9026257110803313,0.8561822323000007
Mbi2.80Zm1.26T07.5000_iTp0.00_ACFep00_aFep00,-0.07252064914356324,-0.04779597449816848,0.18956351319479595,1.1356544081126239,0.27007791880556675,1.2970222711701933,1.6461760122833498,0.8327036143632245,1.0198924502922213,0.9315536700530791,0.5450169858980107,0.2869071168382545,0.1843330439010298,0.9103138599262881,0.8534220911165931
Mbi2.80Zm1.26T08.0000_iTp0.00_ACFep00_aFep00,-0.06989464386348702,-0.0454968783683537,0.19159596913564778,1.1840810887565745,0.27118667636989746,1.304630875611902,1.6460569153135256,0.8391659215738542,1.0263488132619056,0.9383155417132107,0.549133099959169,0.288732530277708,0.18561589259343253,0.9168380891584013,0.8542588146915128
Mbi2.80Zm1.26T08.5000_iTp0.00_ACFep00_aFep00,-0.06971036942600431,-0.045252829493916506,0.19448320366968472,1.1974286587955338,0.27064083384323795,1.3108897250845866,1.6451111857203835,0.840521818917339,1.0329338082838555,0.9444469145199186,0.5527570403327836,0.28795734786112204,0.18607360824476457,0.9205315622991171,0.8501365561261703
Mbi2.80Zm1.26T09.0000_iTp0.00_ACFep00_aFep00,-0.06912430624430572,-0.044503922715967356,0.19682007392989712,1.233808344392688,0.2623538309680548,1.310984177487695,1.6290144254910754,0.84711246547242,1.033259292925585,0.9464535041741696,0.5538565315044621,0.28740810663715655,0.18725113015280262,0.9244983681429972,0.8557932915455466
Mbi2.80Zm1.26T09.5000_iTp0.00_ACFep00_aFep00,-0.06990955285924612,-0.044382289675399936,0.20012932938484038,1.241369558436146,0.2541030201500302,1.291011751201713,1.6053472234686874,0.8525261977841201,1.026607353790333,0.9391164663158583,0.5532395747079254,0.28437740679144147,0.1893429919998523,0.9242970016856408,0.8673916336202969
Mbi2.80Zm1.26T10.0000_iTp0.00_ACFep00_aFep00,-0.07461119191900066,-0.047782528024351394,0.19916637933258227,1.1953388737338793,0.24517098192411108,1.2653405111462859,1.5779235700796825,0.8563983352913157,1.0190413006285535,0.9317723696676309,0.5511069987862995,0.28027861606454146,0.19040463103643795,0.9229186977388995,0.87799091049151
Mbi2.80Zm1.26T10.5000_iTp0.00_ACFep00_aFep00,-0.08019965985570046,-0.0525143230075764,0.19682527508882744,1.1391106031844251,0.24200716235476336,1.2534168977119007,1.5669159861479132,0.8646502155964231,1.0213192477885766,0.9361902191273809,0.5535474709111495,0.27958125810909285,0.19048400057482381,0.9286947800850679,0.8834186809412202
Mbi2.80Zm1.26T11.0000_iTp0.00_ACFep00_aFep00,-0.08519268018573975,-0.05683446283845804,0.19630016597291494,1.081008610613387,0.23946798816192366,1.2476948069208815,1.5599002437255465,0.8684919832790262,1.0243565191132553,0.9407236709195386,0.556103528431591,0.27864197697301535,0.1894186305385347,0.932366760762556,0.8839252338750945
Mbi2.80Zm1.26T11.5000_iTp0.00_ACFep00_aFep00,-0.09029751728598201,-0.06117688497835966,0.19404299294063387,1.0175775669479827,0.2389625250477982,1.2425158965453413,1.5544593842673995,0.8693821826243918,1.027669350651702,0.9437006287763943,0.5585611055269364,0.2768981416861847,0.18880257811360207,0.9343431746905685,0.8820081381949457
Mbi2.80Zm1.26T12.0000_iTp0.00_ACFep00_aFep00,-0.09278219361779166,-0.0633716708927284,0.19689427247392616,1.0236286837581865,0.23888546749131295,1.2518328133026486,1.5690316906875226,0.8780326952848811,1.0387750378061158,0.9537287823469525,0.5656095537835851,0.2804153016815078,0.19208610098098539,0.9440179533389412,0.8813360219479317
Mbi2.80Zm1.26T12.5000_iTp0.00_ACFep00_aFep00,-0.09216764325315085,-0.062498973036416654,0.19726069033113863,1.0488775176351701,0.2428752939733751,1.2609872342955173,1.585499429007418,0.8822232925257756,1.0497886963518832,0.9625000408269634,0.5728024292122506,0.283869150053157,0.19454320055926078,0.951097143477071,0.8768356908488386
Mbi2.80Zm1.26T13.0000_iTp0.00_ACFep00_aFep00,-0.09103526602503005,-0.06163985847985497,0.20131372820703305,1.0876460901451046,0.24660441213907794,1.3050167978498113,1.6239811053778666,0.8988619567354322,1.0723121161630478,0.980169031441072,0.5840856771626524,0.28503479448979097,0.19917560243203505,0.9698813696551944,0.8758784048123239
Mbi2.80Zm1.26T13.5000_iTp0.00_ACFep00_aFep00,-0.08646370086210531,-0.05749344474888347,0.2044045746010704,1.1511639213711944,0.2548878101015538,1.318957554989004,1.6494694621055928,0.9071094878592502,1.084465170146053,0.9933066987895507,0.5968837981486105,0.2918806307498584,0.20246032709358466,0.9800894066858578,0.8731560008307766
Mbi2.80Zm1.26T14.0000_iTp0.00_ACFep00_aFep00,-0.08354597290867959,-0.05503380314112924,0.206737307032524,1.1959779910125596,0.2597255901900449,1.3288113309139173,1.6606791355887291,0.9184202270232,1.0926742244773244,1.003953029458852,0.6048110736635406,0.29609991570652683,0.2056039145075403,0.9903124628555805,0.8760929967870749
Mbi2.80Zm0.96T00.0300_iTp0.00_ACFep00_aFep00,-0.11808408464522781,-0.07360991516795866,0.13501096512161354,-0.09657453742296133,0.3022985544314326,0.5270480258223833,1.205351929294316,0.36718783883565365,0.5446074411663655,0.5386521626625601,0.30608521000602484,0.17983574769413285,0.16496895863404565,0.44649854613371326,0.6779313795839507
Mbi2.80Zm0.96T00.0400_iTp0.00_ACFep00_aFep00,-0.1248796918145357,-0.07935985960474941,0.1000142246573802,-0.14690408529473806,0.28970094927479384,0.4730147967640364,1.0824730712806336,0.37873615221252227,0.4969217432876628,0.512609751227246,0.2857299196203538,0.1608853732155784,0.16996658908666765,0.4357360226296708,0.750320627479798
Mbi2.80Zm0.96T00.0500_iTp0.00_ACFep00_aFep00,-0.12925244910349856,-0.08307500070559852,0.07939305818026958,-0.1762854874134295,0.284232035970988,0.4738427852640139,1.0409691671774153,0.3665902125834024,0.4870002228858034,0.515028661928359,0.2879814241889872,0.15828783753076706,0.17612124434598986,0.42591842133843966,0.7316958984698144
Mbi2.80Zm0.96T00.0600_iTp0.00_ACFep00_aFep00,-0.13272516448303756,-0.08623905037136975,0.07561245476684844,-0.24124906114821398,0.2587361072506181,0.49101627603510245,1.0368136007961888,0.35412085353321276,0.4784999896772486,0.49750863117381583,0.2866676438023017,0.15839603886368725,0.17296288745838675,0.4139222203971378,0.7256510771891028
Mbi2.80Zm0.96T00.0700_iTp0.00_ACFep00_aFep00,-0.1342693918070503,-0.08820967997823585,0.07386191701195316,-0.26014462993842324,0.24576607565446829,0.5198407822465536,1.063365148082304,0.3772542855878491,0.4986117036704207,0.5125350442393721,0.29057173468574193,0.1696635020855072,0.17288853212262975,0.43540112680807225,0.7461909685566332
Mbi2.80Zm0.96T00.0800_iTp0.00_ACFep00_aFep00,-0.13426539867852957,-0.08827890330352549,0.07252508983249531,-0.24683247460185936,0.24172700512955012,0.5444191399460446,1.1105021894759781,0.39237649663825,0.5279308078107391,0.5368146659737317,0.304614449933961,0.18040096414851303,0.17747089512935796,0.4562057317001995,0.7370334155891911
Mbi2.80Zm0.96T00.0900_iTp0.00_ACFep00_aFep00,-0.13349813456354168,-0.08793232972199627,0.07333480262550629,-0.24131372365782064,0.2401516680819601,0.5655419722957649,1.148660878352832,0.41241236317919905,0.544472063880305,0.5508429137548956,0.31581776246598225,0.1828746231954893,0.18311064741436664,0.4746395341525604,0.753047975422746
Mbi2.80Zm0.96T00.1000_iTp0.00_ACFep00_aFep00,-0.1348476856382021,-0.08935028724238386,0.0787602711424938,-0.2564840711358904,0.23605906941711433,0.5801382405678568,1.1639764269422392,0.4403850333669031,0.5491554045009647,0.5502371510878009,0.31663286107786426,0.18214600873173906,0.17832179209928525,0.4919077240058945,0.8011424693176324
Mbi2.80Zm0.96T00.1500_iTp0.00_ACFep00_aFep00,-0.139296333748932,-0.09430100277930323,0.08906542345448082,-0.2879146730302887,0.2126121083810393,0.6307410820614666,1.2026798869334003,0.5037614539478591,0.582267120081306,0.5764619989139447,0.33590156424101836,0.19181660231747788,0.17959674768903236,0.5408372213891159,0.8695068514109273
Mbi2.80Zm0.96T00.2000_iTp0.00_ACFep00_aFep00,-0.14572000417397968,-0.10035674297297349,0.09289550901580601,-0.3243926033279919,0.19763901666496425,0.6619807447600018,1.2083312773169383,0.5137029224011186,0.586946718598169,0.5789268247574546,0.3347933793670118,0.17787035259900139,0.1730313968472767,0.5480535453992578,0.881232660829709
Mbi2.80Zm0.96T00.2500_iTp0.00_ACFep00_aFep00,-0.15177996587608633,-0.1057357593287829,0.09989495088190499,-0.36011209134991207,0.17432504386444642,0.6741075845381056,1.2000780005085947,0.5256075009547223,0.5790437938315584,0.5705144097275154,0.33195256376441157,0.16433436523619915,0.16507963029491762,0.5505401811905615,0.914451307167262
Mbi2.80Zm0.96T00.3000_iTp0.00_ACFep00_aFep00,-0.16048070847633994,-0.11353632082294958,0.10484284775309374,-0.48233295280521155,0.15537586483853494,0.6671796534587257,1.161103258679768,0.5416516848436469,0.575181666115906,0.5656751263774602,0.32550584808526417,0.156046286806184,0.15868681993292824,0.5568719181537842,0.9495524563777297
Mbi2.80Zm0.96T00.3500_iTp0.00_ACFep00_aFep00,-0.16439966577936554,-0.11747669950190824,0.10629034328636486,-0.5432828703825587,0.13625689277198996,0.6689056104149197,1.1284613911793673,0.5482933578702267,0.5618722260445745,0.5566325717762827,0.3191939432581393,0.150050732517838,0.1457900743088962,0.5543161612065838,0.9804041233232921
Mbi2.80Zm0.96T00.4000_iTp0.00_ACFep00_aFep00,-0.166895144279071,-0.12006435615286555,0.10949977868118903,-0.5727155933675876,0.1271819340550338,0.687066516270853,1.1459740225531108,0.5744410916223246,0.5720491555426651,0.5655248862458907,0.3262445064005073,0.1529164313656796,0.14133393815412995,0.5723278387655383,1.0099405762092761
Mbi2.80Zm0.96T00.4500_iTp0.00_ACFep00_aFep00,-0.1683836738348697,-0.12179288768050814,0.1137984835527334,-0.6104697519295019,0.12879144922428518,0.700856228797986,1.1698913360265835,0.5919503139690819,0.5901025653291582,0.5772021448354031,0.3325926553981994,0.15184570263005373,0.13813580233892606,0.5892140566816992,1.0142172970168715
Mbi2.80Zm0.96T00.5000_iTp0.00_ACFep00_aFep00,-0.17046301530040592,-0.1235138662375275,0.11785198465826806,-0.618820157539395,0.13170023123732758,0.7234507203914643,1.2030493809342833,0.6141987154742885,0.6181581351296767,0.5915313883527646,0.3479179950305548,0.15960959721847942,0.15078686335963756,0.6124481861591968,1.0154650487608419
Mbi2.80Zm0.96T00.6000_iTp0.00_ACFep00_aFep00,-0.172977927284209,-0.126412991156305,0.12546967148742258,-0.6384360958604589,0.13578197220501526,0.7642896921395992,1.2399609666092963,0.6474411787416955,0.6491743048737827,0.6067682220617718,0.357346916957898,0.16161105656438435,0.15084318671138805,0.6423508797912924,1.0310044685267947
Mbi2.80Zm0.96T00.7000_iTp0.00_ACFep00_aFep00,-0.17478434581240251,-0.12851668673558792,0.13278301336761125,-0.6281385783749974,0.1335170901850513,0.7882231176254226,1.2561100244168129,0.6812344875362283,0.6672446734371812,0.6237395118750034,0.3606265539870356,0.16108153886986745,0.14753230211902854,0.6680207051929593,1.055372320260442
Mbi2.80Zm0.96T00.8000_iTp0.00_ACFep00_aFep00,-0.17406943195319852,-0.12793428459073014,0.13857605320521993,-0.5673782921710961,0.12735128374475752,0.8152270581077261,1.2664558685194773,0.7059069679340373,0.690661806144177,0.6398601602428436,0.3669519629324983,0.16619299537604984,0.1454199424368054,0.6910150761107073,1.0610978033694543
Mbi2.80Zm0.96T00.9000_iTp0.00_ACFep00_aFep00,-0.17420704471413193,-0.12956430481511116,0.1444921226162775,-0.555726836951755,0.1515521279771841,0.8626532832793785,1.3270605600957384,0.736597525718801,0.7224381602304323,0.6650051248414554,0.3788435425689619,0.17288111706951168,0.15404923056137343,0.7213187592300699,1.06180560120068
Mbi2.80Zm0.96T01.0000_iTp0.00_ACFep00_aFep00,-0.16651708587776104,-0.12381405216248292,0.14478636835627637,-0.4065116194571187,0.17412991981545933,0.9289960613712072,1.4147873349571647,0.765961968093322,0.7727494793761548,0.7054260267916369,0.4017353211044794,0.19795752126616398,0.1677564388144248,0.7599065040376457,1.0363613317867757
Mbi2.80Zm0.96T01.2500_iTp0.00_ACFep00_aFep00,-0.14300269178710168,-0.10424168109019452,0.1551759010775537,-0.024450632100412102,0.2486333614660949,1.0945786336596122,1.7121515034287653,0.8535582155591419,0.9192076598592452,0.8396289425353803,0.4926944591216932,0.2633384806332811,0.2161085575675347,0.8749732743634103,0.9705941011200667
Mbi2.80Zm0.96T01.5000_iTp0.00_ACFep00_aFep00,-0.12176002746930126,-0.08647953478123807,0.1603170768807758,0.33622047532370775,0.3004530235868595,1.2401381636777649,1.8593102424256132,0.8763749614567446,1.0171942394098197,0.9224587141340633,0.5510249448778913,0.3097725087626597,0.2393193854762453,0.9317708336868076,0.903640993978377
Mbi2.80Zm0.96T01.7500_iTp0.00_ACFep00_aFep00,-0.12556920270391064,-0.08923482158299653,0.1686764815178979,0.34314205482621984,0.28791852907829774,1.2697661646029679,1.8684295175066965,0.8857600209117346,1.044914713307025,0.9524104692099046,0.5746578844436431,0.32178287326837196,0.24969910716986585,0.9500533885933782,0.8869462305537489
Mbi2.80Zm0.96T02.0000_iTp0.00_ACFep00_aFep00,-0.11839816582775754,-0.08336654797655982,0.17383888923516086,0.45961576364494033,0.305250660909488,1.3229212844440792,1.9031750780358332,0.8985734619793307,1.070907973046968,0.9728657054576718,0.5863450384331462,0.328329357783529,0.25447803545419045,0.9683088321686615,0.879327756717942
Mbi2.80Zm0.96T02.2500_iTp0.00_ACFep00_aFep00,-0.10008510670343718,-0.0681212293846122,0.17960912609105276,0.7513323246362861,0.33890428822560825,1.3977652503322469,1.9953337411801546,0.9254109496458998,1.1076353183239402,1.0039638902400185,0.6111760517506748,0.33812887638381817,0.2602086108717934,0.9990770855502068,0.8765024592666394
Mbi2.80Zm0.96T02.5000_iTp0.00_ACFep00_aFep00,-0.09469904283323151,-0.06355969933436552,0.1860103471703876,0.8634218634128379,0.3515321569563369,1.4400503512922849,2.0439881988101205,0.9484691289143785,1.134563436305008,1.0302783784914997,0.6282002435644907,0.3430921101321013,0.2650184307777873,1.023915655660284,0.8762479756550096
Mbi2.80Zm0.96T02.7500_iTp0.00_ACFep00_aFep00,-0.09692052122653476,-0.06567145449992784,0.19351980739454802,0.8407836466262536,0.34562317175926793,1.4402608740437126,2.021672178025889,0.9583407620322569,1.132560770924956,1.0322453557639388,0.6278996277293717,0.337450901500557,0.26293731865422276,1.0288153254406474,0.8853825293797133
Mbi2.80Zm0.96T03.0000_iTp0.00_ACFep00_aFep00,-0.0925576713594757,-0.062135537804912974,0.198615000950694,0.9350115692923946,0.3548342086529774,1.4684490245977027,2.0507685953654757,0.9779264078038117,1.147256396218142,1.0468851340356025,0.6381014779897729,0.33885767209291356,0.2653316371454696,1.0461590357967283,0.8913977465170336
Mbi2.80Zm0.96T03.2500_iTp0.00_ACFep00_aFep00,-0.09095404479330473,-0.06069008327296441,0.2050604812540862,0.9752126466509898,0.357664982727968,1.4959854918599806,2.080153485655575,0.9910882025570069,1.161629009473497,1.0591955335996097,0.6448105933409305,0.33958884855630916,0.2676494106576347,1.059646656381843,0.8925407508200268
Mbi2.80Zm0.96T03.5000_iTp0.00_ACFep00_aFep00,-0.08888274549666458,-0.0589682270778563,0.2077039482096587,1.0176064257311916,0.3591906960671085,1.5091017403811715,2.0847553622946706,1.0048066717094037,1.1668059968228754,1.0667881537175479,0.6489811686661136,0.33676929533853184,0.2677538163613427,1.0697078308147256,0.8997217972354453
Mbi2.80Zm0.96T03.7500_iTp0.00_ACFep00_aFep00,-0.08680613147577282,-0.05718631416103878,0.21149230626185697,1.0686758378247705,0.36317704739095297,1.5291512170358943,2.099333135950942,1.0162780348047966,1.1793247312480928,1.0793904552960516,0.6577872947128856,0.34156935412947675,0.271162965673298,1.081704551894248,0.8998726717375215
Mbi2.80Zm0.96T04.0000_iTp0.00_ACFep00_aFep00,-0.08456281481880715,-0.05537051352322206,0.21533645264502108,1.126578938055423,0.36766260174482324,1.5480944909124277,2.11545393556902,1.0315807579999328,1.1898641692754972,1.089714126059056,0.6652701508034303,0.34443139955368496,0.27366513672981135,1.0947663593477805,0.9050628005286714
Mbi2.80Zm0.96T04.5000_iTp0.00_ACFep00_aFep00,-0.0836214841384503,-0.054596875853479165,0.2253764603047471,1.1767513535016363,0.3708492507441139,1.5799881803660938,2.1354849784993926,1.0514545694111155,1.2115854513540623,1.1103776339373768,0.6795398144027118,0.3481182625017898,0.27825809873445095,1.1154060878778838,0.9056600219629617
Mbi2.80Zm0.96T05.0000_iTp0.00_ACFep00_aFep00,-0.07970548613365597,-0.05132995214459639,0.2337169644080726,1.2628993648885976,0.37447344523420667,1.6054578139249323,2.142006347534841,1.0728489038676574,1.2246238442884656,1.1243609476764684,0.6892176305280215,0.3487659472599532,0.28267979793714615,1.1330126240033778,0.9134575136778262
Mbi2.80Zm0.96T05.5000_iTp0.00_ACFep00_aFep00,-0.07174959938069754,-0.044592804485784406,0.24354406603468554,1.4052976861094546,0.3861618166847376,1.6561983940582905,2.180144963695744,1.092884250215755,1.2514885980906862,1.1462353534212064,0.7047070179820399,0.3545213193438934,0.2882755418268684,1.1556486864227207,0.9116013955873722
Mbi2.80Zm0.96T06.0000_iTp0.00_ACFep00_aFep00,-0.0676017096967941,-0.04076914582565102,0.24571804535326697,1.4731770353377303,0.39515686289370056,1.67894603908016,2.1985306654478673,1.1006131811765956,1.270619528205126,1.1653991019510106,0.7177147079456421,0.35949622839875645,0.29169752163409046,1.1687748475839754,0.9036163907384006
Mbi2.80Zm0.96T06.5000_iTp0.00_ACFep00_aFep00,-0.06458726855775959,-0.038211026982875415,0.2493995381320491,1.5335301654636306,0.4020369699498385,1.6998199731341639,2.213553784741564,1.1116075186794285,1.2856971614208104,1.1802552588878372,0.7299653070716315,0.36262602783709014,0.2969036283141545,1.181681779550276,0.901564449925839
Mbi2.80Zm0.96T07.0000_iTp0.00_ACFep00_aFep00,-0.062071290276893606,-0.036204429980507775,0.2515732969784173,1.5992162705431316,0.4061457603547628,1.7139635999810818,2.222215294236296,1.124898248592577,1.2993981091902653,1.1920543976458051,0.7398018841031644,0.36509471403889654,0.2996197440705791,1.1949395157834453,0.9030059738293791
Mbi2.80Zm0.96T07.5000_iTp0.00_ACFep00_aFep00,-0.05958998269442115,-0.03422396523546094,0.2567156070784177,1.6690871516995145,0.41497861420274545,1.731477470015069,2.2397710459753797,1.1432640528571776,1.316384006884466,1.208113721069099,0.7515075562379956,0.36954970284832495,0.30318022963503316,1.2125657456867345,0.9057358540654677
Mbi2.80Zm0.96T08.0000_iTp0.00_ACFep00_aFep00,-0.056646902042321284,-0.031840096313995925,0.26256925519488333,1.7412702528630373,0.4248259575328752,1.7570472611067343,2.2650963203917605,1.1615155056088788,1.3346652668974892,1.2236513795936022,0.763319060900427,0.37231905480954053,0.3063159281692854,1.2304998918713725,0.9080310736374075
Mbi2.80Zm0.96T08.5000_iTp0.00_ACFep00_aFep00,-0.05276759587686007,-0.028494736247949747,0.2666542403908788,1.8108798020643775,0.434656221074057,1.7858147664911885,2.2920168498198072,1.1730630567570939,1.3538407925656697,1.239404391019889,0.7758133468289634,0.3786738309034153,0.310178448035254,1.245212072816952,0.9047066310445466
Mbi2.80Zm0.96T09.0000_iTp0.00_ACFep00_aFep00,-0.05030086885243535,-0.026566908229303424,0.2699959557739007,1.8617005361797503,0.44188751359066847,1.8057353656815598,2.3129977702656146,1.174983597833583,1.3649032792548343,1.2462168805366165,0.7838942005256652,0.379844943458735,0.3112908656488533,1.2508763670544523,0.8999843177859945
Mbi2.80Zm0.96T09.5000_iTp0.00_ACFep00_aFep00,-0.048826629647231105,-0.025362377387324535,0.2737386862204468,1.9074182476934578,0.4480907904870468,1.8194343912149704,2.325175471629734,1.1905448384592154,1.3761765113319875,1.2563046041583126,0.7914451435258041,0.3816355371355621,0.3140721989546217,1.264294362826071,0.9045039916553979
Mbi2.80Zm0.96T10.0000_iTp0.00_ACFep00_aFep00,-0.05010972580713848,-0.02566335879453182,0.28170210431684745,1.9152657923052856,0.43608600103183004,1.8038761809200747,2.3077550647210434,1.198898965805717,1.369598749045,1.2461530184640346,0.7893635438043525,0.3806513812299035,0.31741930278343683,1.2651366785274198,0.9166764069110592
Mbi2.80Zm0.96T10.5000_iTp0.00_ACFep00_aFep00,-0.052735947916764746,-0.0278207988890311,0.28257703663087225,1.8509771271131208,0.42386646814871576,1.7737999030086162,2.2728804701341434,1.1804433102417518,1.3493913121955075,1.2344666759876073,0.7818640575037811,0.36688702478171503,0.3096671211493752,1.246954121987382,0.9137060284584767
Mbi2.80Zm0.96T11.0000_iTp0.00_ACFep00_aFep00,-0.05683823353280398,-0.031087281877557552,0.28661522510784154,1.8105654846548214,0.4166763169401851,1.7515262828749742,2.2481383025177566,1.198102245943372,1.3481483785543373,1.2354570074374789,0.7822424506992881,0.36230939007046753,0.30787057610795004,1.255951902127416,0.9274653570854314
Mbi2.80Zm0.96T11.5000_iTp0.00_ACFep00_aFep00,-0.06482366907717144,-0.037663111094094794,0.2732280209622601,1.7204996525647689,0.4089917296442578,1.7296798810283984,2.2277977415183905,1.1931154939578013,1.3507836287476649,1.242483418710265,0.7855689786407086,0.363358254763883,0.312673641463476,1.2551736023502564,0.920164003261725
Mbi2.80Zm0.96T12.0000_iTp0.00_ACFep00_aFep00,-0.07129401945503004,-0.04323307880113126,0.2739133074962464,1.6544330612428158,0.40303029814305363,1.7091150784366158,2.206354771189368,1.2023136670347094,1.3498651923464835,1.2439228899882702,0.7884457220935354,0.359617831979714,0.31377131593841606,1.259879408340632,0.9270716256452743
Mbi2.80Zm0.96T12.5000_iTp0.00_ACFep00_aFep00,-0.07627674227113367,-0.04735010187856776,0.27295837598415296,1.6178361433284387,0.3993590394344823,1.7040345637120577,2.205377824131063,1.2093255154540394,1.3555618553386584,1.2488763606563191,0.7930005259582686,0.3598154995234774,0.3166258411622718,1.2661716479213092,0.928665159363006
Mbi2.80Zm0.96T13.0000_iTp0.00_ACFep00_aFep00,-0.08051275881763403,-0.05073560356298773,0.2718155739362938,1.59797909274833,0.39650391034048604,1.7055291274410147,2.2073909646707808,1.2140792420293924,1.368214701493443,1.2592160205420269,0.7993507924062252,0.3621677205577729,0.3193231561126646,1.2743891939498524,0.9241569962985327
Mbi2.80Zm0.96T13.5000_iTp0.00_ACFep00_aFep00,-0.08052591333680081,-0.05053674021255895,0.2721917110403817,1.6330530622737536,0.40003103327977785,1.7084384464463942,2.2144090550627897,1.2211397664605923,1.3801416265350495,1.2677472517149209,0.806239747990836,0.36771892936013395,0.321246186597398,1.2833222651135365,0.9223497077170866
Mbi2.80Zm0.96T14.0000_iTp0.00_ACFep00_aFep00,-0.08017518253106003,-0.050486240152045066,0.2734352404608373,1.6559150634678859,0.4037155545635584,1.7454296955364037,2.2489405219000367,1.2329128860895,1.3996929715990023,1.285469189456288,0.8197870742489302,0.372648742632445,0.32943503803353147,1.2985636945644436,0.9183154030481016
Mbi2.80Zm0.66T00.0300_iTp0.00_ACFep00_aFep00,-0.12478968060052323,-0.07877080740707965,0.14733726576815914,-0.01723717463370267,0.3956878496896076,0.7766627039424575,1.7216667279264815,0.5368395969751565,0.8169743551593593,0.8165901043619438,0.5187434929932345,0.3258806920860172,0.27989027912002284,0.6622132774799119,0.6572616021928771
Mbi2.80Zm0.66T00.0400_iTp0.00_ACFep00_aFep00,-0.129910685504513,-0.08247817307204384,0.11725997682390402,-0.03800668918231404,0.36986234329573364,0.7394629352414848,1.5911261116533928,0.5308327381408626,0.7786216491158467,0.7822215434547136,0.4920460101179307,0.3045488007752443,0.271593444081889,0.6433140179346445,0.6801871458549678
Mbi2.80Zm0.66T00.0500_iTp0.00_ACFep00_aFep00,-0.13306373164698615,-0.08571108839285481,0.10969874313956976,-0.1519174117465042,0.32471263495289887,0.6942881981450191,1.4194841556052018,0.529579378337495,0.711480097038697,0.7065584538458538,0.4348369432255672,0.2699929965363981,0.23457267547249716,0.6132335568780981,0.7469181680669422
Mbi2.80Zm0.66T00.0600_iTp0.00_ACFep00_aFep00,-0.1362783159772479,-0.08886612603143523,0.09573127933170675,-0.19624763939670287,0.2951087544649983,0.6907777694393602,1.3821668251053347,0.544847936130787,0.7194529032796664,0.7212145502543296,0.44624061791491815,0.28124866339328347,0.25592103509076314,0.6263075776456509,0.7563826541569469
Mbi2.80Zm0.66T00.0700_iTp0.00_ACFep00_aFep00,-0.13855756588570634,-0.09114971391600535,0.09239645512979276,-0.26392823039602,0.27300883931233205,0.6809266294002407,1.3230082367668925,0.5484218333270188,0.6929379181235588,0.6836874840812477,0.41766427362570835,0.268974914866859,0.2375260538472411,0.6153062686500881,0.7967626232214879
Mbi2.80Zm0.66T00.0800_iTp0.00_ACFep00_aFep00,-0.1403528745015092,-0.09327681888033271,0.09641467204624463,-0.3264949444841976,0.24899016879018163,0.6895866878057697,1.3045547272616849,0.5574076695729002,0.6708811589175847,0.6590888063960703,0.39800553099832986,0.2550940226907898,0.21926809998616256,0.6100113293915397,0.8382259511273149
Mbi2.80Zm0.66T00.0900_iTp0.00_ACFep00_aFep00,-0.14236587454737368,-0.09524327790712145,0.10265980898377294,-0.35109728554779757,0.23928556714994964,0.6940986452279814,1.3009164401410676,0.5750691481105537,0.6635263038877549,0.651226654799903,0.3912141741481695,0.24259334474509683,0.2082916313580272,0.6161112112948708,0.8747942255016002
Mbi2.80Zm0.66T00.1000_iTp0.00_ACFep00_aFep00,-0.1445883123369532,-0.09737374698326585,0.0942938673836019,-0.35782336401288817,0.22768028721410333,0.678240832087555,1.2872231127894769,0.570777854546472,0.6445326198882582,0.6318276053343693,0.3790356531130398,0.2342085579521534,0.2064287095800511,0.6048590401897807,0.8943836438446126
Mbi2.80Zm0.66T00.1500_iTp0.00_ACFep00_aFep00,-0.14902257557047546,-0.10154678782458657,0.08641984009377773,-0.4134514532582603,0.20229464890914015,0.7048484302622637,1.296796500899137,0.5964027650762721,0.6460587081787633,0.632006189511805,0.3777037059231521,0.22881614000178654,0.201415978006512,0.6188412808486728,0.9332902674253196
Mbi2.80Zm0.66T00.2000_iTp0.00_ACFep00_aFep00,-0.1551728995881941,-0.10724352913460201,0.08699145401093772,-0.397266597794974,0.18277753919168638,0.7512749997326119,1.2859879188469245,0.608955911050276,0.64018103293689,0.6292213222946869,0.3711058686034191,0.2114909310330204,0.18951123463556374,0.6228750352896469,0.9594371848147143
Mbi2.80Zm0.66T00.2500_iTp0.00_ACFep00_aFep00,-0.16423894021407626,-0.11572640604480375,0.0944902254215868,-0.48480169163380804,0.1646947953046301,0.7786741396031576,1.293545493112101,0.5963607732704338,0.644841858730225,0.6337066314933145,0.36701826390328585,0.20598544213493178,0.18411487802710244,0.618626719392517,0.9328715771525676
Mbi2.80Zm0.66T00.3000_iTp0.00_ACFep00_aFep00,-0.16680060815918493,-0.11818564965089923,0.10135336195905695,-0.4933870127485174,0.15869641695085768,0.8199391721199127,1.3664477256246028,0.5969508344227482,0.663006462243172,0.6378413223726196,0.37153099505581155,0.20237922757902346,0.1764078973018843,0.6257603395193644,0.9177873714088064
Mbi2.80Zm0.66T00.3500_iTp0.00_ACFep00_aFep00,-0.1762479682129477,-0.12656974791980535,0.11118519804702162,-0.6543238092919526,0.12243562424718388,0.7956577146154815,1.2860856578643283,0.6075914547856108,0.6457353721061412,0.6259764688159033,0.36136668685415274,0.19531530504877634,0.16568669305484893,0.6236840536055692,0.9555489462850035
Mbi2.80Zm0.66T00.4000_iTp0.00_ACFep00_aFep00,-0.17874272903144012,-0.1288957427204605,0.11525649640985115,-0.6853062902533225,0.12036539590058525,0.8050533199895179,1.2992459170799537,0.6193102963288813,0.6597617967994167,0.6361904907795485,0.366851200663374,0.1941553311927712,0.16524751751936712,0.6360108860529319,0.9557609524126024
Mbi2.80Zm0.66T00.4500_iTp0.00_ACFep00_aFep00,-0.18221522249912817,-0.13249785021756733,0.11941686077074955,-0.7110870433769576,0.1245238266808702,0.8342850147632154,1.3340068291421565,0.6492652294404467,0.6845399702379431,0.6491077366517356,0.3775161514246001,0.19663504045914856,0.16555392925022072,0.6618206887083483,0.973668272492527
Mbi2.80Zm0.66T00.5000_iTp0.00_ACFep00_aFep00,-0.18249008456271776,-0.13294494990238337,0.1254106485530429,-0.7019381404507179,0.12535768019068605,0.8618320598280916,1.361446490448839,0.6750471495616804,0.7089722876902245,0.664143750959419,0.38445799693317334,0.19889398605543707,0.16342543287501285,0.6856504478672404,0.9832339446352089
Mbi2.80Zm0.66T00.6000_iTp0.00_ACFep00_aFep00,-0.18247880994811702,-0.13316519547694625,0.1379985960225911,-0.6503182074566143,0.1274381132489953,0.90131306503531,1.3734886745358819,0.7276678342626627,0.7385362473101944,0.6762745384327984,0.38913475802977276,0.19756822956288508,0.16270707800237993,0.7243779646047479,1.0286433233268368
Mbi2.80Zm0.66T00.7000_iTp0.00_ACFep00_aFep00,-0.18153758024397976,-0.13366683370720897,0.14451218650396536,-0.6152365761798726,0.154274596734985,0.9598601510965085,1.4425687117588153,0.7594767934998793,0.782605384751375,0.7124372304797689,0.39897185781941064,0.2061086786821415,0.16876367470820738,0.7612155571448552,1.015993505151636
Mbi2.80Zm0.66T00.8000_iTp0.00_ACFep00_aFep00,-0.180991344701215,-0.1341739318883602,0.15039002202319457,-0.6413440953527734,0.17994783297938,0.9994944182190127,1.492244136843728,0.7942603448305922,0.8169313038926564,0.737444554597722,0.4180268604571063,0.21439100749960913,0.1778497026093136,0.7944676524059607,1.021966907800516
Mbi2.80Zm0.66T00.9000_iTp0.00_ACFep00_aFep00,-0.172457325690276,-0.12770949703003145,0.15774727373009825,-0.5418391553552759,0.20409805034821338,1.0409391172507023,1.5379153360247668,0.843404218934574,0.8538793200304916,0.7762699968700147,0.4328103930970914,0.2255364626130217,0.18423188699542234,0.8377575618349768,1.0347570129810997
Mbi2.80Zm0.66T01.0000_iTp0.00_ACFep00_aFep00,-0.16355276092336876,-0.12004308025069617,0.16563083954999971,-0.35276890137521166,0.2070009518428199,1.062577492295963,1.5657348631499262,0.8777556024340281,0.8753662882712105,0.8120823319685231,0.4513588200420407,0.24628126805654968,0.19455136518030544,0.8676429372149875,1.040334611562071
Mbi2.80Zm0.66T01.2500_iTp0.00_ACFep00_aFep00,-0.12870242229736842,-0.0891670849098697,0.18137559711571885,0.316039553591167,0.3156975741764825,1.3750339013740416,2.037084767106174,1.0619009297435689,1.1183733140782628,1.0114458629263483,0.6028953138271523,0.3486638006314302,0.27188976770618234,1.075085429758013,0.9971747284546774
Mbi2.80Zm0.66T01.5000_iTp0.00_ACFep00_aFep00,-0.10862263167843406,-0.07176728834276458,0.19305301942717812,0.6904816899776007,0.35378096258770375,1.5243632097018511,2.145553616656694,1.076462935309392,1.187719554466563,1.0800065314983045,0.6526247514789523,0.3779844821895293,0.29591503280287984,1.1162752063896748,0.9493765071290614
Mbi2.80Zm0.66T01.7500_iTp0.00_ACFep00_aFep00,-0.10133090267255848,-0.06574724276063308,0.20665052842335002,0.9330641450551052,0.38989729304928633,1.660704764688222,2.3141518922402486,1.1669463065353731,1.2704811198751012,1.163367575041509,0.71079353621819,0.4072058666131535,0.3227137212843522,1.203156032613643,0.958930856279343
Mbi2.80Zm0.66T02.0000_iTp0.00_ACFep00_aFep00,-0.09796783911507013,-0.06313487013174857,0.22717513850608057,1.0063937830867726,0.3974498223318642,1.6807065582131346,2.3254481712470665,1.2068999416612656,1.2890619551089286,1.1774266980382209,0.7234764379503417,0.4068656991676638,0.32229771260579954,1.2320891504066778,0.9786381462743039
Mbi2.80Zm0.66T02.2500_iTp0.00_ACFep00_aFep00,-0.08967772994895103,-0.05605079961799028,0.23449180819441146,1.1426852209542093,0.41604284626988275,1.7406601798796355,2.3951910962386656,1.238588827791384,1.3217117548712431,1.2022248276216048,0.7416916626055475,0.4134157195868655,0.3262028199653686,1.263178041552211,0.9814738106993572
Mbi2.80Zm0.66T02.5000_iTp0.00_ACFep00_aFep00,-0.07870597928854867,-0.046717695974554045,0.24625608544729896,1.3310353975125049,0.4432726486427836,1.8068920656370557,2.462863722972089,1.2779064037703805,1.3617961711558502,1.233542961877455,0.7640750669727964,0.42295473732865346,0.33430702773612164,1.301674798275889,0.984770265669925
Mbi2.80Zm0.66T02.7500_iTp0.00_ACFep00_aFep00,-0.073168842063791,-0.042006226071580575,0.2524798199065169,1.445835959274224,0.4579015763370513,1.8483852272321426,2.513965532501404,1.2997033938751692,1.3985066471342456,1.2621742759046481,0.7832999511315937,0.4267404794386526,0.34149460657288305,1.3296729578638347,0.9769705060242357
Mbi2.80Zm0.66T03.0000_iTp0.00_ACFep00_aFep00,-0.07326054542231876,-0.04221599416642745,0.2650882085876265,1.4541304725531528,0.4590285145713985,1.8498868602839065,2.50890441768354,1.3178724840579732,1.4023446594130011,1.2666579445658466,0.7865863986604544,0.4268331408186178,0.34253494084829333,1.340911055655909,0.9875393018300836
Mbi2.80Zm0.66T03.2500_iTp0.00_ACFep00_aFep00,-0.06602056290702435,-0.03601125977158914,0.27376956485346265,1.5783309314729868,0.47647742506417373,1.8887730058536916,2.554528305776826,1.3364722116929808,1.429237760832147,1.2875924756663335,0.8003467310842001,0.42980266906263553,0.34544447299226677,1.3627659941247654,0.983846685551807
Mbi2.80Zm0.66T03.5000_iTp0.00_ACFep00_aFep00,-0.060596338273260206,-0.03139592732497033,0.27993888989709986,1.6799865017725835,0.48931848800223166,1.9200120580204598,2.5891324294351077,1.3612346443889818,1.451580280182704,1.3031378952876382,0.8131914406299487,0.4354950215522935,0.3501320576032551,1.385410837886146,0.9882932174407015
Mbi2.80Zm0.66T03.7500_iTp0.00_ACFep00_aFep00,-0.05730376113846243,-0.028695196067199474,0.2896209007268701,1.7496285774402507,0.5017883117086079,1.9462690882029452,2.621011505984999,1.3918462158988678,1.4708820543891323,1.3210361852689219,0.8250156419775135,0.43875419000994426,0.3525415341058079,1.410263857504054,0.9970537074676922
Mbi2.80Zm0.66T04.0000_iTp0.00_ACFep00_aFep00,-0.055686700069257036,-0.027552214329132733,0.2973411948383563,1.7906627381232503,0.5070400798176848,1.9579194192538447,2.619246322006585,1.413413422452405,1.4775189876800532,1.3289200067992928,0.8287515567182663,0.4356469786203612,0.35361592723667606,1.4246179371172414,1.0072646690220488
Mbi2.80Zm0.66T04.5000_iTp0.00_ACFep00_aFep00,-0.050900207755206796,-0.02369402936539529,0.3078713061188623,1.9014512588328265,0.5218559473127653,1.9919119100258638,2.6418240782459015,1.4485636617615645,1.4985314556230855,1.3526552839431467,0.8453554817108765,0.44287352383302375,0.3594430994694076,1.4531177359824559,1.016112793777894
Mbi2.80Zm0.66T05.0000_iTp0.00_ACFep00_aFep00,-0.045838886339569306,-0.019673362749190446,0.3208820903290658,2.0307229486293905,0.5380818906191009,2.026476559353866,2.6809782721936726,1.494391340349014,1.5226093942709529,1.3810676845557137,0.8644405358028823,0.4494250286928293,0.36629120285633854,1.4886735894915004,1.0293095959230258
Mbi2.80Zm0.66T05.5000_iTp0.00_ACFep00_aFep00,-0.042860017800541265,-0.017597789936202667,0.33328192960468644,2.11647481522012,0.5461057041740432,2.0494932240019854,2.694074627023807,1.5276458738322791,1.5354310303765977,1.3966286400633932,0.8729404128285517,0.4475559860401308,0.369350915353145,1.512026265126915,1.042029184626408
Mbi2.80Zm0.66T06.0000_iTp0.00_ACFep00_aFep00,-0.040358510098827044,-0.01564341474886586,0.3290010092332413,2.16662496566179,0.5492820931504083,2.060372016873021,2.6831631231614437,1.524908455235708,1.5444743869225899,1.405890380318186,0.8803461661798737,0.45137888826809125,0.3744066611451336,1.5152591306282976,1.0337084228821134
Mbi2.80Zm0.66T06.5000_iTp0.00_ACFep00_aFep00,-0.03777882893577019,-0.013661127430149292,0.3357655699531055,2.2309668456215546,0.55775707023857,2.088008361118243,2.7044598802116844,1.5537448848491264,1.5591410961419268,1.4186846891476714,0.8892460944043747,0.4514748683005924,0.3764450551892162,1.5366854408737423,1.0435431733613136
Mbi2.80Zm0.66T07.0000_iTp0.00_ACFep00_aFep00,-0.035580178933379704,-0.011831938763565971,0.3464945993826614,2.294763383430081,0.568290908018472,2.1274441629130876,2.732307914442483,1.5815132906858997,1.5770205999457825,1.4301994920279957,0.9019205248637406,0.4526959675709093,0.3756649905450184,1.5585452091975542,1.0518108035437335
Mbi2.80Zm0.66T07.5000_iTp0.00_ACFep00_aFep00,-0.03399726471386445,-0.010687163688600742,0.356730707414173,2.3585897183557005,0.5758096919053435,2.1468830414185103,2.750755844265049,1.59708392130465,1.5954727798859334,1.4465945209463886,0.9127961583868348,0.45882595255720937,0.3793857083242508,1.5752866478934833,1.0499990719256482
Mbi2.80Zm0.66T08.0000_iTp0.00_ACFep00_aFep00,-0.033226815464264495,-0.010259934833420322,0.3625507594656177,2.396437542597674,0.5792942723517589,2.162371900196434,2.7624110558061226,1.6203644591680644,1.6030014140989857,1.4559103389840018,0.9158640040204841,0.4554883836017901,0.38117873857245516,1.5908208564437878,1.0594385127553592
Mbi2.80Zm0.66T08.5000_iTp0.00_ACFep00_aFep00,-0.03214438187485367,-0.009423353122372047,0.37129424483598583,2.4370488050655292,0.5847106762807159,2.179414174544236,2.7811892352293768,1.6390700234652764,1.6145282973183508,1.470757280508114,0.9236673641458985,0.4578255171777863,0.38493170091098355,1.6063445210414369,1.0625078179116083
Mbi2.80Zm0.66T09.0000_iTp0.00_ACFep00_aFep00,-0.031138353580996463,-0.008644628496057023,0.38424132484996587,2.4875350652156714,0.5934582885115898,2.20743360798326,2.8149973805215818,1.6615786531154104,1.6358700208087595,1.4878325447392688,0.9341032138755413,0.462581194076509,0.3894738118922555,1.62765274276174,1.063852027040801
Mbi2.80Zm0.66T09.5000_iTp0.00_ACFep00_aFep00,-0.03031802498378862,-0.008030859795770012,0.3977815798408985,2.536646815638039,0.6030279810066378,2.2347577083895014,2.8544633542950364,1.6852639758358898,1.6554288051865416,1.503541729735592,0.9451743012568028,0.4649674935835613,0.3916454361052587,1.6486852280769706,1.066970367216439
Mbi2.80Zm0.66T10.0000_iTp0.00_ACFep00_aFep00,-0.029560682855753542,-0.007453700991493126,0.4043198368853905,2.58260686266818,0.6100032462760006,2.251903038417294,2.8767984678630003,1.707926932455102,1.6679090414470963,1.5151601688674505,0.9525525462618255,0.46557630161827385,0.39483908407399204,1.6660189905959082,1.0731321373224725
Mbi2.80Zm0.66T10.5000_iTp0.00_ACFep00_aFep00,-0.028693186603940456,-0.006783363661610797,0.40968283165815594,2.6200261031480387,0.61577548627944,2.2655694980811796,2.8945186678035215,1.7311031986700856,1.6806301751945425,1.5234950564057061,0.9573018178480126,0.4671139617134687,0.39636069516826045,1.6832051218340225,1.0805465289541845
Mbi2.80Zm0.66T11.0000_iTp0.00_ACFep00_aFep00,-0.027907902319984627,-0.006151684694676074,0.41653800974606053,2.6702694717984636,0.6213132300058224,2.2792549742433215,2.9110634280149426,1.7557683752097248,1.6930139691687802,1.5342628142251318,0.9647689714020994,0.47019041563168856,0.3988532515524907,1.7013218137051482,1.0880804424610275
Mbi2.80Zm0.66T11.5000_iTp0.00_ACFep00_aFep00,-0.027818200441315798,-0.0060329441651001655,0.42147632484099024,2.7015996908492137,0.6261956621767963,2.295621481507919,2.9381030864991784,1.7671351699342244,1.7055066963220475,1.5466511073825702,0.9742894030994301,0.47136382166723706,0.4030068233924361,1.7132598933452743,1.0867462630018965
Mbi2.80Zm0.66T12.0000_iTp0.00_ACFep00_aFep00,-0.02843499155899009,-0.006466010185640472,0.4280320580222849,2.701728225904099,0.6258054643599258,2.297135757033539,2.936457814335694,1.7782552692541644,1.7082493898666493,1.5531679605460182,0.9776359855717819,0.4713545032559658,0.40286357763940744,1.7206064789636746,1.0904800448364338
Mbi2.80Zm0.66T12.5000_iTp0.00_ACFep00_aFep00,-0.02811283918962016,-0.005958740634676114,0.4343693849251719,2.7188087795928553,0.6265202210206848,2.304773267858419,2.9499866304667135,1.7904184879221237,1.7162189010949913,1.558666072873978,0.9813665616347167,0.4732035511810913,0.40238940088975556,1.730250302941714,1.0934237398587108
Mbi2.80Zm0.66T13.0000_iTp0.00_ACFep00_aFep00,-0.02833859143028415,-0.006045743871079338,0.44419634615771564,2.7360761962706595,0.6300505986045495,2.3171719919878613,2.9737421784943185,1.8093874600405708,1.7267854048549853,1.5687934967710957,0.9904052365653119,0.47370907597448814,0.4054349542188559,1.744815364469469,1.0980695738450053
Mbi2.80Zm0.66T13.5000_iTp0.00_ACFep00_aFep00,-0.02855439353355489,-0.006161480235536737,0.44635606545178885,2.75023773568737,0.6290299140759847,2.3187115627100243,2.9703303118478104,1.8097823766244472,1.7305032005091354,1.57574546816661,0.9947840579837077,0.4766333103013674,0.4073489311947464,1.7474016156323289,1.094764827443739
Mbi2.80Zm0.66T14.0000_iTp0.00_ACFep00_aFep00,-0.0366015861446716,-0.01258582675822447,0.4431144253666278,2.628593494418004,0.6010348581816913,2.257971293941246,2.8697688130096557,1.7992802186593948,1.702260027420544,1.5696838500534145,0.9867066548797403,0.4684235967461723,0.41403170432993247,1.7309104887890014,1.0998233992011468
Mbi2.80Zm0.35T00.0300_iTp0.00_ACFep00_aFep00,-0.13838177653300865,-0.0891064757963428,0.15239144734679952,-0.08433294861070359,0.3722154205807753,0.7424424911234659,1.64498914567556,0.6452414862199586,0.8107609179356418,0.8419939882526536,0.5340563386380702,0.3305647025926117,0.3214350463665724,0.7271721831979057,0.7808072253230358
Mbi2.80Zm0.35T00.0400_iTp0.00_ACFep00_aFep00,-0.14227465085757318,-0.09284207936236491,0.1404403623051288,-0.15788501116751996,0.32508977029689046,0.7563170627969149,1.5977635204673832,0.6112730052491515,0.783008337427758,0.8072725240008118,0.5019882084286975,0.30750575935071695,0.3085664260101065,0.6948271953396827,0.7687610661427908
Mbi2.80Zm0.35T00.0500_iTp0.00_ACFep00_aFep00,-0.14578668242095016,-0.0962035809083115,0.14137862884966446,-0.22697852090424803,0.29067157024174706,0.7535614719527635,1.5232949102637103,0.6154474005856071,0.7543475813385612,0.7736343199734176,0.4763666218605285,0.29029668966802724,0.29246402343196987,0.6838017626163773,0.8055689665658505
Mbi2.80Zm0.35T00.0600_iTp0.00_ACFep00_aFep00,-0.14803909221961944,-0.09825891601916721,0.13948610507695366,-0.2720863536521396,0.27309178106788734,0.764870942322034,1.514933541117373,0.6376780651597878,0.7606465938824435,0.7743287960023559,0.47637579225137927,0.2874240135447377,0.2910041292904975,0.6982052731871378,0.8308642201848536
Mbi2.80Zm0.35T00.0700_iTp0.00_ACFep00_aFep00,-0.15190389480160066,-0.1019371796874079,0.13812396505397756,-0.3608376733731448,0.24776242052414948,0.754675777705082,1.4667021864997822,0.6351295170376708,0.7327222385905455,0.7403273164558961,0.44960370444075337,0.27175586819111247,0.2697813330729796,0.6831734627161957,0.8623328588801572
Mbi2.80Zm0.35T00.0800_iTp0.00_ACFep00_aFep00,-0.15348347947909557,-0.10357528958360393,0.13724283821030622,-0.3492006688814554,0.232905688228582,0.7660572030225534,1.4669806697102852,0.6373213328768491,0.7367248269389574,0.7465341290619194,0.45294246056701537,0.27099568507518235,0.272599071704224,0.686499030129839,0.8593527519903575
Mbi2.80Zm0.35T00.0900_iTp0.00_ACFep00_aFep00,-0.1541622405171217,-0.1039880179260197,0.138889336027897,-0.32661426744898026,0.2383150157171479,0.7727601328993995,1.480170412449355,0.6438501358665624,0.7469132701521282,0.7470321585720705,0.45813690122483486,0.27079392482249764,0.2701951808541502,0.693485142911569,0.861945990110761
Mbi2.80Zm0.35T00.1000_iTp0.00_ACFep00_aFep00,-0.15670127238463147,-0.10625992703668326,0.13532469992421153,-0.3576142577851232,0.21743664367857068,0.7459235574219656,1.4173283539596249,0.6436295635578382,0.7198516529626072,0.722310756004315,0.439550306143079,0.25743252606377265,0.258063409435038,0.680999982099563,0.8925895718206875
Mbi2.80Zm0.35T00.1500_iTp0.00_ACFep00_aFep00,-0.1680417884615046,-0.11651830856931826,0.12637527544561694,-0.44504518405594795,0.18136181992920827,0.7914206842879041,1.399969989991566,0.6627444217373952,0.723546570358966,0.7113424428329688,0.4229382346205799,0.2518338953525499,0.2364076722110232,0.6908413366970892,0.9237570510949961
Mbi2.80Zm0.35T00.2000_iTp0.00_ACFep00_aFep00,-0.1783984177281772,-0.12568204954968448,0.11363721496244533,-0.5459384691213705,0.14060177617760172,0.7784450152062967,1.3242547243744782,0.6914999947148017,0.6910309878049027,0.6799460242762445,0.4005941190897141,0.2521861624638342,0.2122950514561191,0.6897112829241231,1.008769641826602
Mbi2.80Zm0.35T00.2500_iTp0.00_ACFep00_aFep00,-0.18375805118905064,-0.1303159088798268,0.12050375295332728,-0.6041008081395504,0.1145989508120972,0.800385046629127,1.3304159579531283,0.7184259632678063,0.7086201132475785,0.6751970725982778,0.39937146130648815,0.2569741416014445,0.20230287302715844,0.7087790438508788,1.0383249617306487
Mbi2.80Zm0.35T00.3000_iTp0.00_ACFep00_aFep00,-0.18889196681388704,-0.13500615993464785,0.12616575621831588,-0.6889081291339777,0.11066325712786704,0.8291374034641241,1.3654649134941423,0.7219777497686812,0.7330233401963426,0.6889185640627892,0.4124140961443221,0.24662421878875063,0.20428102843323467,0.7213255817696547,1.0154813605339947
Mbi2.80Zm0.35T00.3500_iTp0.00_ACFep00_aFep00,-0.1936570505144111,-0.13978507662614365,0.13089458284976008,-0.7264240747524988,0.1105168275199681,0.8625896568307954,1.380692264510914,0.754468126262511,0.7564382418462431,0.7051738094877639,0.41297436485483713,0.24462625201725668,0.20010249858595233,0.7482505439329312,1.0323780863381788
Mbi2.80Zm0.35T00.4000_iTp0.00_ACFep00_aFep00,-0.19746293904061687,-0.14343742099288614,0.1426272142070625,-0.7790014608792644,0.10854339498216234,0.8942095879646909,1.4022980605102735,0.7826268223824836,0.7794142564613855,0.7165374571263646,0.40853448157396854,0.2402550033177001,0.1937056896821051,0.7721476305394835,1.0463263155807416
Mbi2.80Zm0.35T00.4500_iTp0.00_ACFep00_aFep00,-0.19768968090212485,-0.14346338055403562,0.15253244745706343,-0.7330469374010129,0.11315959343926643,0.9408281400016246,1.4516575797420053,0.8004089128409305,0.8167080166550382,0.7352641594949962,0.41679149903235135,0.23845343824963336,0.19768287306078824,0.7971496890500304,1.0314732765718762
Mbi2.80Zm0.35T00.5000_iTp0.00_ACFep00_aFep00,-0.1985434102701577,-0.1449130055899427,0.15547312858368775,-0.7570635926340057,0.11414075804239152,0.9764870764558237,1.4994837090737008,0.816667707579312,0.8389634257530215,0.7539405371182398,0.42488553734725076,0.2442609388003775,0.20147234725307206,0.8159120126200665,1.0253822284517917
Mbi2.80Zm0.35T00.6000_iTp0.00_ACFep00_aFep00,-0.19856206573207194,-0.14634058601234515,0.165448897662552,-0.770418461743324,0.1660975711262764,1.0607827013950413,1.5924264016981178,0.8521678901136283,0.8959409448597636,0.7938529406730689,0.4472488156708067,0.249113870085163,0.21538102019984093,0.8597285567492352,1.0086057209810761
Mbi2.80Zm0.35T00.7000_iTp0.00_ACFep00_aFep00,-0.18552771417215086,-0.13569858174320892,0.1946981897343452,-0.5558093300023488,0.17844407384756866,1.1547021923113874,1.6946057640697647,0.9431616781490031,0.961936626844719,0.8630317145514849,0.4592855514280098,0.2638868776498886,0.21423189099161216,0.9386918731896372,1.0336197694557607
Mbi2.80Zm0.35T00.8000_iTp0.00_ACFep00_aFep00,-0.1716143785000277,-0.12359206482754567,0.2117101852584063,-0.36107724540087716,0.21545446672714275,1.263340123861874,1.8365535885356477,0.9987034758673629,1.0357389924987501,0.9138394436005475,0.4969278930290089,0.287062170954102,0.22888803348509895,1.000154243607604,1.0245327475672756
Mbi2.80Zm0.35T00.9000_iTp0.00_ACFep00_aFep00,-0.16115005778776212,-0.11470051280831875,0.2302953931683682,-0.18713110190034676,0.24583805028458172,1.3586922135885349,1.969949914545765,1.0457719181979894,1.1013425712904916,0.9650399106973044,0.5292565699310958,0.30975321820268215,0.23813120520925418,1.0544389573706179,1.0121765232852624
Mbi2.80Zm0.35T01.0000_iTp0.00_ACFep00_aFep00,-0.14886256224423017,-0.10416099946246513,0.2533251936817143,0.012056052902369677,0.28333264900128596,1.467270821535012,2.11337114729387,1.1058077355168288,1.1791360221898142,1.0201404976559436,0.5655868884478223,0.33348293894551007,0.2505831488217695,1.1201198863962059,1.005610459201722
Mbi2.80Zm0.35T01.2500_iTp0.00_ACFep00_aFep00,-0.1125578155779553,-0.07206986350575732,0.3062428902245406,0.6769566810695709,0.41343972286377706,1.7727926886766976,2.559223564377255,1.272875292319243,1.4212634146156433,1.2356723524826072,0.731738098030411,0.4402854540403801,0.33665847934170945,1.3202066075624272,0.9581528526821729
Mbi2.80Zm0.35T01.5000_iTp0.00_ACFep00_aFep00,-0.07807529753461358,-0.040662468135320255,0.3889723917212861,1.3838242319531848,0.5645849791195632,2.1136628224479153,3.0261087069711605,1.5423869582105019,1.6928486558733653,1.5021434346321978,0.9448228994121446,0.5447980481530794,0.4501691885426952,1.5901786503829844,0.9655028335086993
Mbi2.80Zm0.35T01.7500_iTp0.00_ACFep00_aFep00,-0.06367474793002856,-0.02896896464243338,0.398987161837763,1.5809626672852208,0.5730737287518021,2.1310818744137907,3.0135948246344055,1.547904045741565,1.683397870769324,1.4683355259101754,0.901938221325813,0.5298181744047126,0.41236338849830395,1.5850954324967985,0.9822556992747898
Mbi2.80Zm0.35T02.0000_iTp0.00_ACFep00_aFep00,-0.04666052348685747,-0.014102216550317985,0.4387350446764181,1.9432798053151852,0.6530892431644828,2.2984458900184364,3.2505771073042085,1.6578821453103607,1.7897082665930848,1.5615723317463372,0.9679592490706287,0.5707226681134941,0.4422074676266787,1.691515025778642,0.9894021683125254
Mbi2.80Zm0.35T02.2500_iTp0.00_ACFep00_aFep00,-0.044054409704593914,-0.012505935048585066,0.4708203173202071,1.9956538919196507,0.6614298548701187,2.337662178352924,3.2794333156568936,1.7209099325892072,1.8025093317134255,1.5774047164960976,0.9765842687288617,0.5654152154661007,0.442087540553101,1.73017007182375,1.0183157962261453
Mbi2.80Zm0.35T02.5000_iTp0.00_ACFep00_aFep00,-0.04041212292469945,-0.00960381978807685,0.47703108174871467,2.063170849444279,0.6543199440795036,2.3274733215138057,3.2469845381485154,1.7725756576163294,1.8050341422655989,1.5768319337330083,0.9775499275185615,0.5614685852572951,0.4408080974720451,1.7567862679864639,1.0482825858755618
Mbi2.80Zm0.35T02.7500_iTp0.00_ACFep00_aFep00,-0.03747878278537192,-0.0071937775214288326,0.485509918647763,2.1361597607264438,0.6471934257425951,2.3061016661896714,3.201016318822034,1.83922892906971,1.8124670579238358,1.5817003531427625,0.9842594625563391,0.5606277974549025,0.4437785544830323,1.7929586336877774,1.083758522383398
Mbi2.80Zm0.35T03.0000_iTp0.00_ACFep00_aFep00,-0.03385111753148593,-0.004211746633255752,0.502980757375728,2.24661737281144,0.6548814439914836,2.319073571806417,3.2077180947592203,1.904499273538322,1.8348184141555888,1.5994929386256354,0.996421315494727,0.5656058671287099,0.44784809224169236,1.8354619913308843,1.1091011139662643
Mbi2.80Zm0.35T03.2500_iTp0.00_ACFep00_aFep00,-0.031121343635265926,-0.0018864506730015406,0.5144939080812938,2.3519641171653713,0.667939424509034,2.340558613599392,3.232502723181163,1.9411524116572683,1.8582985044584839,1.6208210981183733,1.0102635473255217,0.5716701753587886,0.45265397910708505,1.8649842541694392,1.1158871400796497
Mbi2.80Zm0.35T03.5000_iTp0.00_ACFep00_aFep00,-0.03032512595421362,-0.0015273324408249698,0.534237711817337,2.3992872077382374,0.6720509371921182,2.359970090038815,3.25182356571476,1.9855503777558046,1.8707139474987076,1.630734823791595,1.017200067840297,0.5738240858021582,0.4559186401287789,1.8923475912222534,1.1341307598363741
Mbi2.80Zm0.35T03.7500_iTp0.00_ACFep00_aFep00,-0.029492100711985186,-0.0012838324283733305,0.5442964507910558,2.4637746484676013,0.677807605839197,2.3681460742019405,3.245227625186397,2.010593676946852,1.8763346663456963,1.6369481235323633,1.021253373516627,0.5753575529332617,0.4540294079862481,1.907296536089597,1.1445669461846175
Mbi2.80Zm0.35T04.0000_iTp0.00_ACFep00_aFep00,-0.02732275438474392,0.00035037891582154836,0.5548985680922977,2.550957746912112,0.6908284811764467,2.3885386813258545,3.2693035422745385,2.0394521476332192,1.8955573489007573,1.6509398879631927,1.0341464743561781,0.580255309849168,0.4562501047466141,1.930339487365221,1.1501219436655414
Mbi2.80Zm0.35T04.5000_iTp0.00_ACFep00_aFep00,-0.023405202420740404,0.0036028437161052837,0.581009878018325,2.6883319686854206,0.7145090988112088,2.4127855855153344,3.3002230243822344,2.105264197995301,1.927704716002303,1.6806211173471803,1.0538552777842116,0.5891798536619057,0.46234927502995093,1.9780491327925647,1.1668925120551308
Mbi2.80Zm0.35T05.0000_iTp0.00_ACFep00_aFep00,-0.022417396801269897,0.00399007799553845,0.5959806841999191,2.7791470140699595,0.7246379210411064,2.439292115991427,3.317022313564901,2.140346811145847,1.9435538449503345,1.6960320381435634,1.0619066710470981,0.5896588768819421,0.46297177997883443,2.0028829650184448,1.17614853991378
Mbi2.80Zm0.35T05.5000_iTp0.00_ACFep00_aFep00,-0.019981968639232905,0.00585082049983492,0.6156355339778193,2.880649210104771,0.7380255122841323,2.4756612426948634,3.349216373290537,2.205288411591803,1.9690095914288053,1.7159524105181654,1.0809914427312761,0.5953098971583992,0.4689928743551838,2.045965809856559,1.1969124297220033
Mbi2.80Zm0.35T06.0000_iTp0.00_ACFep00_aFep00,-0.01768768600129189,0.00764049381666347,0.6403740715918134,2.98411695214546,0.7563824529916169,2.514970546548223,3.3984653020704156,2.273576605684004,1.9949780569690339,1.7408910150571342,1.0986006163465631,0.5996384509452664,0.4759414942374153,2.091407004859214,1.217160752612199
Mbi2.80Zm0.35T06.5000_iTp0.00_ACFep00_aFep00,-0.016737017957821024,0.008404898459872356,0.6581414242535378,3.0532844152328162,0.7641693450309592,2.5394257189580025,3.4028249780170183,2.316931479615922,2.0119044013989438,1.7570216901832838,1.1085711958461262,0.5998483261545633,0.47831279470398425,2.1203989775407655,1.2294915969780953
Mbi2.80Zm0.35T07.0000_iTp0.00_ACFep00_aFep00,-0.0148165880674862,0.010095317835071298,0.6796563763751354,3.132803078263365,0.7787733674874981,2.5754099444172778,3.439019132971076,2.3685173972859137,2.0333083725734182,1.7790548676691265,1.1222736812040353,0.6037205299374347,0.48374475276506956,2.155761855255576,1.2425455015851152
Mbi2.80Zm0.35T07.5000_iTp0.00_ACFep00_aFep00,-0.012996276844026858,0.01167732451070063,0.6886380517971991,3.204198526869083,0.7876410767155873,2.5929021046840797,3.456904652837677,2.3983264470287504,2.049896354190859,1.7930818617680853,1.134896123910391,0.6073501158520642,0.4877596754963349,2.1780407808302322,1.2481603133054933
Mbi2.80Zm0.35T08.0000_iTp0.00_ACFep00_aFep00,-0.011359699622860129,0.01315245060453437,0.7012493070091668,3.2544886780893894,0.7959998172015429,2.603656505488754,3.4695827780357984,2.432025082189929,2.0648575694226117,1.8035630015883355,1.144649128470587,0.6108252418746909,0.4897151713952762,2.2008753749355963,1.2573736684242478
Mbi2.80Zm0.35T08.5000_iTp0.00_ACFep00_aFep00,-0.010242753926280213,0.014139548807993906,0.7194359556154893,3.3116450788717406,0.8030145944603827,2.6232486896568594,3.486808352226086,2.468631330843399,2.081791796683894,1.8163470209936818,1.15341399876333,0.6124366437044259,0.4914971661196635,2.2261393874645217,1.2665692251124883
Mbi2.80Zm0.35T09.0000_iTp0.00_ACFep00_aFep00,-0.009007216477455867,0.015175618591681192,0.7386000514359792,3.3669343928368507,0.8119476621672803,2.6453634642816484,3.5075359787890177,2.5028412671373337,2.099345772328937,1.8324879071601046,1.1642427333320216,0.6149421888677713,0.49500176084124736,2.251070062726133,1.2731165512894171
Mbi2.80Zm0.35T09.5000_iTp0.00_ACFep00_aFep00,-0.008288100510742307,0.015642164355631684,0.7530099441058835,3.4158707244108504,0.8197649483890512,2.66057866706122,3.521291057413233,2.5354116011433443,2.114291422067765,1.845208686165909,1.1721392912970312,0.6184258149648224,0.4987504054101695,2.2736695147782675,1.2806725757481476
Mbi2.80Zm0.35T10.0000_iTp0.00_ACFep00_aFep00,-0.006709291062584645,0.017074670149961235,0.762861583423142,3.4673071309527996,0.829212915598369,2.6791845820077036,3.538393813007428,2.5647409120564095,2.1278140665174288,1.8575715580601184,1.1832490850160413,0.6229400074812642,0.5015431373454164,2.294171576999756,1.2870728976588173
Mbi2.80Zm0.35T10.5000_iTp0.00_ACFep00_aFep00,-0.005883865072504329,0.017817087219238626,0.7728644153927736,3.5013287827367505,0.8340363167813711,2.6947805396909006,3.5498339561586527,2.580885229718951,2.1379583772043818,1.8658672431339725,1.1898717327082278,0.6259457262681014,0.5037939614109365,2.306772446632728,1.289209608235059
Mbi2.80Zm0.35T11.0000_iTp0.00_ACFep00_aFep00,-0.005073037252299055,0.01851516310280745,0.7853497243234419,3.546999589653675,0.8397325189895674,2.712914239078817,3.569495745807337,2.60939830737168,2.148631122340662,1.8794677606678596,1.1993595596620044,0.627574897433144,0.5080005804334504,2.325935333602872,1.2955979399506514
Mbi2.80Zm0.35T11.5000_iTp0.00_ACFep00_aFep00,-0.004094222309138806,0.01946427453177486,0.8048421895304194,3.599601887230376,0.8488067939055989,2.7331525471725797,3.5962041785629295,2.6419668466599595,2.167173098051515,1.8915770636859768,1.207882958359952,0.6298526939213661,0.5107581326597216,2.349835549987134,1.3018622686196442
Mbi2.80Zm0.35T12.0000_iTp0.00_ACFep00_aFep00,-0.004008217690946357,0.019476446011432842,0.8165656492039647,3.638106337558602,0.8534005237811582,2.7510962191421933,3.6166683374571966,2.6616883945186585,2.177453093129819,1.901272484052718,1.2155843685738843,0.6309308470534065,0.5133008099264156,2.364290960402366,1.305156889891707
Mbi2.80Zm0.35T12.5000_iTp0.00_ACFep00_aFep00,-0.0030646833342313318,0.02041038761225692,0.8186161847076876,3.6775519605155513,0.8550625174208993,2.762240781885818,3.6182588052201163,2.6697594313240725,2.184138193447978,1.9103806288572631,1.2211462387189602,0.6300067865172557,0.5155837909003285,2.3720204101321296,1.3040650426518152
Mbi2.80Zm0.35T13.0000_iTp0.00_ACFep00_aFep00,-0.002538884884710762,0.020890505735878858,0.8177640077521326,3.7122972583196185,0.8565915919199353,2.772949677368319,3.6141921344132224,2.670573604283402,2.188639395552069,1.9159372850554728,1.225076957914763,0.6274894131746401,0.5156448844567851,2.3750803571208388,1.3012662752291988
Mbi2.80Zm0.35T13.5000_iTp0.00_ACFep00_aFep00,-0.001638614037014003,0.02168001320276301,0.8212750594670807,3.754526686629176,0.8641015011965454,2.7879826029717005,3.618403453264927,2.6864538505700875,2.1979140964274273,1.9273861716015441,1.2346319463351623,0.6288102149782093,0.5197701817484416,2.3876980059622017,1.302428272380594
Mbi2.80Zm0.35T14.0000_iTp0.00_ACFep00_aFep00,-0.002387216721150824,0.021060294430973164,0.8125471031914522,3.7614171150801905,0.8641623092034676,2.797472432352884,3.6246364197673606,2.667657770685505,2.1949841459214112,1.9287972017680628,1.2348091367198086,0.6216268252022721,0.518775610036814,2.378369131525117,1.2937920543145067
Mbi2.80Zm0.25T00.0300_iTp0.00_ACFep00_aFep00,-0.13953142637835925,-0.09030792045216196,0.1367151405527685,-0.1689973002136733,0.3106127690478948,0.6264601133103824,1.4064561477715682,0.5776309097747275,0.6694673550224345,0.6855277783171938,0.41111744565107394,0.24738406844836133,0.2694154203877977,0.6239411803074411,0.8525948109511694
Mbi2.80Zm0.25T00.0400_iTp0.00_ACFep00_aFep00,-0.14389007381604912,-0.09455104707120111,0.13562663505409953,-0.24871765113534705,0.2829138600334402,0.6672947373782676,1.4234124722876145,0.5782449467450714,0.6927197153899511,0.7052342708506106,0.4208040888802913,0.26246049248881725,0.2730297737425744,0.6344981394004019,0.8272732184842688
Mbi2.80Zm0.25T00.0500_iTp0.00_ACFep00_aFep00,-0.1457063432536789,-0.09606558663232158,0.1316504094261978,-0.2695238831063002,0.2673825318545773,0.6895968872843559,1.4259451899402982,0.5638536679335556,0.6977991484014249,0.70762468804747,0.4234025535335379,0.25949253107121073,0.2643544456271676,0.6284965043230811,0.8023966198812352
Mbi2.80Zm0.25T00.0600_iTp0.00_ACFep00_aFep00,-0.14989209748275062,-0.09981022416795256,0.14374800245253347,-0.3200538644513643,0.2557501842092099,0.7441456421035457,1.4820837609578845,0.6019158634193366,0.7405606902419436,0.7497829067494018,0.4576662147632437,0.2749013510908473,0.2813609697416206,0.6688120115822404,0.8077544864613283
Mbi2.80Zm0.25T00.0700_iTp0.00_ACFep00_aFep00,-0.15504671009104598,-0.10432904137984395,0.1467700619666477,-0.36349465018156796,0.24373993374036465,0.7480529594073941,1.4495034925945682,0.6180369293645767,0.733737582608555,0.7379348714082847,0.4474269895701854,0.2645404790872804,0.27035928814251015,0.6739460399539285,0.839910983830244
Mbi2.80Zm0.25T00.0800_iTp0.00_ACFep00_aFep00,-0.1557858545641288,-0.10517553677821471,0.14598149591062162,-0.33111697889254854,0.23884837032844164,0.7710569992288476,1.4793260058636102,0.6199856442073925,0.7466924779631973,0.7464385815553488,0.4579336048760554,0.2697836929478071,0.2711789577019516,0.6803635363384727,0.8304504018653317
Mbi2.80Zm0.25T00.0900_iTp0.00_ACFep00_aFep00,-0.15698864455205044,-0.10610734943341563,0.15024470456191877,-0.3023949583326809,0.23536193057445592,0.7789723088883064,1.4860527682506572,0.6481700234386532,0.7552579353535723,0.7467902329478409,0.4558371734005593,0.2706097802912006,0.27101477257867546,0.6985690879345087,0.8630482525359149
Mbi2.80Zm0.25T00.1000_iTp0.00_ACFep00_aFep00,-0.16061010148802876,-0.10938821378403035,0.1468376986691251,-0.3983703355285557,0.21633514648207341,0.7655129091688574,1.4274938322353017,0.657472616404459,0.7370985042033196,0.731646797398839,0.4397459757140454,0.25847229974690666,0.259013879326309,0.6954268219475852,0.895284724570373
Mbi2.80Zm0.25T00.1500_iTp0.00_ACFep00_aFep00,-0.17231783285857322,-0.119890736433532,0.13089034105126998,-0.45449322835239614,0.1689599575532541,0.7908585912869504,1.3805216746318614,0.6656572500940791,0.7213080980499198,0.7101218079392285,0.4253342276427868,0.25523512479223476,0.2359586940990569,0.6914181218239984,0.9300591629516024
Mbi2.80Zm0.25T00.2000_iTp0.00_ACFep00_aFep00,-0.18138060015409604,-0.1278143158693595,0.12023586397675966,-0.5400453979796926,0.12709541314136386,0.7918174602801089,1.3166040107712507,0.7126550996150612,0.7089160292043748,0.6967088861227243,0.4175120034735909,0.2620689593054173,0.2200302318580069,0.7090675343266494,1.0140046492406138
Mbi2.80Zm0.25T00.2500_iTp0.00_ACFep00_aFep00,-0.18977884054995356,-0.13497585059379608,0.13356209295983826,-0.6877837622440723,0.10801353147135503,0.8199755214639454,1.3236460567549837,0.736482408043631,0.7489952494512325,0.7076046204920542,0.42297074821825104,0.2618910397779621,0.21815937451624715,0.7369439960437434,1.0112350319958578
Mbi2.80Zm0.25T00.3000_iTp0.00_ACFep00_aFep00,-0.1926920735855782,-0.13794510095606086,0.12852667738997953,-0.7181858127943684,0.10715910062087117,0.8597356926022631,1.378525879755304,0.7500826931909362,0.7611963730456965,0.721162835166192,0.4295147530325999,0.26067420249931084,0.21086649983357433,0.7500348362884987,1.0120120535369177
Mbi2.80Zm0.25T00.3500_iTp0.00_ACFep00_aFep00,-0.19985459912480408,-0.1445404220254584,0.1445729071609146,-0.7859124664569326,0.10290150999430187,0.8995005899946122,1.4015559865803873,0.7991337936338218,0.805122309902929,0.7430772933184216,0.4361917951464653,0.259841693615321,0.2142674131210286,0.7934213322048778,1.0323394890052395
Mbi2.80Zm0.25T00.4000_iTp0.00_ACFep00_aFep00,-0.2029275851250319,-0.14742901355152455,0.15508745850803055,-0.8118541945175342,0.10575645351606897,0.9249557811194289,1.4275763313433143,0.8198928668308729,0.8309560804164452,0.7573123244539759,0.44236929457311047,0.25130378524543934,0.21766613373339644,0.8151003408949792,1.0324361604331782
Mbi2.80Zm0.25T00.4500_iTp0.00_ACFep00_aFep00,-0.20075236609686709,-0.14612833294600622,0.16687411756970125,-0.7603803916093476,0.10755761248268177,0.9852702625597003,1.5222137903200141,0.8565482368697825,0.8744927643052793,0.7919402083997751,0.4525848714266871,0.2639882212794096,0.22122960714774903,0.8539592299883422,1.0280020269634749
Mbi2.80Zm0.25T00.5000_iTp0.00_ACFep00_aFep00,-0.20459720689509453,-0.15040998662390803,0.17720494370054923,-0.7554450722170638,0.13770191487566644,1.047433608745839,1.566102638256305,0.8864185542815861,0.9173869281898077,0.8166852614709906,0.46176432562553266,0.26995131830528346,0.23083388892319115,0.8878034260867523,1.022354847239639
Mbi2.80Zm0.25T00.6000_iTp0.00_ACFep00_aFep00,-0.1972326359767476,-0.1450621206022362,0.20159453885777967,-0.6614493813608395,0.18888746986188518,1.1909850006434544,1.770480961315218,0.9673920653665107,1.0263083648944562,0.8959453213853095,0.5013934078898058,0.2914175237543529,0.2508448867361785,0.9785352114890893,1.006518621627672
Mbi2.80Zm0.25T00.7000_iTp0.00_ACFep00_aFep00,-0.1849972399225633,-0.13467764332537568,0.23801658327731254,-0.48738026360418507,0.2046272700368201,1.2967162159300594,1.9024520630064818,1.0545105033059916,1.1027026698757307,0.9691098744213953,0.5163976834920021,0.309383947749202,0.24194611550428835,1.0598898743431735,1.0179593768834334
Mbi2.80Zm0.25T00.8000_iTp0.00_ACFep00_aFep00,-0.16964334012224253,-0.12142086987054743,0.2549774199928232,-0.2622856248787213,0.2526979134644986,1.4201494058343158,2.0638387295346687,1.105397399364513,1.1887750502339594,1.030581035113564,0.5647973716485521,0.33359999564349174,0.2589458421567949,1.1247693177463034,0.9961424456962901
Mbi2.80Zm0.25T00.9000_iTp0.00_ACFep00_aFep00,-0.15459737929775316,-0.10823825578797303,0.2820060342129286,-0.07010244698808563,0.30473800893837744,1.562626488693543,2.2684292073655454,1.1684950548518864,1.2940656364497287,1.101317278210061,0.6155387134383112,0.36558916497538924,0.27852870559981646,1.2037633305113522,0.9756227680348508
Mbi2.80Zm0.25T01.0000_iTp0.00_ACFep00_aFep00,-0.13543923016560902,-0.09137955901668972,0.2955833540003196,0.2788082039986155,0.36399589462230886,1.6958141111681189,2.4630360135059726,1.22687125998575,1.3940601893359492,1.1829912518017998,0.6791234703552156,0.4070739494621788,0.30742880499830433,1.2797754276639257,0.9521511603540949
Mbi2.80Zm0.25T01.2500_iTp0.00_ACFep00_aFep00,-0.10075944087058654,-0.06047401461156032,0.3629361056261587,0.9466695166994903,0.47723399955041657,1.9310955111161585,2.7931430496665293,1.4415875567091156,1.5999958920078048,1.3766694017890173,0.8267132226020367,0.5025650579477173,0.39091840522506316,1.4887543973661117,0.9685923101352987
Mbi2.80Zm0.25T01.5000_iTp0.00_ACFep00_aFep00,-0.07486325600416373,-0.03754571961582998,0.4220597006853167,1.405574352442979,0.5508126715000519,2.1044812620639095,2.9984413276494153,1.54659481995301,1.7088714476864009,1.4901576447153828,0.9077321393874749,0.5462524087176018,0.4282138447218748,1.596314026510377,0.9669151328610454
Mbi2.80Zm0.25T01.7500_iTp0.00_ACFep00_aFep00,-0.05798244456596945,-0.02283249664942126,0.47577731344860974,1.813674937166558,0.6115383413705038,2.2149487962547805,3.135915738051889,1.6915543844633412,1.7775787385041812,1.576048528316356,0.968209820843864,0.5768854677016331,0.4538851518951523,1.7062881649548394,1.0087909298680338
Mbi2.80Zm0.25T02.0000_iTp0.00_ACFep00_aFep00,-0.04391020047224731,-0.010922709888414758,0.5162686523327885,2.1272585527344288,0.6724654639341938,2.3697532953722966,3.3495542283494553,1.8079049658060158,1.8757373968123978,1.6672785751167234,1.0283008177834625,0.6082652431946068,0.4846582221845509,1.8126307697240693,1.0205457610859359
Mbi2.80Zm0.25T02.2500_iTp0.00_ACFep00_aFep00,-0.03977286978563367,-0.007373818089153127,0.5437969711279187,2.2083188626322157,0.6728706964011656,2.3815806559992,3.336804879666114,1.9226892971030691,1.9018757402047315,1.6858526671602576,1.0528216982627718,0.6047270679046015,0.49699347670053573,1.881600239152843,1.0718142951713507
Mbi2.80Zm0.25T02.5000_iTp0.00_ACFep00_aFep00,-0.03961412594335381,-0.008385901121832356,0.5613612326350109,2.220829241018771,0.6701425090609225,2.3925022694827436,3.3172691017090177,1.948498968597563,1.903612446757715,1.674903446646148,1.042689536364663,0.5987177551339852,0.48064586796144826,1.89325325798888,1.0889983594535122
Mbi2.80Zm0.25T02.7500_iTp0.00_ACFep00_aFep00,-0.03426186901803984,-0.0040342186903882,0.5842768843698934,2.379790760366097,0.692884349225489,2.4352878832361107,3.368188574256763,2.0135871478159757,1.9416721450641088,1.7037447325863884,1.0621685712974334,0.6099974504613069,0.4868704282282801,1.9430855756264203,1.1047225683081547
Mbi2.80Zm0.25T03.0000_iTp0.00_ACFep00_aFep00,-0.0298079872722419,-0.0005312636518362675,0.6029662300375441,2.538872849550061,0.717070112263197,2.4807431900150747,3.4180408635908326,2.06583469050243,1.974734086870179,1.7328019923576203,1.0838644059189373,0.6199610176192607,0.49256430240720345,1.984825559430568,1.1143976195277912
Mbi2.80Zm0.25T03.2500_iTp0.00_ACFep00_aFep00,-0.026301209290183668,0.0024929792016627574,0.618345705903631,2.6605494589769663,0.7364658359721851,2.5134280898065176,3.4608324776450674,2.1188370365190416,2.0044855730961664,1.7564916376301467,1.1043457466848292,0.6262141942268643,0.49874745055764924,2.024857976639584,1.126748139008189
Mbi2.80Zm0.25T03.5000_iTp0.00_ACFep00_aFep00,-0.02416957607530578,0.004126722413611109,0.6303721499570211,2.739383317051894,0.7491381472073222,2.537766519403389,3.487702085520724,2.1537940775353226,2.021964310018375,1.7713918729209135,1.1166719253393853,0.6302384887429782,0.5013036979961839,2.0503131358944717,1.1355612147480711
Mbi2.80Zm0.25T03.7500_iTp0.00_ACFep00_aFep00,-0.022528504518910995,0.0053936813001588795,0.6396221209787105,2.808061461028088,0.7602362888046824,2.5594877687847135,3.5051168018052716,2.178167996123426,2.037249065460847,1.7868727936595499,1.1267791578068949,0.6322612733365185,0.5043195716445706,2.0699684711356876,1.139172901056263
Mbi2.80Zm0.25T04.0000_iTp0.00_ACFep00_aFep00,-0.021240149930735745,0.006409702565689792,0.6515979472922574,2.8637817423328658,0.7658366204898204,2.5625717895159577,3.4987813798942433,2.2067740463856556,2.046034086841272,1.7919484391981435,1.1316663670119844,0.6326972212705024,0.5030663543248746,2.0876149619323647,1.1499656558691649
Mbi2.80Zm0.25T04.5000_iTp0.00_ACFep00_aFep00,-0.01857317296484173,0.008462122871606994,0.6752845045158069,2.991226129342332,0.7842522931107573,2.5992208794047236,3.5340285318314306,2.2614586845710782,2.0761869825619232,1.816496107002682,1.1496225185945343,0.6380297573214984,0.508490349400404,2.1285611643722233,1.1619022830980168
Mbi2.80Zm0.25T05.0000_iTp0.00_ACFep00_aFep00,-0.01657745758699415,0.010126111372972185,0.7038251251137668,3.088324295567242,0.800894553744575,2.6362950626193347,3.5719387254818766,2.332629716280809,2.1051816864560604,1.844710482827219,1.16412175745948,0.6417734888161336,0.5149589471146679,2.177265752371065,1.1811105803954505
Mbi2.80Zm0.25T05.5000_iTp0.00_ACFep00_aFep00,-0.015244110137335377,0.011101551834698447,0.7231818864118378,3.156912844202026,0.8099095826278976,2.6530922086089235,3.5816555322490298,2.3735913912691973,2.117499658300947,1.8557345180339877,1.1751616516851933,0.6426425385120718,0.5165447336653509,2.2027501866045607,1.1947905841576596
Mbi2.80Zm0.25T06.0000_iTp0.00_ACFep00_aFep00,-0.01312509258467851,0.013020910312764925,0.745426404325738,3.2427161410871466,0.8233640587011948,2.687359545121554,3.6189583743643503,2.4377703637304573,2.143752910046299,1.8813225278593133,1.190509212852843,0.6492083983264679,0.524301506593283,2.2465192429545717,1.2112917640117147
Mbi2.80Zm0.25T06.5000_iTp0.00_ACFep00_aFep00,-0.010369634696601345,0.015519439466883634,0.7631023538827838,3.341643654789972,0.8392204801236964,2.7200216972102185,3.6440059205142235,2.490396118385249,2.170306924129864,1.906656763391908,1.2068418528871383,0.6551205030141583,0.5303899741832564,2.284967790849988,1.2216915868088412
Mbi2.80Zm0.25T07.0000_iTp0.00_ACFep00_aFep00,-0.01003765608687398,0.015655786939634615,0.7794116489812752,3.3850806149190484,0.844022115569298,2.733920171893015,3.649565101389242,2.5322394308897618,2.1832847817598746,1.9200072969649549,1.2149985866558344,0.653195042988384,0.5305455611197125,2.311261334708867,1.2342477124741753
Mbi2.80Zm0.25T07.5000_iTp0.00_ACFep00_aFep00,-0.007992793558721683,0.01748364627924529,0.7962430999318072,3.456380411438043,0.8549591638592451,2.757573324993293,3.667168901059735,2.5641169649328033,2.2034990155709013,1.9376200779513186,1.2275703994233798,0.657464093933575,0.5343377827083745,2.3364804072704843,1.2383691012140872
Mbi2.80Zm0.25T08.0000_iTp0.00_ACFep00_aFep00,-0.006527973113677098,0.018748206263798924,0.8242305079661941,3.521806209942619,0.8662713030537307,2.78625298550136,3.7037978392267408,2.6196111861402755,2.228335972584404,1.9583075293465149,1.2415638443237629,0.6637506254805008,0.5385853745113786,2.3747232200250012,1.251413541626884
Mbi2.80Zm0.25T08.5000_iTp0.00_ACFep00_aFep00,-0.0051530560276243104,0.019942885833141244,0.8413065019497277,3.573502655946077,0.8732213457819918,2.7979716415214497,3.713525522478929,2.660408901335346,2.2415022136225864,1.96982412480487,1.2499193052364763,0.6669880681805709,0.541837156638756,2.400194887058893,1.263454165049942
Mbi2.80Zm0.25T09.0000_iTp0.00_ACFep00_aFep00,-0.003250798330361078,0.02168662624927902,0.8575186936762471,3.63500826830537,0.8811551699006935,2.8128801284901495,3.7228512071932753,2.7023213160161035,2.257365560542695,1.9863843611498058,1.2615412647815343,0.6691069479157313,0.5472122106305942,2.4279804686847544,1.2735535155843292
Mbi2.80Zm0.25T09.5000_iTp0.00_ACFep00_aFep00,-0.002135550872504889,0.022640975897253272,0.8709904044164039,3.679957778677694,0.8862445655112146,2.828939818707979,3.727547916404279,2.7184545536183866,2.269316849102121,1.9968265104591367,1.2695557533350061,0.6696828774882629,0.5499086264006545,2.4416437073234705,1.2744318812098991
Mbi2.80Zm0.25T10.0000_iTp0.00_ACFep00_aFep00,-0.00043994729810465706,0.024278350420724404,0.8862972735070218,3.74435519761421,0.894738677578808,2.847202513333296,3.7450702817454222,2.761853754296455,2.28494430168353,2.0129042369521715,1.2833251815492217,0.6704854201288869,0.5552389842727563,2.4698802062480056,1.2852261914158432
Mbi2.80Zm0.25T10.5000_iTp0.00_ACFep00_aFep00,0.0011448301767803342,0.025852534329987666,0.8977908967685028,3.7877382303740896,0.9044423516483289,2.8642399969709422,3.7639514706290136,2.786471894121219,2.3024270932739688,2.028641255154629,1.2951113504671385,0.6742131227256147,0.5614303477302468,2.4903889960508776,1.2867365139283518
Mbi2.80Zm0.25T11.0000_iTp0.00_ACFep00_aFep00,0.0027219834974170354,0.027309156637944816,0.9071377813744942,3.8446208120566263,0.9175398591933819,2.8807264539419717,3.7802694266840695,2.81445823432777,2.319841673317958,2.045623065422017,1.3066606056504164,0.6761456494107788,0.5657485046858788,2.5125684051358332,1.2894197538015715
Mbi2.80Zm0.25T11.5000_iTp0.00_ACFep00_aFep00,0.004378698770534345,0.0289445858249376,0.9192123544392455,3.9005813660341544,0.925100390010888,2.8963971898024803,3.7954503887208686,2.8428781216929684,2.3358861554274064,2.0591248978709884,1.3153314169705181,0.6773458906959685,0.569416258826149,2.533838207009092,1.2936841738131364
Mbi2.80Zm0.25T12.0000_iTp0.00_ACFep00_aFep00,0.005211911633466316,0.02964647477281132,0.9301920466508993,3.9396293522416643,0.930597176270938,2.9128561502394454,3.8061478598578584,2.8617143994163823,2.347108352405475,2.0688592777173738,1.3244792221341586,0.6777842422165472,0.5706118544371381,2.548293221284518,1.2960758044944147
Mbi2.80Zm0.25T12.5000_iTp0.00_ACFep00_aFep00,0.0059461489525486225,0.030242029282262675,0.9413662939611227,3.9788460028961126,0.9372917450369169,2.92967306864029,3.8219452157308496,2.8834601818353667,2.3590538580675156,2.0777958207818368,1.3314583958689779,0.6784033264465814,0.5707321863332405,2.564207263106698,1.2997781716973382
Mbi2.80Zm0.25T13.0000_iTp0.00_ACFep00_aFep00,0.006949051789550588,0.031153170628276494,0.9490640111714359,4.026706476559194,0.944737397342572,2.945040088945476,3.8461780525469256,2.9055870546616425,2.3716586191088043,2.086776317260915,1.3390542037119384,0.6786815571593781,0.5721477223183082,2.580560111646471,1.303411217671606
Mbi2.80Zm0.25T13.5000_iTp0.00_ACFep00_aFep00,0.007467904063762389,0.03155241141549163,0.953958299599926,4.057751530879498,0.9486803054030492,2.959118215564355,3.8497294727500244,2.914181534308809,2.377225188197186,2.0954672549436477,1.344286981694687,0.6785378635242352,0.5735287802210529,2.588002993003086,1.303099451328426
Mbi2.80Zm0.25T14.0000_iTp0.00_ACFep00_aFep00,0.00851074606397475,0.03265496514186815,0.9574962091020671,4.1097873983911875,0.9530065019672969,2.9751447682680823,3.8504809802194586,2.9273910163307746,2.39012455530573,2.106716731446248,1.3523060542719694,0.6798817945060972,0.5760435279281377,2.6008707015549297,1.3019765785174946
Mbi2.80Zp0.06T00.0300_iTp0.00_ACFep00_aFep00,-0.13895616413357592,-0.08873811603039905,0.14192425114804857,-0.07582864346564205,0.3051408316040961,0.7230089166220237,1.5822356168940555,0.593232370160134,0.7254727336023363,0.6976683206379513,0.4113170495086632,0.22228884647871808,0.2554440114062299,0.6524993911540523,0.8336944091277276
Mbi2.80Zp0.06T00.0400_iTp0.00_ACFep00_aFep00,-0.14219248920857208,-0.09224024967566116,0.14162766726712334,-0.12278059169969463,0.2856563395272098,0.800916852813143,1.682370684277153,0.5982569372267512,0.782742375809676,0.7458723558988856,0.44610781337354344,0.26886659344957137,0.27816265740034823,0.6797829710554967,0.7827439116173742
Mbi2.80Zp0.06T00.0500_iTp0.00_ACFep00_aFep00,-0.14864404891042166,-0.0979283558236495,0.14460012001671807,-0.20387889804610576,0.27247342292515314,0.8253300897614969,1.6647033694740585,0.6057342437684309,0.8012494635000892,0.7662826563547965,0.45824235341748065,0.2831350100784931,0.2796195762345466,0.692397047905178,0.7728508221247891
Mbi2.80Zp0.06T00.0600_iTp0.00_ACFep00_aFep00,-0.1509668986178044,-0.10000604639982558,0.14714111750746778,-0.18008554967973567,0.27877983992230604,0.8664188129881257,1.7541507143122435,0.6312122635558265,0.8407692157852573,0.8028011984782618,0.49155855373577345,0.3104810105897831,0.2890341219447945,0.7238738798593912,0.7680988390615093
Mbi2.80Zp0.06T00.0700_iTp0.00_ACFep00_aFep00,-0.15548642432129922,-0.10403994937910303,0.1447852689758068,-0.2672429530086964,0.2632690623422709,0.858076724463237,1.705966043560025,0.6667574226613443,0.8443699608232814,0.805827745029165,0.4975229967939051,0.312634786791242,0.29278072877950084,0.7455162053775622,0.8080939881284296
Mbi2.80Zp0.06T00.0800_iTp0.00_ACFep00_aFep00,-0.1596814478590517,-0.10753712151539865,0.14461034499896275,-0.3203200203921649,0.24554090389419603,0.8438090589006971,1.652664579374773,0.7029887654552864,0.8450467798550688,0.803876156814217,0.4972009622908089,0.31976303826483377,0.29391897980340387,0.7654766466667787,0.8526641843860535
Mbi2.80Zp0.06T00.0900_iTp0.00_ACFep00_aFep00,-0.16359656209404544,-0.11085000873454791,0.14514636001059628,-0.3347480137870897,0.2314535266561354,0.8341023009664651,1.6126663638557022,0.7312838660805804,0.8442425922953016,0.802500673601325,0.5014304137201578,0.3202658373796447,0.29656133766374043,0.7802781126836487,0.8881577125289258
Mbi2.80Zp0.06T00.1000_iTp0.00_ACFep00_aFep00,-0.1673936762439167,-0.11403864502859919,0.14787896128613198,-0.3509631995290868,0.21560665843340404,0.8162236370730123,1.5492447975205617,0.746634590378324,0.8345340601750475,0.7977074403329114,0.4910003064269552,0.313632537174773,0.28770401672851026,0.784469953709967,0.9148579914748753
Mbi2.80Zp0.06T00.1500_iTp0.00_ACFep00_aFep00,-0.1796778628765602,-0.12449497335874796,0.13571700546367466,-0.5228396698230802,0.15212352501885018,0.826419638071605,1.4866098269288266,0.771096765898992,0.802990813756783,0.7616041143785693,0.47886320261457166,0.30419583337011946,0.2703141560627307,0.7811836771993884,0.9856823028538986
Mbi2.80Zp0.06T00.2000_iTp0.00_ACFep00_aFep00,-0.1889464304204577,-0.13216111008685733,0.1476994272386374,-0.6416217762104846,0.1387428236879657,0.8706127980832817,1.5200823622549073,0.8096854994394148,0.8467611710494931,0.778205553825179,0.4838396960200593,0.29861088461496677,0.26519521884398783,0.8185767311126377,0.9965564057957716
Mbi2.80Zp0.06T00.2500_iTp0.00_ACFep00_aFep00,-0.19610524275538274,-0.13932845280417944,0.14955797906275523,-0.6975349061969348,0.14467848300085412,0.9373125602189342,1.634124876141615,0.8617642684251738,0.8969636563208245,0.8207632411655776,0.5166660846585529,0.29645018127338063,0.27484344762205354,0.8686682488083105,1.0033775097615547
Mbi2.80Zp0.06T00.3000_iTp0.00_ACFep00_aFep00,-0.2005880243077066,-0.14297736242035428,0.1557332993491557,-0.7377528485371672,0.1444162553870894,1.006565301560021,1.7204867457820956,0.8944134904425478,0.9437170503627589,0.8483280089508691,0.528820003013046,0.2981016351408536,0.27516317838736565,0.905640343773913,0.9982042424593023
Mbi2.80Zp0.06T00.3500_iTp0.00_ACFep00_aFep00,-0.20145237724657422,-0.14425709276662083,0.19136062077088803,-0.6449710911204605,0.16015523584768526,1.104391253923952,1.796041429127186,0.9572031328221227,1.009683336830277,0.8833696641592093,0.5230308729732419,0.31286263599377034,0.26664665937671483,0.965721417944384,1.0112798028600352
Mbi2.80Zp0.06T00.4000_iTp0.00_ACFep00_aFep00,-0.1987825000834178,-0.14242154241412994,0.2081416799238752,-0.6353163485247201,0.21757377515514004,1.2310018483617124,1.9575498707809293,0.9960356083845819,1.1057901716530938,0.9231812237853284,0.5645366601109626,0.32932418219090975,0.2925017961219998,1.0249285742490146,0.9818133568801324
Mbi2.80Zp0.06T00.4500_iTp0.00_ACFep00_aFep00,-0.19608145627502582,-0.14091788633397545,0.2270715099379539,-0.6088214569143608,0.23228897783609945,1.2961550137755387,2.0378719722195417,1.059264520113859,1.1550772477364106,0.9629563328029694,0.5798151391024192,0.34558840563579635,0.2927605812725908,1.0800696381552999,1.0002339243782017
Mbi2.80Zp0.06T00.5000_iTp0.00_ACFep00_aFep00,-0.1867675032109059,-0.13262103403435344,0.23789214665262237,-0.4739679128887546,0.25350256400014515,1.3775643429854583,2.16271715629374,1.0949643913287885,1.2077989850586868,1.00612343062446,0.6002568574417437,0.3548938297083609,0.29107829311996575,1.122793465568963,0.989162387599673
Mbi2.80Zp0.06T00.6000_iTp0.00_ACFep00_aFep00,-0.16522505177561667,-0.1147105834451402,0.2778773309521865,-0.18350327636639546,0.3328598913256131,1.5782274299986,2.466593832253805,1.148752169114909,1.3524062359259812,1.1204772998398835,0.6568243228323644,0.3952166842196098,0.3051809556589615,1.2161330165281523,0.9290790710522762
Mbi2.80Zp0.06T00.7000_iTp0.00_ACFep00_aFep00,-0.14733960248048686,-0.09977421262447389,0.2934000203052841,0.069919503487343,0.40234270096687963,1.735757739617317,2.737921594057229,1.2123530141825025,1.472040464050342,1.2147618971127407,0.7203791869230918,0.42746457424883155,0.3385297741771979,1.3028035955887067,0.902450460597102
Mbi2.80Zp0.06T00.8000_iTp0.00_ACFep00_aFep00,-0.13045136756659131,-0.08544620401678255,0.31346766781382873,0.31100988103277305,0.4589389136762101,1.8557141462399362,2.9466070225464667,1.2999511352936364,1.6065305903450589,1.3166480600809436,0.7717293488408304,0.4653299138769123,0.36333568700153934,1.408154107331225,0.8894092977206105
Mbi2.80Zp0.06T00.9000_iTp0.00_ACFep00_aFep00,-0.11001817968660474,-0.06745321378753576,0.38755339180196113,0.6977038203789449,0.493524200151525,1.9839412815341506,3.085410116621532,1.4026345888606506,1.7017112040400484,1.404584891726022,0.8005017533467305,0.5087977637956134,0.36120179550100723,1.5067137402382849,0.9030913638738196
Mbi2.80Zp0.06T01.0000_iTp0.00_ACFep00_aFep00,-0.09248261171432018,-0.051863354596597334,0.4372607733438031,1.0946915828297916,0.5197710585581715,2.073744129827043,3.17636858240697,1.480855513841889,1.708872629728415,1.4299781141843222,0.8202250127661886,0.5339486129692117,0.36368445472626115,1.5540118279704846,0.9435654222895143
Mbi2.80Zp0.06T01.2500_iTp0.00_ACFep00_aFep00,-0.0540108773702113,-0.016757764028500086,0.5147936221610996,1.8403594183003424,0.6500364345716672,2.3427196128371324,3.5911554659263243,1.7279950687288268,1.9470443684346643,1.6463398536573806,0.980545474197974,0.6538575979098283,0.4652342213407995,1.7941545669258914,0.9617647108846041
Mbi2.80Zp0.06T01.5000_iTp0.00_ACFep00_aFep00,-0.04227617631550924,-0.008056611164927632,0.6106257152505596,2.3542048130409414,0.735102197124099,2.5024837049978217,3.786293878256971,1.9902629670444485,2.0876610618593334,1.8119236362756126,1.1138469072847337,0.6919790310825122,0.5347319119761507,2.0003332979442288,1.0207563733626974
Mbi2.80Zp0.06T01.7500_iTp0.00_ACFep00_aFep00,-0.032679805853409655,-0.0003326500288270494,0.6744648298847253,2.6462122936266415,0.7951784527181034,2.6086280890100126,3.932543895468817,2.1478808532863094,2.1679168906233257,1.8848608628336856,1.155819208904241,0.7056439194622761,0.5378634870176339,2.118064070463113,1.0599549168242306
Mbi2.80Zp0.06T02.0000_iTp0.00_ACFep00_aFep00,-0.02429518855542974,0.0067512010035274735,0.7389006958906862,2.92866325079359,0.84325733242407,2.690036989700395,4.021663612959484,2.3096499713049106,2.2273291300350344,1.9529594888154438,1.205527934104597,0.7282730586232663,0.5667896677910557,2.2286577278174575,1.1050193811450428
Mbi2.80Zp0.06T02.2500_iTp0.00_ACFep00_aFep00,-0.01610523982681108,0.013947007208952054,0.7834811856649632,3.136856782139236,0.8757110524714607,2.7594714089423538,4.096585214371074,2.430950144582122,2.2866275431106637,2.008472177541481,1.2488980579657418,0.749430709494019,0.5895442370170506,2.3171850692616793,1.1319644723932136
Mbi2.80Zp0.06T02.5000_iTp0.00_ACFep00_aFep00,-0.00917775679853508,0.02041101622781639,0.8312973890176555,3.360684399422274,0.9107563374282098,2.8197665577629354,4.161506985681229,2.5635530953837473,2.361874572777745,2.0682636324912926,1.2951396159769382,0.766027386817975,0.6095034822140304,2.417444610783418,1.157324208231136
Mbi2.80Zp0.06T02.7500_iTp0.00_ACFep00_aFep00,-0.005789250673159087,0.023568463601042908,0.8687047818804826,3.495905273188695,0.9353202655409678,2.8702174241279534,4.21531488786961,2.6539357318906873,2.409491376162913,2.106504320401477,1.3251104872125556,0.7808062132269181,0.6195630549400553,2.483844795931751,1.175349096948745
Mbi2.80Zp0.06T03.0000_iTp0.00_ACFep00_aFep00,-0.0075383762810805124,0.021118300186564742,0.8841632485038363,3.536853780989012,0.9308971961494399,2.8741601611448577,4.170235332458744,2.699264867662373,2.4054647244070804,2.0991325338144664,1.3218020503023429,0.7717554406122888,0.6083843457013636,2.502291417765123,1.1984489235905922
Mbi2.80Zp0.06T03.2500_iTp0.00_ACFep00_aFep00,-0.0035337143806525844,0.024897102165830007,0.9076547540421841,3.660523180660891,0.9514703091326853,2.9126466573644785,4.212623860504499,2.764199621167775,2.442813413397282,2.1302527328739864,1.3470639023659945,0.7824520335184848,0.6189797343229366,2.551570002916221,1.2089042811775705
Mbi2.80Zp0.06T03.5000_iTp0.00_ACFep00_aFep00,-0.00017558970734735363,0.027952874637617187,0.9337445926781934,3.778966916289156,0.9707139929180909,2.952730460075157,4.251280321712334,2.821213243870585,2.474323465598384,2.1621139542821504,1.372116151036516,0.7936238738977299,0.630339190502316,2.59498890950874,1.2169745812910284
Mbi2.80Zp0.06T03.7500_iTp0.00_ACFep00_aFep00,0.0031830599483978765,0.03109581660686534,0.9548673193222431,3.8786260176462664,0.9884866312769715,2.9875356579830457,4.290431735612982,2.87387087596776,2.5033695291980407,2.194073188996971,1.3956521145156033,0.8036569120366093,0.6404566399690085,2.635426912928176,1.2235895351469201
Mbi2.80Zp0.06T04.0000_iTp0.00_ACFep00_aFep00,0.006028735021950358,0.033842456679651335,0.9737313027442829,3.9630823781329116,1.0023820635030685,3.013302599464906,4.314791364916568,2.9298899561563894,2.5320606172265685,2.219409007977799,1.416919676539857,0.8106559089874453,0.6485115550863758,2.6762229399045445,1.2332563132108292
Mbi2.80Zp0.06T04.5000_iTp0.00_ACFep00_aFep00,0.010685262310818953,0.03822337406773311,1.0003927970205413,4.0618157064644045,1.0178440518104752,3.04745895384564,4.325249244526045,3.0032736931141697,2.5827579236394675,2.2604168927219375,1.439418818920749,0.8207363276441968,0.6564827107474024,2.7359946990091433,1.2402086676567576
Mbi2.80Zp0.06T05.0000_iTp0.00_ACFep00_aFep00,0.010473286166650723,0.03805974014932003,1.0110716401463007,4.09281508906419,1.0189513502328453,3.055173711570456,4.321746064052609,3.0281046561911995,2.589864422099506,2.2668720067229295,1.4425315535694665,0.8166075805411929,0.6538133789089712,2.7510952657308856,1.2469709652024061
Mbi2.80Zp0.06T05.5000_iTp0.00_ACFep00_aFep00,0.015541619005963445,0.042804992572423074,1.0425483362141534,4.211573524942874,1.0420804603835914,3.093719656897012,4.3470121946879665,3.116980082061657,2.6442169645667652,2.312782539015801,1.470381722302534,0.8312789327907634,0.6645686764488259,2.8200550970464406,1.2576075828972448
Mbi2.80Zp0.06T06.0000_iTp0.00_ACFep00_aFep00,0.01904507234739001,0.04620815588844438,1.0677897093874766,4.318303192051948,1.0614968502438151,3.1287685988150713,4.3802626756723955,3.185423824380836,2.685975211941843,2.3469176725756364,1.4929747252006877,0.8414154619996984,0.672305461326936,2.8729005694542677,1.2658420902141783
Mbi2.80Zp0.06T06.5000_iTp0.00_ACFep00_aFep00,0.021005887123097235,0.04812493195143165,1.0906704621115841,4.416334036869027,1.0741726576779957,3.154400446322862,4.397989576897641,3.2336766584312038,2.7134398567160636,2.369355468319055,1.5090742898801286,0.8442043473244238,0.6770883299292003,2.909096592627761,1.272400894249607
Mbi2.80Zp0.06T07.0000_iTp0.00_ACFep00_aFep00,0.02383637880395418,0.05108150423858749,1.1128833087319692,4.5221715316455136,1.090668984642341,3.1817038797898243,4.430212611556227,3.2818735700227246,2.740851375821192,2.393989909891248,1.5283105147123042,0.8481305950285151,0.6843868116413212,2.9455709388791576,1.2782765376427314
Mbi2.80Zp0.06T07.5000_iTp0.00_ACFep00_aFep00,0.026792684728054475,0.05403117491841209,1.1308434586255376,4.627140222834781,1.1069785713490066,3.208281918841044,4.443199835730574,3.3276454271481093,2.768364546247419,2.418318534855739,1.546994855991147,0.8534702958448454,0.6910178444803755,2.980936681724633,1.2831497028503043
Mbi2.80Zp0.06T08.0000_iTp0.00_ACFep00_aFep00,0.029189081656023824,0.05649339264456524,1.1547101599131686,4.714369832376391,1.1171923659674547,3.2328396156493486,4.47181009385716,3.3744644107317,2.792790153118631,2.4396266212316418,1.5654844635792406,0.8555224376675932,0.6981796072739365,3.015043018411991,1.2898301325206336
Mbi2.80Zp0.06T08.5000_iTp0.00_ACFep00_aFep00,0.031605606965293555,0.05899512024636007,1.1826312973025552,4.799132135717398,1.1292756580185643,3.2602972992666874,4.501577351677318,3.419448127443675,2.819054695697808,2.4603028955609805,1.5821924349893306,0.8593855910747077,0.7041801384358483,3.0489549049519558,1.2954031123428242
Mbi2.80Zp0.06T09.0000_iTp0.00_ACFep00_aFep00,0.033821953863595246,0.06123169314272054,1.202537159019529,4.869901499411059,1.1420044384760746,3.282054996010255,4.513782251185989,3.4592278444504276,2.837266767692377,2.4793067293720994,1.594481004104502,0.8614548550685376,0.7080726118981442,3.077017697713661,1.301299736140364
Mbi2.80Zp0.06T09.5000_iTp0.00_ACFep00_aFep00,0.03699026202342336,0.0646476808349538,1.2209790868697976,4.941543629033378,1.1576010525536362,3.307125848277153,4.538093037794583,3.500365014611502,2.8592357866186395,2.501076648206509,1.6095102796225265,0.863173177930642,0.7123882270974271,3.107625517180592,1.306030220130511
Mbi2.80Zp0.06T10.0000_iTp0.00_ACFep00_aFep00,0.04033215146641067,0.06832223018911304,1.2414120420642405,5.005293927660216,1.1750214657618434,3.331940907038919,4.568567996700242,3.5416536567881858,2.8828641276452336,2.5258198528863565,1.624648016856971,0.8655632541925009,0.716507048981066,3.139432858738089,1.3096175223164346
Mbi2.80Zp0.06T10.5000_iTp0.00_ACFep00_aFep00,0.04274241144287773,0.0708439085245942,1.2638389069064886,5.057023798313056,1.1882625914425158,3.3559023507951973,4.592452073580248,3.57360374773168,2.900644693138472,2.5445825510055182,1.635349621360904,0.8711223303097966,0.720233316785468,3.1637755521975923,1.3125636773285716
Mbi2.80Zp0.06T11.0000_iTp0.00_ACFep00_aFep00,0.0422073142382031,0.07031559671538097,1.282571048885157,5.0692522782902945,1.191462522919605,3.3687023348035705,4.5843314295707085,3.6069995512882573,2.9149013241051644,2.554206341415906,1.6381700751730415,0.8737403556492059,0.7186464757353245,3.1858688467508345,1.319044996692198
Mbi2.80Zp0.06T11.5000_iTp0.00_ACFep00_aFep00,0.04439816999843381,0.07266248661133351,1.297845841542621,5.109334410694855,1.2018480817883814,3.3851199113190704,4.598224417196986,3.63524032539809,2.932688117430576,2.569234257087448,1.6479881172734847,0.8765374203491516,0.7217929165575795,3.2079710581655774,1.3214436983824374
Mbi2.80Zp0.06T12.0000_iTp0.00_ACFep00_aFep00,0.04605563255112951,0.07450628200543004,1.315152438762661,5.145011834571267,1.210900813223191,3.3998155442779576,4.60907845916352,3.6619621864780445,2.9519706481336674,2.583871893912328,1.6582743971811638,0.8788359460174977,0.7250691221870864,3.2299496974072324,1.323000847175331
Mbi2.80Zp0.06T12.5000_iTp0.00_ACFep00_aFep00,0.048667301793613234,0.07730602736711142,1.3287692919111582,5.198675840876806,1.2210188547081549,3.413982289987233,4.621332039389715,3.6845251742900262,2.9723635982954795,2.597702987075581,1.6717253817307487,0.8813378426233797,0.7297397421543258,3.2504189726839354,1.3229734753860485
Mbi2.80Zp0.06T13.0000_iTp0.00_ACFep00_aFep00,0.05237483866765681,0.08123336353305605,1.345375816650856,5.251834880617701,1.2363162527879028,3.4358659480829474,4.660301373377372,3.703190394531719,2.9914470976658887,2.620146923361395,1.6870834777454606,0.8915609534478143,0.7390536975953071,3.26999992215808,1.3198354623144304
Mbi2.80Zp0.06T13.5000_iTp0.00_ACFep00_aFep00,0.05480331741638217,0.08374059496690874,1.3539972887100094,5.296668819195755,1.2457483557715965,3.4510376246821424,4.674812247614429,3.7164198728025135,3.004644571071573,2.6347160168576713,1.7000287272612715,0.8945574665688864,0.7443945260594192,3.28353072806198,1.3180288136769673
Mbi2.80Zp0.06T14.0000_iTp0.00_ACFep00_aFep00,0.055994297603436285,0.0849074313762995,1.3673412444187292,5.332412615696354,1.2528852653587164,3.467476717965882,4.692346571638728,3.7392388706353348,3.01170455508794,2.643192555981432,1.7092450377817816,0.8921099022027371,0.7466491527043007,3.2978258761910153,1.322478127255696
Mbi2.80Zp0.15T00.0300_iTp0.00_ACFep00_aFep00,-0.13699325869371193,-0.08743691678861576,0.1458616699954876,-0.02913290060413729,0.3360978680790374,0.8515126846828376,1.8187261734508544,0.5829903382421111,0.8089542869329498,0.7660772279165285,0.45466783746443523,0.27306628483225404,0.2713995981387549,0.6816255557434591,0.7402903786313457
Mbi2.80Zp0.15T00.0400_iTp0.00_ACFep00_aFep00,-0.14281560124086803,-0.09267801454084329,0.14924149796599304,-0.1331643885150557,0.31272542378626755,0.8997999418429248,1.851064145447,0.5931077939962601,0.8559380387349692,0.8119178044090645,0.4829797642312532,0.3086121987544205,0.28283754566440755,0.7073563978726403,0.7112218917891697
Mbi2.80Zp0.15T00.0500_iTp0.00_ACFep00_aFep00,-0.14782195318496846,-0.09726904721912147,0.1489758273225544,-0.21691788208029505,0.2897872520248441,0.8815695402010153,1.7806539152196372,0.6135323802850927,0.8484118525576445,0.8097295599856814,0.49373393668034904,0.32095327952616975,0.2859425768732592,0.7168562955234052,0.7400241929233664
Mbi2.80Zp0.15T00.0600_iTp0.00_ACFep00_aFep00,-0.1514355959516186,-0.1000776468092418,0.1543331441088881,-0.2316673596315173,0.2729007755913102,0.8766595795924623,1.7522237117888768,0.6719176320415573,0.8686928952390957,0.8268938642981107,0.5123499911816796,0.3394568930343082,0.2941541023059076,0.7588320838570007,0.7925488073815232
Mbi2.80Zp0.15T00.0700_iTp0.00_ACFep00_aFep00,-0.15637541173628786,-0.1040594985740885,0.1509212899141362,-0.33704612090760977,0.25142882435653136,0.8553357552232885,1.6743994180072082,0.7000109731148618,0.8521337072276303,0.8123000590081438,0.4989611055261455,0.3320899052594854,0.29070720876368245,0.7672649009185769,0.8411400769620078
Mbi2.80Zp0.15T00.0800_iTp0.00_ACFep00_aFep00,-0.16061109496964487,-0.10770186998350012,0.1485276408728005,-0.3287401845591307,0.2344834883519885,0.8413803493809813,1.6288559278729162,0.7230237286250685,0.8494179844501476,0.8042544688341636,0.501137682757876,0.33453544569968535,0.295677719932208,0.777821416592498,0.8744461180194323
Mbi2.80Zp0.15T00.0900_iTp0.00_ACFep00_aFep00,-0.16486344222333232,-0.11135751408386466,0.15446806090881873,-0.3385299829011085,0.22645548417204758,0.8444679928196875,1.6318235989660557,0.7426755384383654,0.8600998783910453,0.8089055677659993,0.49913978427326167,0.3350089878620488,0.29000405263177054,0.7925461039437894,0.8899617914949376
Mbi2.80Zp0.15T00.1000_iTp0.00_ACFep00_aFep00,-0.16780361674501393,-0.1139256279503325,0.14544534043488724,-0.36728568706521325,0.2045489364663186,0.8319243583631789,1.5655004046828604,0.7565215154498544,0.8260077367908683,0.7897747774984245,0.4931147555494385,0.31905851025574705,0.28640720996845576,0.7856319374197115,0.9364150295717402
Mbi2.80Zp0.15T00.1500_iTp0.00_ACFep00_aFep00,-0.1806808574789468,-0.12456001046634307,0.14745465190690624,-0.5174440809827857,0.16425877022237667,0.8722656151946426,1.5587926794386249,0.7894323127154442,0.8432397356018485,0.7893042407350956,0.49273553872584397,0.31886030009191896,0.27833378677903836,0.8085534839227987,0.9671192006560828
Mbi2.80Zp0.15T00.2000_iTp0.00_ACFep00_aFep00,-0.1903325173168313,-0.13253095628971517,0.15767086455807386,-0.6297831178217269,0.15675237424287297,0.9508539022140272,1.666100157101544,0.8217341430046776,0.9109903065474793,0.8236523564034163,0.5128335283940173,0.3255563558025427,0.276727566078808,0.8535201448499061,0.9474391014997645
Mbi2.80Zp0.15T00.2500_iTp0.00_ACFep00_aFep00,-0.19823047194305737,-0.14045007624216937,0.16149754756911425,-0.6870562201722779,0.15919622138453898,1.014718780878684,1.7821692567674436,0.8639946904079674,0.9603617432467785,0.859315424437944,0.5406922178715144,0.32397609390271953,0.28457338937803767,0.8973864673673474,0.9496131574891126
Mbi2.80Zp0.15T00.3000_iTp0.00_ACFep00_aFep00,-0.20004092350211722,-0.14200607044405877,0.17881874209174625,-0.6524151814717826,0.1748114562263406,1.129191334874885,1.9276146879558305,0.9238473429049411,1.046888738739308,0.9056895402463004,0.5658075103099697,0.33853606051640484,0.29197492783120077,0.9646970293226546,0.946284564206965
Mbi2.80Zp0.15T00.3500_iTp0.00_ACFep00_aFep00,-0.19650844769658676,-0.13894203646558573,0.2004461662847787,-0.565604115684764,0.22682162781618687,1.2574595014943595,2.0512565594584973,0.9732175438658783,1.1353405215450465,0.9420487042046501,0.5895303480681419,0.3560696886883168,0.3113680795808592,1.0257977955072264,0.9369621559625253
Mbi2.80Zp0.15T00.4000_iTp0.00_ACFep00_aFep00,-0.19206635404159259,-0.1359171393124323,0.20742709338945853,-0.5177949811111637,0.28233689347179414,1.3909164368115947,2.235728055043457,1.0128876817006438,1.2234542148229286,0.9945757002127207,0.640915585402311,0.3779991631521453,0.34190216391403666,1.0836557569004945,0.9133219302719495
Mbi2.80Zp0.15T00.4500_iTp0.00_ACFep00_aFep00,-0.1867696975560601,-0.13175771905181236,0.2199251299280594,-0.43736998915321035,0.2845875527768261,1.4534760841781844,2.290808952810634,1.0525383954668932,1.2502207129618494,1.0338407510748262,0.6510425733522615,0.3922079896914586,0.3348835841689682,1.118988740868079,0.9216375408801104
Mbi2.80Zp0.15T00.5000_iTp0.00_ACFep00_aFep00,-0.17572963612339648,-0.12273355573869621,0.2454133027179606,-0.30637395602016027,0.32218788059434544,1.5332566333532618,2.4245814893085935,1.0963325120631162,1.3151528847575942,1.0832396400588853,0.6644388309958033,0.39826744248198664,0.3246260488301516,1.1707492205651042,0.9142227560494965
Mbi2.80Zp0.15T00.6000_iTp0.00_ACFep00_aFep00,-0.15927500910175862,-0.10926958562712566,0.28007316943471827,-0.08714135355857171,0.4032307677531318,1.7533894628607458,2.776546411228848,1.1661158483337617,1.4602409507617302,1.1962632812073022,0.732128834151155,0.444836459254509,0.3517656954917023,1.271462985197995,0.8779326110611334
Mbi2.80Zp0.15T00.7000_iTp0.00_ACFep00_aFep00,-0.13992100093927937,-0.09342776776223227,0.288496124211059,0.21397657424462485,0.4863848462579985,1.9494464374206073,3.1548693241884798,1.251800551441063,1.5981551294200136,1.3011395424993697,0.8026817319705876,0.4753553257076605,0.37738324785320904,1.377122461932147,0.8635207476943689
Mbi2.80Zp0.15T00.8000_iTp0.00_ACFep00_aFep00,-0.11690243741730677,-0.07297101343680949,0.394515192222126,0.6801074974611316,0.5200381739395872,2.091025295990984,3.2630504982007893,1.3716405987001767,1.7212547033709429,1.4181717420112439,0.8040263581002989,0.5208402658268814,0.3425664533392039,1.498179222044595,0.8738160441489154
Mbi2.80Zp0.15T00.9000_iTp0.00_ACFep00_aFep00,-0.09809755245763425,-0.05717703358010194,0.42767805778244,1.0648860907176603,0.5594839554861442,2.138509763315563,3.3472334936203576,1.4663108819948323,1.7899863163284857,1.4877006373520818,0.8391656247114213,0.5497831064459859,0.3599059498670803,1.5813183979512473,0.8947229572051035
Mbi2.80Zp0.15T01.0000_iTp0.00_ACFep00_aFep00,-0.08383551180643262,-0.04448067813408543,0.4626534651060381,1.341535176640261,0.5912476844653956,2.2152500735569305,3.447553668351124,1.5494256758130045,1.8318231066762258,1.5333998432818896,0.8763768383758254,0.5809905782176337,0.38721883832871845,1.6458450863899747,0.9208457798210897
Mbi2.80Zp0.15T01.2500_iTp0.00_ACFep00_aFep00,-0.05187353862608532,-0.015362254174882232,0.557605070000649,2.0573266621255204,0.711022982338322,2.445113459845863,3.76942787116969,1.8487304690978539,2.0383094473695813,1.7340732095958453,1.0305726934558972,0.6795951388454847,0.4786416642970051,1.900210134716914,0.9801394170256347
Mbi2.80Zp0.15T01.5000_iTp0.00_ACFep00_aFep00,-0.030214287211409036,0.0039900133511641496,0.6764493960052286,2.627056540477718,0.8211003772208503,2.62912325381775,4.116017332494564,2.161389871477316,2.229214844898556,1.927802397021464,1.1732068775624707,0.7397630160539572,0.561335630011456,2.1530886743830524,1.0398753460445236
Mbi2.80Zp0.15T01.7500_iTp0.00_ACFep00_aFep00,-0.023564162348192055,0.008496299925743269,0.7332386641933191,2.871090242742415,0.8511788666063047,2.690636878156801,4.161571057603991,2.2898494030560075,2.2630827635502277,1.9597622434893698,1.1894676677651865,0.7378058403313346,0.567864017316993,2.233303021956257,1.084505540335374
Mbi2.80Zp0.15T02.0000_iTp0.00_ACFep00_aFep00,-0.01539055234426814,0.015323128364818459,0.784851969176548,3.1531890662502073,0.9028343390969722,2.7779563237089047,4.266492294779197,2.434704903179,2.3281670814781,2.0280734517263013,1.241212990491289,0.7716017911131172,0.5964143767969341,2.3374817149657483,1.1178009499801695
Mbi2.80Zp0.15T02.2500_iTp0.00_ACFep00_aFep00,-0.008062677012542813,0.02217212496338733,0.8263148017747557,3.3503282360428006,0.9327763679377858,2.829922452121781,4.328366839132975,2.564453809013923,2.3911608615755733,2.082955973792883,1.28486164333681,0.7924276825459368,0.6158255600418029,2.431196405861074,1.1463508457095235
Mbi2.80Zp0.15T02.5000_iTp0.00_ACFep00_aFep00,-0.0002417110741716145,0.029678304145560462,0.8754111911281838,3.5802003055067857,0.976184957892908,2.9020362202500056,4.422626587274374,2.6876691508974844,2.4663807290358895,2.1389171500045374,1.3337735650579787,0.8132155935170627,0.6308604238136437,2.5263379716824104,1.167207516859906
Mbi2.80Zp0.15T02.7500_iTp0.00_ACFep00_aFep00,0.005715303597879527,0.03529271253457657,0.9179185401906775,3.753984617108478,1.005988560877877,2.9522255667060344,4.493672084361366,2.790044826070268,2.518235971734443,2.191724729500057,1.3727511477984167,0.8310844175282206,0.6485717924242494,2.6020984922150365,1.1847422953397406
Mbi2.80Zp0.15T03.0000_iTp0.00_ACFep00_aFep00,0.0059868925137613474,0.03530133356340727,0.935902567370625,3.8269476701252136,1.011839916454432,2.9725666026203843,4.487456846227926,2.851566282924603,2.5344997366274242,2.2051660182801305,1.3915504139578094,0.8313198514934333,0.6526880593221639,2.6390038373349585,1.2032773745583338
Mbi2.80Zp0.15T03.2500_iTp0.00_ACFep00_aFep00,0.007724111222453117,0.03668127733355474,0.9503332246619761,3.8984990517799414,1.0177019706808872,2.981313736487222,4.484223489832349,2.9066334439484214,2.5547533980106105,2.2214956105529255,1.405497645462452,0.8334192753887362,0.6548174669916196,2.6747910877606684,1.2171197266880338
Mbi2.80Zp0.15T03.5000_iTp0.00_ACFep00_aFep00,0.012913331472198697,0.041606331161297146,0.981455063995806,4.030600139148876,1.0410707098719987,3.0129112469405914,4.529699570404238,2.986997667484175,2.5987417057707063,2.26050794912665,1.4294216016542525,0.8453192766863897,0.6643851350154337,2.7348766790709393,1.2294069577074531
Mbi2.80Zp0.15T03.7500_iTp0.00_ACFep00_aFep00,0.017932123915339927,0.04635253019858848,1.0121887996294128,4.156098344526077,1.064393846615129,3.0538397553383603,4.566401773700055,3.077791126311028,2.6486333035785,2.302167098280392,1.4585607898956767,0.8579022939430095,0.6742847495428854,2.802385039065917,1.2433509236831282
Mbi2.80Zp0.15T04.0000_iTp0.00_ACFep00_aFep00,0.021963388171425416,0.050262904294539966,1.0299648312011527,4.253193266639293,1.081134693939859,3.0917517601197533,4.582653157460852,3.1457191326200507,2.685672029652363,2.330279736623335,1.479765441769923,0.8659722324111272,0.6801310422669109,2.852251719888195,1.2542860375053888
Mbi2.80Zp0.15T04.5000_iTp0.00_ACFep00_aFep00,0.025941123581483993,0.05419547777642288,1.0559817702781684,4.369968122504293,1.1024692292634888,3.1366272254611083,4.605596100405958,3.2254016361469136,2.7267850731119943,2.363212415185113,1.5087940778037066,0.8743459998322335,0.6886806313932651,2.909747418493644,1.2673490089387032
Mbi2.80Zp0.15T05.0000_iTp0.00_ACFep00_aFep00,0.028464740112924405,0.05671418244261297,1.068107834463321,4.442051957422028,1.113674194346455,3.152934382900308,4.598138611302829,3.273681679243609,2.748857892114757,2.386107534677488,1.5208003434005721,0.8764658343277469,0.6921787575212305,2.943871183401454,1.275055003160417
Mbi2.80Zp0.15T05.5000_iTp0.00_ACFep00_aFep00,0.029945389142343265,0.05815016396683029,1.0916389733791865,4.504615699144718,1.1233116646092536,3.177771667158046,4.600500197536967,3.3314002910778124,2.7729635052450816,2.406298649491232,1.5362588287079677,0.8768052873796713,0.6941164156996698,2.9825876943535845,1.2864381804003973
Mbi2.80Zp0.15T06.0000_iTp0.00_ACFep00_aFep00,0.034592878462335684,0.06299458628530906,1.1215193581798477,4.628920472442098,1.1478100984482185,3.2129809677752035,4.632409067031359,3.3948687878960433,2.805587819031573,2.4414266518124057,1.558380402621312,0.8845941749183277,0.7035625007193114,3.0295947405605093,1.2940192205530474
Mbi2.80Zp0.15T06.5000_iTp0.00_ACFep00_aFep00,0.03747999637078419,0.06603202953292675,1.1513972328761175,4.724835266608396,1.164245793634897,3.2390854941814267,4.65097069608172,3.4453523923626745,2.8310535749910204,2.465097433371998,1.5757581210360485,0.8873042604306886,0.7091258299069024,3.0660952047277785,1.301077853302221
Mbi2.80Zp0.15T07.0000_iTp0.00_ACFep00_aFep00,0.040517397094946714,0.06918429951829069,1.1790813742224433,4.8168296699473725,1.1797066220775756,3.2661749182370508,4.669629010941999,3.49959564641732,2.8572221515466145,2.489676328163695,1.5928644093220627,0.891633581897364,0.7153098912655159,3.104668888731314,1.3090189236609275
Mbi2.80Zp0.15T07.5000_iTp0.00_ACFep00_aFep00,0.043546253942081184,0.07225114680675922,1.2042167484935957,4.895382865773929,1.192769706797221,3.2880892015370655,4.690748720124563,3.5454542115152967,2.8817127668084015,2.507959783680609,1.6084172972974304,0.8964945993089796,0.7202919100628633,3.13782503030222,1.3156473527111083
Mbi2.80Zp0.15T08.0000_iTp0.00_ACFep00_aFep00,0.04546084468002948,0.0742124239538705,1.2320032140125177,4.956082243995529,1.2002854084827228,3.308551798788335,4.7085982120515695,3.5878169019004136,2.9065390559288464,2.5267000151983305,1.6230977967365332,0.8984608313967127,0.7242014794780859,3.1696289893931597,1.3206917107573868
Mbi2.80Zp0.15T08.5000_iTp0.00_ACFep00_aFep00,0.04838323181033811,0.07735132650066262,1.2529479201497233,5.023884414771519,1.21400294648424,3.3312411447240695,4.733707987516453,3.627058744286841,2.928391942024617,2.5458779047489055,1.6371305036959856,0.9025145076721328,0.72838913320529,3.1989025231444264,1.3251296869936333
Mbi2.80Zp0.15T09.0000_iTp0.00_ACFep00_aFep00,0.051877799822970534,0.08104081998093898,1.2707293297908455,5.087867074061991,1.2290483811715265,3.3577666211599833,4.7695415611292535,3.663991254373209,2.9529314670683884,2.568619863520738,1.651404610895893,0.9073817660793829,0.7332088217404535,3.228814496201858,1.3271600805646324
Mbi2.80Zp0.15T09.5000_iTp0.00_ACFep00_aFep00,0.05461076295915349,0.0839452941674186,1.2907382506742593,5.140154146791016,1.2407811068114052,3.3833221231186434,4.800780190364636,3.698927273694251,2.9747750298182276,2.5871292998748467,1.6644101926056196,0.9104374647843496,0.7370384461526702,3.2560700160245384,1.330093814791802
Mbi2.80Zp0.15T10.0000_iTp0.00_ACFep00_aFep00,0.058050135087575866,0.0875677731629189,1.3028848609439652,5.17888638234968,1.2502633347376924,3.400496428690442,4.820530938715467,3.7218513347583952,2.9915965110895826,2.602128461330691,1.6732495636726268,0.913961585283062,0.7402099230648811,3.2754245003086053,1.3307237495975914
Mbi2.80Zp0.15T10.5000_iTp0.00_ACFep00_aFep00,0.05735815482425063,0.08699960231552976,1.3385436839340208,5.215994442497628,1.2557755668978445,3.424385584280255,4.822159410184265,3.76803024463315,3.0116771701515437,2.6235687317719645,1.6883178074934544,0.9147587244730337,0.7425920934167524,3.307358077178664,1.3373081885732756
Mbi2.80Zp0.15T11.0000_iTp0.00_ACFep00_aFep00,0.06013600816953195,0.09000976717285891,1.3592488281698896,5.258034556535122,1.2670933915217688,3.4429673227080055,4.843340496381167,3.8033815393718413,3.0320022576801278,2.6397965528097243,1.6991231357073742,0.9191405864387502,0.744405522485029,3.3337941135713565,1.3411553076733191
Mbi2.80Zp0.15T11.5000_iTp0.00_ACFep00_aFep00,0.060786290280763836,0.09081817604897027,1.3866991166350922,5.288659783666446,1.2736890624673303,3.463668863958847,4.8517030356561675,3.839288159948138,3.0492537655602563,2.6527285589921985,1.7091405501080557,0.9203775304964246,0.7456357430662125,3.358675186765967,1.3466503196322979
Mbi2.80Zp0.15T12.0000_iTp0.00_ACFep00_aFep00,0.06428476350362992,0.09450239464134019,1.4000371955947224,5.346254206244573,1.2835403945577626,3.482517496008098,4.862614648143612,3.864217409006055,3.0655075729987047,2.668230510615829,1.7240645206786698,0.9221057246407464,0.7501823119804866,3.378748517962984,1.3478876616457032
Mbi2.80Zp0.15T12.5000_iTp0.00_ACFep00_aFep00,0.06674187735898829,0.0970863780814276,1.4121089869984884,5.399487169387218,1.2929298923852761,3.4996464614766762,4.867983886292613,3.8820282672355764,3.0818456898809505,2.6811963396190497,1.73797185174313,0.9235317498472472,0.7547736583403493,3.3953378468932103,1.3472149768695614
Mbi2.80Zp0.15T13.0000_iTp0.00_ACFep00_aFep00,0.07058321298199546,0.10115827883139172,1.421405288375974,5.455783715896793,1.3070633124463589,3.5182759630766642,4.8870959342319935,3.894205587983763,3.0996066506660567,2.6958526931325992,1.750990131994452,0.9261879901382031,0.7603053953075013,3.410316888889966,1.3438816000497695
Mbi2.80Zp0.15T13.5000_iTp0.00_ACFep00_aFep00,0.07275982310959783,0.10348366144414638,1.4308768996876327,5.491064920331991,1.3144349503152903,3.532353189449827,4.889820105986361,3.9074502329742433,3.1113656997854204,2.7055235766758328,1.7592041562614325,0.9260700407054716,0.7623469403527778,3.4224962259900185,1.3434844801967312
Mbi2.80Zp0.15T14.0000_iTp0.00_ACFep00_aFep00,0.07484383183395969,0.10578565467235852,1.4461464408942295,5.523049507791185,1.3242448728032192,3.5465128602437637,4.899869202626994,3.928048074245956,3.124781564899095,2.7200448563070005,1.7672255743404897,0.928412758324675,0.7652384867342094,3.439351848646463,1.344111113375166
Mbi2.80Zp0.26T00.0300_iTp0.00_ACFep00_aFep00,-0.13683159386170607,-0.08727381409575789,0.145057584630698,-0.04941252457749758,0.34521132493373397,0.8957587195461681,1.875010577091485,0.5774078262417904,0.8537419631973366,0.8135506150105418,0.48570411418491516,0.2915889418784897,0.28204552014839085,0.6974664059464791,0.6926292766953096
Mbi2.80Zp0.26T00.0400_iTp0.00_ACFep00_aFep00,-0.14277807502853349,-0.09265431830409387,0.1427911310901332,-0.20417689179200393,0.31051601912851334,0.8749587592073136,1.7797290930216934,0.6352280841999376,0.8430486227411637,0.8273884285657351,0.5206704691708244,0.309004478165928,0.3026571717436468,0.7298923063513367,0.7605531542813356
Mbi2.80Zp0.26T00.0500_iTp0.00_ACFep00_aFep00,-0.14910641410798245,-0.09785720970571785,0.1452733666051192,-0.26185017713418035,0.2796082654872629,0.8387093532735177,1.6703560744514285,0.6689570513711182,0.8360182254521336,0.8240687655869807,0.5213783332242287,0.3180374542361403,0.3073125111665653,0.7463391038051338,0.8059301168939242
Mbi2.80Zp0.26T00.0600_iTp0.00_ACFep00_aFep00,-0.15347681805290025,-0.10148011388656882,0.1413256092824357,-0.31238522641754385,0.2608172003741177,0.8323241182198908,1.6368134011881976,0.6933797888090231,0.8411125103798638,0.8211580278960697,0.5239497240166683,0.3306048380247364,0.3139708893149393,0.7611414619199924,0.8342562451093908
Mbi2.80Zp0.26T00.0700_iTp0.00_ACFep00_aFep00,-0.15789686568656122,-0.10528561237083817,0.1388012390635585,-0.3670662798530514,0.24072461922016214,0.8229131064289584,1.587867584779604,0.7093873922157556,0.8362490655103116,0.7982862481798052,0.5061131388022643,0.3304876465026571,0.3073052296527696,0.765299972238855,0.8679988572583935
Mbi2.80Zp0.26T00.0800_iTp0.00_ACFep00_aFep00,-0.16183833381729687,-0.1084152040700043,0.1404121374824256,-0.3119717141698576,0.23192058043931446,0.829112950001866,1.585734834242028,0.7049996637584337,0.8321629188873868,0.7931995362500724,0.5076802232828241,0.3278560960104106,0.3102625752277301,0.7609094623827128,0.8674983989325764
Mbi2.80Zp0.26T00.0900_iTp0.00_ACFep00_aFep00,-0.16479585091347204,-0.11120340240931384,0.14269520123893437,-0.3339351153228153,0.22235260324164813,0.8437485663125568,1.5993609127918795,0.7276832314852194,0.8322899634588187,0.7939386435281247,0.5033757442501219,0.32385302119643844,0.3017630061294921,0.7731942308793689,0.894933502410171
Mbi2.80Zp0.26T00.1000_iTp0.00_ACFep00_aFep00,-0.16870102774392337,-0.11468265220535094,0.13888093434678841,-0.3797037203464909,0.20669361968852254,0.8426284360912585,1.5813088545974932,0.7330400656635025,0.8185498999111429,0.7871594207137496,0.49948902326245137,0.31786354875379474,0.29934167484818874,0.7704459346889561,0.9130420509463394
Mbi2.80Zp0.26T00.1500_iTp0.00_ACFep00_aFep00,-0.18393384848531927,-0.12755242028046943,0.1590575534423213,-0.5535285982939233,0.1707147261956971,0.8911101976476696,1.6218772508606758,0.7620716537870287,0.8551034797034771,0.7852872251425443,0.49192859242316084,0.3162300388905452,0.28034718469947073,0.7979678728719729,0.929134323348366
Mbi2.80Zp0.26T00.2000_iTp0.00_ACFep00_aFep00,-0.19422419905482216,-0.13628343199163734,0.16227400800559966,-0.6389730209511575,0.16650389908598973,0.9689383214142832,1.7372022181696183,0.7980085450895615,0.9230158650529477,0.8237256285313527,0.5235990952851837,0.3235255680028401,0.28482675483298964,0.8452152977512835,0.913711099233183
Mbi2.80Zp0.26T00.2500_iTp0.00_ACFep00_aFep00,-0.1984779549474011,-0.14063118096537844,0.16858172505390515,-0.6527973044461465,0.17298334750689068,1.0712688928108502,1.8809779308367947,0.855156134741956,1.0115779314689317,0.8799580355287159,0.5581049548423889,0.3401214891925385,0.3016641075852416,0.9129849487556574,0.9041923068471259
Mbi2.80Zp0.26T00.3000_iTp0.00_ACFep00_aFep00,-0.19778319314552073,-0.1403895401865147,0.18373137506959725,-0.5731501609660645,0.21682830091929559,1.21474779257199,2.0368624028475897,0.9031372341744182,1.1167687838472835,0.9374403376294933,0.5860494506152385,0.36012932663450464,0.32357662652697683,0.9814515655481444,0.8793040832426547
Mbi2.80Zp0.26T00.3500_iTp0.00_ACFep00_aFep00,-0.19066601464025573,-0.13475105423350664,0.19991059217318305,-0.466676407542413,0.2863778672648428,1.3800423488641587,2.2532234019227113,0.9562610151724484,1.2344271721062936,1.0049077376409141,0.6475058153051511,0.3825428729381251,0.36591647696762014,1.057818530884098,0.854058060730539
Mbi2.80Zp0.26T00.4000_iTp0.00_ACFep00_aFep00,-0.18178554857982462,-0.12663693916021349,0.17389611697256385,-0.28912531539725306,0.32655684068854646,1.5392626671242493,2.4352741445425017,0.9802076732975116,1.2912815889853004,1.077300511895063,0.736326957644024,0.41990246464064057,0.4366167347841033,1.098633365447266,0.8276746437737449
Mbi2.80Zp0.26T00.4500_iTp0.00_ACFep00_aFep00,-0.1707423257027121,-0.11808784095776806,0.2357081396027321,-0.19548456056024935,0.3586113726899532,1.6190161500157867,2.5869307970379105,1.038956309588186,1.3893523023176435,1.1415994634706945,0.7239131628391019,0.433022047656545,0.3808715023212703,1.1710692190024594,0.8210004818203819
Mbi2.80Zp0.26T00.5000_iTp0.00_ACFep00_aFep00,-0.16129225062393368,-0.11020614087566463,0.2585031754161022,-0.05364325549740614,0.39362236486467117,1.7135445736859913,2.71577219316322,1.088134070064892,1.4508486922683224,1.1961107609821202,0.7474315335060725,0.45327565509385803,0.386703796152684,1.225195888996757,0.8221766062405476
Mbi2.80Zp0.26T00.6000_iTp0.00_ACFep00_aFep00,-0.14342461894685568,-0.09545480590918123,0.29912436329968306,0.12440888640400008,0.46906655570697536,1.8713888798690306,3.013884676157487,1.159131732685072,1.5797458799455157,1.2896082779732014,0.7961737448943579,0.4941975596925188,0.38281169251820835,1.3179405990642359,0.8079391172303715
Mbi2.80Zp0.26T00.7000_iTp0.00_ACFep00_aFep00,-0.11889334591830511,-0.07373146870333652,0.39344169462875656,0.5130973175389002,0.5368827186752848,2.0766194689995716,3.2781346632118025,1.2668935542714153,1.7206251549390768,1.4172313611683334,0.8280844840108081,0.5472694217371677,0.3612953254086866,1.4395228301155982,0.8074897929641656
Mbi2.80Zp0.26T00.8000_iTp0.00_ACFep00_aFep00,-0.0958845291267752,-0.053599504439789565,0.4583229018770029,0.9778839698650759,0.6050740286252304,2.262595501327296,3.522514332323552,1.3756685589833462,1.8292044681061028,1.5206179642649913,0.8717755914181767,0.5916736531238953,0.37603714620852813,1.5483912633531596,0.8213381973262452
Mbi2.80Zp0.26T00.9000_iTp0.00_ACFep00_aFep00,-0.0833214178806436,-0.04295924461106868,0.4865935006643838,1.330995819771259,0.6290243308931568,2.3098593386998925,3.6110451864726754,1.492303277143206,1.8776697250412095,1.5775087137298234,0.898704239410612,0.6132752457496872,0.39790772426383636,1.6360415431869118,0.8638067779063828
Mbi2.80Zp0.26T01.0000_iTp0.00_ACFep00_aFep00,-0.07016761543157107,-0.03183772686157284,0.5245704433947036,1.593274187609424,0.6666841215704518,2.395990471255585,3.7194248032998867,1.5966011643276325,1.9303455869496529,1.6265591603869631,0.9353348331045359,0.6363019142439523,0.42078575604167734,1.716445396224006,0.8977474955004942
Mbi2.80Zp0.26T01.2500_iTp0.00_ACFep00_aFep00,-0.041909628239152535,-0.007538088451608364,0.6207667254526701,2.357678220045631,0.775018830093128,2.568622494207497,3.9823082315023957,1.9985143305203945,2.1128542214722827,1.8099157014871727,1.0645613637877263,0.7066330824038267,0.49445918434233976,2.013218787748848,1.0189301793221945
Mbi2.80Zp0.26T01.5000_iTp0.00_ACFep00_aFep00,-0.02225907455172455,0.010857027147145006,0.7277630676986028,2.952089039132523,0.884293698250739,2.769094466715205,4.288652324374874,2.3251236282044823,2.314971617621087,2.030531193396426,1.2323767467388322,0.7823480118871808,0.5944715124128176,2.2797839030098417,1.07012869595178
Mbi2.80Zp0.26T01.7500_iTp0.00_ACFep00_aFep00,-0.02096568799229099,0.01034355871508014,0.7669412016550157,3.1076718646683,0.8972836213474216,2.79808401246232,4.286677409777038,2.390527246532367,2.322968487901044,2.0290265567783954,1.2303441211558288,0.7755627410962931,0.5928750798727641,2.3143833149446893,1.098589139918678
Mbi2.80Zp0.26T02.0000_iTp0.00_ACFep00_aFep00,-0.009577302596262754,0.020509498860583304,0.7983907198643825,3.315933970364088,0.9406458417898038,2.8653527793356983,4.432060080585915,2.477872456465449,2.398924033456351,2.0919800171579053,1.2743459967556405,0.8067872849096221,0.6207258802294935,2.394006832285344,1.1035071907744414
Mbi2.80Zp0.26T02.2500_iTp0.00_ACFep00_aFep00,-0.0028657765573981272,0.026680059254713555,0.8377689020096669,3.52785270727591,0.97884742608383,2.9246289642245746,4.495741592031836,2.60403222817708,2.4725439520897408,2.151948966055357,1.3277088965848771,0.8319166355041543,0.6428283839482816,2.490949422929913,1.1261914654294973
Mbi2.80Zp0.26T02.5000_iTp0.00_ACFep00_aFep00,0.005969744590393355,0.03552919012244748,0.8871861603479997,3.7518220101978628,1.013910702768868,2.974903976872513,4.562196699526168,2.7588561128073885,2.5502946476309147,2.220451285073261,1.3879226894179877,0.85067831178022,0.6698822753205038,2.60405427602794,1.1565722223415915
Mbi2.80Zp0.26T02.7500_iTp0.00_ACFep00_aFep00,0.014344242799781075,0.04382403859993083,0.9307323082042799,3.929009404563538,1.0427262469683511,3.0245905850518926,4.622312973409232,2.858963472414059,2.6061378405723445,2.279075717582671,1.429854937800368,0.8673546474168098,0.6883152958544696,2.681237860518503,1.170455882175925
Mbi2.80Zp0.26T03.0000_iTp0.00_ACFep00_aFep00,0.01924306224267872,0.04858732564172791,0.9638155564864129,4.061783808614745,1.0651314640950016,3.0605483927037436,4.666547858181955,2.933773833164456,2.6458200904490554,2.3183998786833464,1.4612436730596785,0.8768103411482053,0.7016551460873752,2.7373849255624574,1.181967701434146
Mbi2.80Zp0.26T03.2500_iTp0.00_ACFep00_aFep00,0.017879588982108466,0.04682883439347838,0.9926078428515143,4.111570856769987,1.0672378271540741,3.069123201136472,4.636469304099203,3.0200745949395484,2.6640911089905166,2.3333437148843625,1.4678870431783537,0.875108099443832,0.6990105040738988,2.786766400728181,1.2086499179584544
Mbi2.80Zp0.26T03.5000_iTp0.00_ACFep00_aFep00,0.020631794382306824,0.049552227149034386,1.0205231930279566,4.204703462140187,1.0850220027705817,3.111419582063592,4.659721683652221,3.0922268127925414,2.691996339067629,2.3582453603198106,1.4925009946863739,0.8805078359553733,0.705366022756337,2.8346593828052695,1.2245856720749058
Mbi2.80Zp0.26T03.7500_iTp0.00_ACFep00_aFep00,0.025607367678880836,0.05448817035366559,1.0350581089512665,4.318572039037846,1.1064653465448957,3.1502824209986526,4.692423210668449,3.150945832117906,2.7307911319176172,2.391752749782738,1.5186613564751485,0.8897815554858203,0.7149450632229524,2.881918335745811,1.2302269750677057
Mbi2.80Zp0.26T04.0000_iTp0.00_ACFep00_aFep00,0.0315614622521805,0.060435160249623095,1.070644591444028,4.454027072363797,1.1303016176940284,3.1887318045634085,4.741890247524365,3.237934933385801,2.784074491753144,2.435714666043141,1.5434519370738184,0.9055951957862444,0.7253219659360882,2.949376450753707,1.2406382079818747
Mbi2.80Zp0.26T04.5000_iTp0.00_ACFep00_aFep00,0.035181566040684245,0.0639651660055234,1.1052681287287422,4.57875080944022,1.1501783953338833,3.233763064700016,4.7561959310113116,3.3087418634062185,2.8189604829155703,2.4725851658221316,1.574010310794932,0.9107536533012888,0.7345480511062931,3.0010521384537143,1.2505767059556667
Mbi2.80Zp0.26T05.0000_iTp0.00_ACFep00_aFep00,0.039710576604989556,0.06870007015171803,1.154522276071412,4.694420568616686,1.169718815818383,3.2667015236473818,4.79537548955851,3.4016294787919277,2.860591857517453,2.5142826267378036,1.5980378668455992,0.9178879146312671,0.7443075056874877,3.0660771674287877,1.2657521543084957
Mbi2.80Zp0.26T05.5000_iTp0.00_ACFep00_aFep00,0.037457882063718514,0.06637922825199005,1.1537976096830027,4.673002768184244,1.1674048673430857,3.2757899605969416,4.77004188406407,3.4108262464369297,2.858944278917378,2.514806085228783,1.5977015277153488,0.9152964828729967,0.7419422024044294,3.069641578469781,1.2694397823888786
Mbi2.80Zp0.26T06.0000_iTp0.00_ACFep00_aFep00,0.04175754550646324,0.07088955039276948,1.1993400218306216,4.797527018973597,1.1915059671548658,3.306590512930227,4.789337540280567,3.4791469901081156,2.894183832569385,2.5549242716890608,1.62135126321017,0.9200668111772281,0.7501883567184436,3.120704645344499,1.2769601643209032
Mbi2.80Zp0.26T06.5000_iTp0.00_ACFep00_aFep00,0.04561055945711723,0.07494343474684224,1.2297850492105333,4.891404824938855,1.2091194289337222,3.343060179689133,4.8313646140174455,3.5338966025451333,2.9295073178004096,2.5858043321820956,1.6447942329346157,0.9276429118843744,0.761570412007602,3.164251085141766,1.281485735282554
Mbi2.80Zp0.26T07.0000_iTp0.00_ACFep00_aFep00,0.050809511311378217,0.08022439525266488,1.2532315263649776,5.005062092258891,1.2342898735242298,3.375313112691907,4.858988755126739,3.58761521625826,2.9615352222797804,2.6142989071162135,1.6646395227604172,0.9354035856115804,0.7681405420636807,3.205626108316223,1.2868443117216226
Mbi2.80Zp0.26T07.5000_iTp0.00_ACFep00_aFep00,0.05233951340020292,0.08187128587677313,1.2779394627039553,5.0757133382865405,1.249508402522061,3.398974876961864,4.867734082474395,3.6241849415575396,2.9844323275217497,2.637210742137592,1.6803584310220163,0.9402447526595894,0.7730416229195569,3.234777277183795,1.2893685695264734
Mbi2.80Zp0.26T08.0000_iTp0.00_ACFep00_aFep00,0.05670521295859273,0.0864467828589868,1.299288787356318,5.145035978298022,1.2650620187447408,3.4280797605263063,4.9109638120157815,3.6740182679658036,3.0160790354796867,2.662671777714535,1.6970773989673993,0.9483289966871575,0.7809544386990869,3.2737700823490963,1.293952979739647
Mbi2.80Zp0.26T08.5000_iTp0.00_ACFep00_aFep00,0.05771066628768327,0.0876304119001993,1.3107197894823932,5.157146697895226,1.268251747847663,3.441651720283585,4.933601866017063,3.677356853591577,3.036532702046776,2.676325645619615,1.70608198088348,0.9510732678825442,0.7837466957189568,3.2856542079897286,1.2873964764394052
Mbi2.80Zp0.26T09.0000_iTp0.00_ACFep00_aFep00,0.0613215449302458,0.09139046036437275,1.339819367098494,5.227086276491044,1.2829349574064919,3.4710866483565566,4.9574662518197625,3.731088288832117,3.062841747285437,2.701776792852397,1.722637006713971,0.95740185004394,0.7898188480243012,3.3242332516544026,1.2944788151560522
Mbi2.80Zp0.26T09.5000_iTp0.00_ACFep00_aFep00,0.06442524724829685,0.09474950838169177,1.361384547191117,5.289131341750741,1.2959805216798332,3.4963452705509783,4.985011351228325,3.7678082881141823,3.089053991924988,2.7244475612710644,1.740272135407514,0.9621526799077706,0.7961104525352942,3.3547441685526853,1.296226810515868
Mbi2.80Zp0.26T10.0000_iTp0.00_ACFep00_aFep00,0.06682943930131888,0.09745251527343063,1.3845707585579121,5.3444048652594205,1.308884291325653,3.526360125222907,5.012485796228995,3.7983975749828573,3.1129779977542116,2.7439365743815047,1.7585408220630472,0.963843699808209,0.7997858587158369,3.3810994638304557,1.2970643598094267
Mbi2.80Zp0.26T10.5000_iTp0.00_ACFep00_aFep00,0.06941994105074376,0.10027988447996072,1.4111431812286095,5.3937061323037865,1.3191619482415604,3.5529599384865524,5.03338545827539,3.8367731729842465,3.1291485730536253,2.75962536806288,1.775029956677229,0.9641920096585183,0.8023048972225306,3.4071771039758207,1.3030804752735332
Mbi2.80Zp0.26T11.0000_iTp0.00_ACFep00_aFep00,0.07162707737856852,0.10261538275115839,1.4293079080703137,5.427044176527257,1.3244362668922327,3.5637053686114704,5.023311166384537,3.8698800203310406,3.138798231540512,2.762761423523777,1.779361144780497,0.9541781837742596,0.7989229394533851,3.426267898401727,1.3114770489560978
Mbi2.80Zp0.26T11.5000_iTp0.00_ACFep00_aFep00,0.0750680585528894,0.1063046699022773,1.4529012786864737,5.488821598414212,1.335651272359271,3.5879210911025097,5.02914618510264,3.905326815059897,3.158540200156272,2.7839368305614407,1.7965575165041643,0.9565630222107999,0.8034092038772379,3.4533326130730018,1.3143767472293366
Mbi2.80Zp0.26T12.0000_iTp0.00_ACFep00_aFep00,0.0775161462231121,0.10892378804462534,1.4659375238676693,5.532372804434225,1.3453461700409888,3.6041015821770497,5.036850581135816,3.924908784190686,3.1730632604031035,2.7965873342590313,1.807426191645637,0.9574595815884004,0.8052719951830601,3.4699058252454495,1.3149542747778942
Mbi2.80Zp0.26T12.5000_iTp0.00_ACFep00_aFep00,0.07811129649927838,0.10970383421868422,1.496705772367764,5.568783392563388,1.3522689858586228,3.6244429838803596,5.042015530309167,3.966309475111335,3.186512636474684,2.806161636095418,1.8174406222505226,0.9570947750546889,0.8052851937942453,3.4951809860353844,1.3237193595740981
Mbi2.80Zp0.26T13.0000_iTp0.00_ACFep00_aFep00,0.0806060725304133,0.11248015280974015,1.51938345884554,5.621753856324668,1.3632718476270567,3.6460771553807185,5.045693002721771,3.9990450768045664,3.2027414089205117,2.8218002104772677,1.830577225734951,0.9585558518953967,0.8078412856760703,3.518714961011971,1.3275848452697105
Mbi2.80Zp0.26T13.5000_iTp0.00_ACFep00_aFep00,0.0835221545076588,0.11556997670866277,1.5373300487777344,5.6623655167237,1.3731773895681787,3.6643062739015653,5.058732033070852,4.027380576748437,3.2162939569433124,2.8348014786554194,1.840892176038668,0.9596637052417163,0.8100751723078433,3.5387912484465414,1.3311244615496447
Mbi2.80Zp0.26T14.0000_iTp0.00_ACFep00_aFep00,0.08483153485399964,0.11709435702884888,1.5690806072287529,5.721090570271694,1.384996871992883,3.6837288689248866,5.062798913567059,4.069541165917739,3.234956639758285,2.8503150760665616,1.8523726857749157,0.9604758137098094,0.8133046382093077,3.5674221933682952,1.3375051619584486
Mbi2.80Zm1.79T00.0300_iTp0.00_ACFep00_aFep02,-0.11614045203175936,-0.07288155476506467,0.24920364048324994,-0.10157835173714551,0.34354576758933025,0.4330532141024505,0.9111466172572041,0.4657894469773521,0.43970617543795115,0.45414497608282445,0.22125920576251543,0.062316875728471326,0.13133052364567216,0.4546357000507544,1.042208081703245
Mbi2.80Zm1.79T00.0400_iTp0.00_ACFep00_aFep02,-0.12401176582975017,-0.08003070033490405,0.17065977283734013,-0.2512591898368344,0.2990257006572968,0.34118370744487225,0.8174195248927957,0.3720733389326404,0.3575444844424507,0.37911706291771397,0.17799058006518714,0.04497055242183421,0.11614737627130221,0.36780458521911036,1.0101608812512872
Mbi2.80Zm1.79T00.0500_iTp0.00_ACFep00_aFep02,-0.12951409638539707,-0.08512028131953384,0.11693044353818365,-0.3599311783968128,0.2697902179893973,0.2781203117340756,0.7405062139838671,0.3016301580417356,0.2978789064653819,0.32957344419904194,0.15230079016562653,0.03352321662043217,0.10571908564922795,0.3041809816435576,0.9614440290878898
Mbi2.80Zm1.79T00.0600_iTp0.00_ACFep00_aFep02,-0.1326710598199451,-0.08757389511665102,0.11008857063619296,-0.37073652080587305,0.2594477084966149,0.28620903118932284,0.736757452899465,0.30652656270790474,0.2949461012145405,0.32679344800234567,0.15288724181217236,0.03653456520375825,0.1049900168202026,0.30519205552768897,0.9860288382619092
Mbi2.80Zm1.79T00.0700_iTp0.00_ACFep00_aFep02,-0.1365311916851452,-0.09073037921273516,0.09454995200491237,-0.41139858998942763,0.24780675565162386,0.28070822397141976,0.7253885334364101,0.2940846190573796,0.2916132290814645,0.3204215601829635,0.15205452892380228,0.03580743962143452,0.10451887591325207,0.2968689100735551,0.9610062179988959
Mbi2.80Zm1.79T00.0800_iTp0.00_ACFep00_aFep02,-0.1368702852015102,-0.09097971097543871,0.08373592790046563,-0.4145921462593199,0.2428853985321016,0.2810265299725204,0.731048445412456,0.29732082410369376,0.29347272923024315,0.3230537382733453,0.15871239615526106,0.042411778063017505,0.10623949449457978,0.29952991119906536,0.9645030336088961
Mbi2.80Zm1.79T00.0900_iTp0.00_ACFep00_aFep02,-0.1395462785936039,-0.09311965049500744,0.08587080663270316,-0.4376954567532197,0.2267477919886761,0.3077174413170397,0.7523245982463834,0.3171290442328258,0.31815242943203664,0.34602039782175464,0.17625646731351088,0.056681571938206554,0.11793833247382357,0.3215119650597362,0.9549594058043137
Mbi2.80Zm1.79T00.1000_iTp0.00_ACFep00_aFep02,-0.1407043862992554,-0.09433599140291768,0.08944561688320461,-0.45747341188173146,0.20246854422316835,0.32892851529290396,0.7624796764436463,0.3341020302667285,0.3382363066429335,0.36188633940606213,0.1906705690200659,0.06818211609167979,0.1281642597052443,0.33943756932415997,0.9544100084525692
Mbi2.80Zm1.79T00.1500_iTp0.00_ACFep00_aFep02,-0.14681058633430802,-0.09981821186428529,0.09324996862940095,-0.5488694725808032,0.15039353401709954,0.35821899715957534,0.7362452530817378,0.37940856987078553,0.3663865085837583,0.3884939022280504,0.21123147460736444,0.07893362973582925,0.13324132289393767,0.3759770563896638,1.0052150365453631
Mbi2.80Zm1.79T00.2000_iTp0.00_ACFep00_aFep02,-0.15283852814622823,-0.10543933793116674,0.09422756550198577,-0.6602955798788738,0.10655520001405426,0.3556736777996818,0.6790589282345125,0.39117906186591545,0.3577195986230021,0.3813020013775308,0.2034926522742133,0.07732407359832345,0.12849858240943404,0.3775121200868851,1.0586404020278524
Mbi2.80Zm1.79T00.2500_iTp0.00_ACFep00_aFep02,-0.15618428774826776,-0.10876077931194437,0.09703024026072793,-0.7040818728387785,0.08693849807520432,0.3559647622463129,0.6714579704701888,0.4155331742421279,0.3645960485478233,0.3849863757206782,0.20379785828239105,0.07671366695443184,0.12534243590120897,0.3922679612636318,1.1087057561351874
Mbi2.80Zm1.79T00.3000_iTp0.00_ACFep00_aFep02,-0.1619962877675751,-0.11313673241047664,0.10012602468927907,-0.736576234718961,0.07519545895346438,0.37695745719334384,0.6647031848148952,0.42995163861993274,0.37321743641287736,0.3912076027818695,0.20640072869329626,0.07277327411662293,0.12244229379246672,0.40327561390428424,1.1249020285176639
Mbi2.80Zm1.79T00.3500_iTp0.00_ACFep00_aFep02,-0.1672620991748195,-0.11811767238510719,0.0991396431872619,-0.8103909468856505,0.06790895365594485,0.40368136953326333,0.6781356822527014,0.43847755641733105,0.3886880727855462,0.40006614825070586,0.21852930780582216,0.07534059445063698,0.12898985949950528,0.41452132028044425,1.1118230361829737
Mbi2.80Zm1.79T00.4000_iTp0.00_ACFep00_aFep02,-0.17344996123082024,-0.12395701546074761,0.10214116987698132,-0.8721063076454474,0.06687293154792659,0.39548381620140055,0.6547966165369937,0.4504307079677169,0.3905407466892369,0.3992904296958198,0.20676284033417444,0.07419895109530497,0.11937836866963016,0.42073157746548484,1.1405746479374825
Mbi2.80Zm1.79T00.4500_iTp0.00_ACFep00_aFep02,-0.17423039758434875,-0.12485281037545487,0.10597250604800346,-0.896418878076056,0.06354932214243972,0.3811702326998701,0.6253650500211501,0.46472045005536045,0.39013542601248696,0.3983262672199487,0.19439106360878566,0.07409193470450492,0.10872120502809646,0.42704767550531936,1.1788028614304855
Mbi2.80Zm1.79T00.5000_iTp0.00_ACFep00_aFep02,-0.1772243071455508,-0.1276039379138021,0.10892384541409598,-0.9551556998453505,0.055486030201558546,0.3873489181815992,0.6326945585857481,0.467376441523553,0.4007793874258089,0.3990974643737822,0.19829252921387558,0.07149596256198153,0.11130813180510582,0.43254449296227504,1.1686209957746196
Mbi2.80Zm1.79T00.6000_iTp0.00_ACFep00_aFep02,-0.17845704562886971,-0.12898209201020358,0.11001438920477111,-0.9430458459219326,0.04368925778307535,0.3899743201115407,0.6319830829383203,0.4956121987477863,0.3996800784438147,0.39824082896901597,0.20137085359258286,0.06646700635604251,0.10721905604760644,0.44484446246540627,1.2422589611162176
Mbi2.80Zm1.79T00.7000_iTp0.00_ACFep00_aFep02,-0.1795785150807425,-0.13051720673987746,0.11519950069242464,-0.9433829565505165,0.036977198169436454,0.3997672127956929,0.6347499550701953,0.5283139015690028,0.40533303632544637,0.4026088792009001,0.20259433374056846,0.0635223000704435,0.10585805011316692,0.4623203424399571,1.307801690731256
Mbi2.80Zm1.79T00.8000_iTp0.00_ACFep00_aFep02,-0.17614067055497823,-0.1286561100535227,0.12024310169071803,-0.8858691810817267,0.04680608982536089,0.4389649594706254,0.6820233563971067,0.5653949652345818,0.4255142824806443,0.42020918405425006,0.21001896485221033,0.06064937857381055,0.10492920421943978,0.4896363749627492,1.337068173243727
Mbi2.80Zm1.79T00.9000_iTp0.00_ACFep00_aFep02,-0.16694218205151623,-0.12168269976428767,0.12784622277706287,-0.7441732653121228,0.0617820221734968,0.5046222204636536,0.7882219471482024,0.6024820920053808,0.47387958301101235,0.45734337100188727,0.23205326508924476,0.0678591156007663,0.11298007169909532,0.5317089302256298,1.2939588514417892
Mbi2.80Zm1.79T01.0000_iTp0.00_ACFep00_aFep02,-0.1575910034548817,-0.1151135533327277,0.13699070787511208,-0.6497080426484283,0.07567235244874396,0.5783965031974965,0.8517563605734114,0.6054547785958595,0.5142194665223999,0.4978148919946485,0.2556313941100048,0.07761559551317182,0.1095681821278927,0.5554778208013135,1.1965103229954426
Mbi2.80Zm1.79T01.2500_iTp0.00_ACFep00_aFep02,-0.1511245728231144,-0.11090511193250255,0.14424321929979475,-0.5244188715053029,0.06860044005242691,0.6227556615175972,0.8469035169726521,0.6132354301894842,0.5367747018090175,0.5212451135148274,0.2588850461645819,0.0876096712002445,0.10855678529307822,0.5714041852545132,1.159213506793881
Mbi2.80Zm1.79T01.5000_iTp0.00_ACFep00_aFep02,-0.14665381238291408,-0.1076038229991021,0.15424336272750597,-0.4645476008786281,0.0672309696047914,0.6519972349437982,0.8599515924887444,0.6276640054606026,0.5567216219272285,0.5447245921017779,0.27074371849870466,0.09503169778888883,0.1095833787602121,0.5893434432341494,1.1397088617966291
Mbi2.80Zm1.79T01.7500_iTp0.00_ACFep00_aFep02,-0.14394380115535793,-0.10561791915928832,0.1575111025380687,-0.43396799201877917,0.06360787858008227,0.6517021197390811,0.8374803306218501,0.6361129484642397,0.5545865057247585,0.547218486836801,0.2684219582645274,0.09274625317139316,0.10582533428379781,0.5928467993619361,1.1546742894772262
Mbi2.80Zm1.79T02.0000_iTp0.00_ACFep00_aFep02,-0.13858026960769945,-0.10169045824313715,0.1622779162689443,-0.36489739786415964,0.07352617631732933,0.6697824936915215,0.8472282262622823,0.6503761919718537,0.5656359114280393,0.5561818394478568,0.27272294466717417,0.09357421134866098,0.10756275785882649,0.605107009696491,1.1595041912361452
Mbi2.80Zm1.79T02.2500_iTp0.00_ACFep00_aFep02,-0.13189862930638135,-0.0963170961923364,0.16393120287624133,-0.29670413983219956,0.09050666439413543,0.6795906922464975,0.8596818889156839,0.6603200836507622,0.5748643801853323,0.5644084544707543,0.276863184915223,0.09292449712485819,0.10868672160797334,0.614541539233861,1.1591956967008588
Mbi2.80Zm1.79T02.5000_iTp0.00_ACFep00_aFep02,-0.1254782311895909,-0.09100549061295933,0.16651191659742387,-0.23447793408265172,0.10150347924580427,0.684417697511449,0.8568457430095577,0.6673198224913275,0.579988504130029,0.5700225305377341,0.2793533416876642,0.09119214374948807,0.10835756157630401,0.6206252395279004,1.1605450771767865
Mbi2.80Zm1.79T02.7500_iTp0.00_ACFep00_aFep02,-0.11276827799883216,-0.08057728041780152,0.16944279821478617,-0.0854674060559617,0.12013747454565193,0.7017512382841349,0.8669676600494425,0.6736156495547934,0.5832013755860139,0.5781543597966277,0.2801080847883403,0.0927725576538627,0.1097645223891074,0.6260204819071203,1.1600504979343846
Mbi2.80Zm1.79T03.0000_iTp0.00_ACFep00_aFep02,-0.1087836905482035,-0.07722411691499645,0.16709232315521327,-0.039484496813000085,0.12292984161598478,0.6968293480505828,0.8556383825681211,0.6632639366717314,0.5837861941868953,0.5805982245556215,0.283730309088163,0.09411786708818963,0.11060395329049154,0.6217815364341981,1.1392525114481125
Mbi2.80Zm1.79T03.2500_iTp0.00_ACFep00_aFep02,-0.10510475826858838,-0.07397790669163944,0.16447515992055564,0.007551932232865063,0.12486197154524864,0.688017202734441,0.840535581439951,0.6550446416778483,0.5834093342843357,0.5794532514632544,0.28585618861555195,0.09305989457742549,0.10991500309996882,0.6176030790796622,1.126607132616152
Mbi2.80Zm1.79T03.5000_iTp0.00_ACFep00_aFep02,-0.1018413993945985,-0.07147249759709261,0.1658982052469889,0.039535426235249756,0.12844977354781736,0.6975929420429633,0.8408846439708283,0.659814014328239,0.5886414644477721,0.5842179867063447,0.29001190922001163,0.09445882540610363,0.11059026578383134,0.6225565511081675,1.125137395924071
Mbi2.80Zm1.79T03.7500_iTp0.00_ACFep00_aFep02,-0.09979609166515266,-0.06981702703894122,0.16722244135699593,0.06918148031885211,0.1293492217110003,0.7036777398625991,0.8382212706920761,0.6634099581244154,0.594264405828222,0.5907743023787924,0.293860332074873,0.0970638703495306,0.11115526005315698,0.6273696049044974,1.119642680918275
Mbi2.80Zm1.79T04.0000_iTp0.00_ACFep00_aFep02,-0.0980635487028503,-0.06854468205531397,0.16600399911813307,0.07909643174356809,0.13259333713448263,0.7022081291467069,0.8274881653650371,0.6647791393559204,0.5941605787701761,0.5927649733957325,0.2956898881644643,0.0989831285628471,0.11022974709441921,0.6282720611159917,1.1201699013772644
Mbi2.80Zm1.79T04.5000_iTp0.00_ACFep00_aFep02,-0.09410500506667828,-0.06521347492847027,0.17415618643609232,0.15335203309770862,0.12853321494352554,0.7171507756852126,0.8410695704169702,0.6789724993810833,0.6041283575191504,0.5995642704037947,0.30304995925780653,0.09872942252019715,0.10980938192896157,0.6397803152283262,1.1281493026217122
Mbi2.80Zm1.79T05.0000_iTp0.00_ACFep00_aFep02,-0.08981449011644416,-0.06184794610860567,0.17833090783463143,0.19235084843689323,0.13269314220414435,0.732251018658195,0.8414320092168238,0.6791146155380064,0.6141707173647427,0.610309206320955,0.3106256171042747,0.10156630214601017,0.1104095598335934,0.6452581159452762,1.1092294816788244
Mbi2.80Zm1.79T05.5000_iTp0.00_ACFep00_aFep02,-0.08822486299131341,-0.06041193560972606,0.18280463690677798,0.22712873973136166,0.13025662696539936,0.7451842755055058,0.8488646020277822,0.685629843019379,0.6235062050047314,0.620374627804609,0.316929811414457,0.10593474684204293,0.11231377811034544,0.6533707008119115,1.1024043862318618
Mbi2.80Zm1.79T06.0000_iTp0.00_ACFep00_aFep02,-0.08649877134646483,-0.058853178125655096,0.1852779569330823,0.25156813081352947,0.12980273095616218,0.7421689247236786,0.8398527369957023,0.6909545581951155,0.6267502247080255,0.6258529319031545,0.32199726681937413,0.10630846992094681,0.11345054148075369,0.6579379361435439,1.1032297891767078
Mbi2.80Zm1.79T06.5000_iTp0.00_ACFep00_aFep02,-0.08539481555640935,-0.058150589934971256,0.18739239755124265,0.2625116878798335,0.1293809578663755,0.7496730039752445,0.837022844271002,0.6931291256844565,0.6301602597961733,0.6294901295407186,0.3258513413993861,0.10650100902758951,0.11416013538036333,0.6607967717915663,1.1005103186596643
Mbi2.80Zm1.79T07.0000_iTp0.00_ACFep00_aFep02,-0.08433199849467707,-0.057223335734446504,0.1889945107110929,0.27636294790994786,0.1293284643772214,0.75624286863755,0.8413120660105926,0.6912325308190762,0.6357346283783288,0.6338132560656493,0.32910546308166944,0.10723649707549986,0.11411077883859885,0.6626225048172618,1.0889428264800176
Mbi2.80Zm1.79T07.5000_iTp0.00_ACFep00_aFep02,-0.08284114062893119,-0.05592112724920181,0.1899641420243225,0.29466058331954065,0.12974893558228245,0.7604713094470384,0.8391416546695553,0.6875326971812377,0.6420419345009781,0.6403024126550123,0.3345295639721305,0.10725504120251678,0.11665295255242313,0.6641460299135119,1.0723058883615182
Mbi2.80Zm1.79T08.0000_iTp0.00_ACFep00_aFep02,-0.08125899707737838,-0.05452563352800969,0.19112848502500138,0.3116507571675212,0.12956109967118784,0.7650441384222866,0.8386375543354608,0.6848589791430221,0.6468820211465052,0.6438751720429513,0.33838260889361105,0.10684207438963761,0.11583311691799901,0.6651664195509807,1.0611739880383513
Mbi2.80Zm1.79T08.5000_iTp0.00_ACFep00_aFep02,-0.0807816456692804,-0.05402332240564741,0.19243360850650265,0.3209125532687691,0.12917843543638946,0.7702044986872834,0.8374504006694806,0.6858460968629494,0.6523777432330378,0.64722920143352,0.3408668866338974,0.10832377174322295,0.11524068109515305,0.668163167821508,1.0554669620343065
Mbi2.80Zm1.79T09.0000_iTp0.00_ACFep00_aFep02,-0.08580974719751341,-0.05793183849418685,0.19380611236166834,0.28218936489467744,0.12021956009406648,0.7709217103979807,0.8291015452418576,0.6843793004135649,0.6553965982701837,0.6485388813994243,0.3413404337958659,0.10957585813335366,0.11579440036517528,0.6687493904032616,1.0497134422432823
Mbi2.80Zm1.79T09.5000_iTp0.00_ACFep00_aFep02,-0.08887238501381643,-0.060351400371375596,0.19473225906577246,0.25907404419594315,0.11661242988348902,0.7689524322121036,0.8197362316826728,0.68319123916089,0.6578365175108971,0.6509469711569501,0.3416291221571053,0.11059016692987995,0.11629981918122019,0.669410352328471,1.0440095631956363
Mbi2.80Zm1.79T10.0000_iTp0.00_ACFep00_aFep02,-0.09326400969800536,-0.06372007054014851,0.19757298844100513,0.22371478967225686,0.11029687361309812,0.7721224899300049,0.8243340369481776,0.6903936848385741,0.664283961914815,0.6567476413589055,0.3443446834929785,0.11328705216373804,0.11787889934675219,0.6761365279085984,1.045234168702205
Mbi2.80Zm1.79T10.5000_iTp0.00_ACFep00_aFep02,-0.09705102285155875,-0.06657029759532015,0.19991701503060946,0.19017023406725309,0.10503994177089293,0.7754701981864207,0.8293803506789159,0.6938614014913151,0.6718074458724509,0.6622518581345287,0.34762186336308537,0.11485027662698641,0.11900269648168979,0.6813844619195432,1.0402257222107496
Mbi2.80Zm1.79T11.0000_iTp0.00_ACFep00_aFep02,-0.0995500457523857,-0.0683444915190482,0.2028771055722384,0.16963561315768294,0.1032878159043017,0.7809688227623581,0.8298308492907039,0.704887646243927,0.6802870960822802,0.6682997748697006,0.3523850448677682,0.11840887282875633,0.12130644669728986,0.6907677249480821,1.0453722506527738
Mbi2.80Zm1.79T11.5000_iTp0.00_ACFep00_aFep02,-0.09896620110179555,-0.06816672979650487,0.2031991428148368,0.20394403503208286,0.10283837703422527,0.8195561263318548,0.86972274283189,0.7148885108824101,0.699246867238093,0.6859954219917057,0.36431234321963435,0.12061974297706987,0.12787317863335884,0.7051461025847384,1.0321494173844368
Mbi2.80Zm1.79T12.0000_iTp0.00_ACFep00_aFep02,-0.09520414368656571,-0.06479361471500232,0.2087003983317834,0.25547554751279566,0.10821972793242543,0.8195542071916965,0.8668198109440215,0.7212307601116077,0.7020322771210161,0.6923455827728385,0.3672534678676543,0.12243489477342605,0.12767755167692016,0.7101908877978623,1.034483952816793
Mbi2.80Zm1.79T12.5000_iTp0.00_ACFep00_aFep02,-0.09156293037748264,-0.06185628772236992,0.2060072181369681,0.2786322530594572,0.11691931281225955,0.8224495965285641,0.869880795733153,0.7225564712026833,0.7046261983102958,0.6956881521180168,0.3757369493022463,0.1241652380201608,0.13023033597770303,0.7122667416744448,1.0319918109554125
Mbi2.80Zm1.79T13.0000_iTp0.00_ACFep00_aFep02,-0.08827007434555845,-0.059092966666669945,0.20825703978388782,0.31793993265501785,0.11881373882073001,0.8214423871948247,0.8635635909106975,0.7237059221528849,0.7083671094562748,0.700155570326357,0.37678096680860207,0.12483073694290601,0.12975658586041747,0.7148325014381339,1.0276098958727022
Mbi2.80Zm1.79T13.5000_iTp0.00_ACFep00_aFep02,-0.0850736795552168,-0.05659426981422487,0.20910516089994768,0.3644381320409723,0.12419692652054574,0.8281287220384308,0.8671122118755905,0.7296827950947603,0.7118253552404139,0.7076714629586618,0.3805934358022324,0.12699503222317943,0.13150746549820155,0.720109733434119,1.0280865525581289
Mbi2.80Zm1.79T14.0000_iTp0.00_ACFep00_aFep02,-0.08138498857238295,-0.05359089461112221,0.21366089096616223,0.41878669501660354,0.12778298622845338,0.8475196040124192,0.8846293994541632,0.7366191912761525,0.7202748462563612,0.7156430489694019,0.38613745492983986,0.12828249782981452,0.1340301254214451,0.7277451139855539,1.0259906833466088
Mbi2.80Zm1.49T00.0300_iTp0.00_ACFep00_aFep02,-0.11802821084665782,-0.074687711123437,0.2030000266676994,-0.12027274265566854,0.3177650554996413,0.40396513048304106,0.9283783339815483,0.42520771534429935,0.42625130747685186,0.4441922190962105,0.21696189510628122,0.07781606972886425,0.12937488635061473,0.4282304946476767,0.9769909301717548
Mbi2.80Zm1.49T00.0400_iTp0.00_ACFep00_aFep02,-0.12272736806971274,-0.07864375782077984,0.1615202515362288,-0.19628486214012902,0.2880098331542423,0.36180151260121474,0.866964776946774,0.3796473524076452,0.3881790843161278,0.4110751965402061,0.1991856542972386,0.07139064345531972,0.12118214024628524,0.3870465697675228,0.9500039261619841
Mbi2.80Zm1.49T00.0500_iTp0.00_ACFep00_aFep02,-0.1304412156856573,-0.0856739358091306,0.0931158720753989,-0.3484321079425693,0.247850123304363,0.28524122843043875,0.7935171705524579,0.29784981258758597,0.31394897011981293,0.34847077023742656,0.16618432581425507,0.058657409627426285,0.10790156403774737,0.3104652785528726,0.8992781900701121
Mbi2.80Zm1.49T00.0600_iTp0.00_ACFep00_aFep02,-0.13194007700620153,-0.08665261229313653,0.09189745168143221,-0.33145530911646615,0.2435813418628882,0.29852026222392253,0.7854624004939026,0.30362157905757453,0.3202104266440189,0.35351334021688685,0.1753038992955304,0.05577702960238012,0.1095425365706302,0.3163131528502981,0.9013236403169936
Mbi2.80Zm1.49T00.0700_iTp0.00_ACFep00_aFep02,-0.135605974744437,-0.08955523130713149,0.0863067933981266,-0.36565403552929154,0.2248858521037225,0.308464285702095,0.7737114182115965,0.3130779892779771,0.325618839920984,0.3586131951441295,0.18121203154425872,0.06191443605522671,0.1095074759758776,0.3237845540832811,0.9151222779219441
Mbi2.80Zm1.49T00.0800_iTp0.00_ACFep00_aFep02,-0.13695142158704662,-0.0906518231053483,0.08917366586966864,-0.3934640521169563,0.2123513355242501,0.3274581961320772,0.7864604067493917,0.34421485342308333,0.339497416162082,0.370345782526937,0.19093544451572808,0.06892890237899234,0.11582898732828549,0.34616935710082747,0.9698334901533182
Mbi2.80Zm1.49T00.0900_iTp0.00_ACFep00_aFep02,-0.13849585239211076,-0.09212119920812332,0.08860493245993971,-0.4337521785181603,0.19453925172246567,0.3428195369365353,0.7782096575631439,0.33815421268373197,0.3537811936559908,0.375638688034785,0.1964082346432055,0.07443966455498166,0.11355176656398426,0.34885833524206433,0.9271867169287998
Mbi2.80Zm1.49T00.1000_iTp0.00_ACFep00_aFep02,-0.14102158890002744,-0.09424909040709112,0.08680547751355572,-0.4637325778940634,0.17979668047146594,0.34809498744534906,0.7776537879745057,0.3414098545907786,0.35953514194792946,0.3791058994434147,0.20076308817904115,0.07682790942785181,0.1138283298447939,0.35301515885940615,0.9244269826861516
Mbi2.80Zm1.49T00.1500_iTp0.00_ACFep00_aFep02,-0.14823249623984103,-0.10130566487496871,0.09544663873551448,-0.6002430322424027,0.12401084068342702,0.3774248922493369,0.7563010805881614,0.39335304628867046,0.389538632062441,0.40555599229942707,0.21075998991839773,0.08799309380071085,0.11592690229764013,0.39368812688833366,0.9894496434417983
Mbi2.80Zm1.49T00.2000_iTp0.00_ACFep00_aFep02,-0.14939677260065448,-0.10248489340041458,0.10156234925269121,-0.5689254606466361,0.1082550987232481,0.39858783565495964,0.7569667716575087,0.44614865707645424,0.4020899963626005,0.41886287486507384,0.21699041132685493,0.09387569093601805,0.11852810234085598,0.426013153696482,1.0869044319420478
Mbi2.80Zm1.49T00.2500_iTp0.00_ACFep00_aFep02,-0.15183067655817767,-0.10459929931118525,0.10265905772642965,-0.5619260852128334,0.10805009203439937,0.4091647109561916,0.7552901913078308,0.4746462839755392,0.41835735683599995,0.4333314763254593,0.2157198221493098,0.09416986288223261,0.11735027016808466,0.4478413107832391,1.1146002283807281
Mbi2.80Zm1.49T00.3000_iTp0.00_ACFep00_aFep02,-0.15831741869276394,-0.11105412819448787,0.10986547293983592,-0.6896128547912607,0.10431203212753078,0.437084517961392,0.7690796857064757,0.4951785933728168,0.4350127440373097,0.45142963030760364,0.2219804010831683,0.09587691280720174,0.11466904216541762,0.4665674657259035,1.1172268106852563
Mbi2.80Zm1.49T00.3500_iTp0.00_ACFep00_aFep02,-0.1629476026657545,-0.11577652239970405,0.11633439829730256,-0.7361401850062089,0.09837485387314907,0.46336106846561687,0.7899838495671567,0.5274615218833066,0.4489310985522707,0.46443734393440356,0.22836672294685303,0.09700401105962225,0.1163166439385562,0.48896215174975766,1.1549808321541657
Mbi2.80Zm1.49T00.4000_iTp0.00_ACFep00_aFep02,-0.16675906975375776,-0.11958855338383662,0.11897019834693869,-0.7636515271507556,0.09214422283562296,0.48104650858526804,0.7987431149636435,0.5559048037307306,0.4538834938418314,0.47237962388523913,0.23177723902050412,0.09916237601504015,0.11525631140490948,0.5051682878728612,1.2003172599484448
Mbi2.80Zm1.49T00.4500_iTp0.00_ACFep00_aFep02,-0.1714263652649366,-0.1239879425539947,0.12436629278468886,-0.8028632662351349,0.08411616202899415,0.4964526566142583,0.8125259887023092,0.5803501480061602,0.466041724922126,0.4817903618554521,0.23843430739738647,0.1005212041827473,0.11731793188097299,0.5225193840353144,1.2245843037013526
Mbi2.80Zm1.49T00.5000_iTp0.00_ACFep00_aFep02,-0.1721631621335151,-0.12492435418699938,0.126135144021365,-0.8124844846089989,0.07899046641990079,0.4995382494825146,0.8160718737256064,0.5987418438649234,0.46678504752630184,0.48553154475840044,0.23927319784538248,0.09596817444700485,0.11460417399720801,0.531626323176087,1.2574428477161823
Mbi2.80Zm1.49T00.6000_iTp0.00_ACFep00_aFep02,-0.1751388776284043,-0.12788264234265598,0.1316681673592298,-0.8441743010044171,0.06992985220058555,0.5154575887707473,0.8343982037783729,0.6258015630838859,0.4815868928279529,0.4940403939105604,0.24345295358598965,0.08996253617483164,0.1119941996453869,0.5509627827871737,1.2828701525475323
Mbi2.80Zm1.49T00.7000_iTp0.00_ACFep00_aFep02,-0.1767413507344447,-0.1299157948280225,0.13645794363746216,-0.8685977952218418,0.06967753342786753,0.5366691664064227,0.8513441061944692,0.639526241775866,0.5017751763248013,0.5077562576119263,0.25065023969064343,0.08724199881799354,0.110112058370272,0.5674234830299762,1.2669763818685578
Mbi2.80Zm1.49T00.8000_iTp0.00_ACFep00_aFep02,-0.1718419948250684,-0.12657949740875127,0.14296781269171333,-0.7841600670325195,0.075811075837523,0.5721267187260094,0.8958546834802602,0.6694198930541726,0.5249579578946448,0.5242405782974418,0.2557635109587211,0.0822214317228095,0.10765811824079179,0.5926911810911843,1.2760595253663518
Mbi2.80Zm1.49T00.9000_iTp0.00_ACFep00_aFep02,-0.16656851031664574,-0.12301311386884295,0.15170562144740665,-0.681985201793424,0.08099335990411577,0.621946329087298,0.9430395399193043,0.6916421827502733,0.5512392969943769,0.5417118954338969,0.26280558089572986,0.08955041734696377,0.10658263828462308,0.6159669437589756,1.2656414806842589
Mbi2.80Zm1.49T01.0000_iTp0.00_ACFep00_aFep02,-0.15865784964773005,-0.11708992434583461,0.16229636680082984,-0.5576317302999825,0.09318006584604299,0.691095955695198,1.056124488515702,0.7331714042538467,0.5992718582356615,0.5822092662821318,0.28505455626719634,0.10866470975113081,0.11228952155447977,0.660201669621998,1.2411055734014904
Mbi2.80Zm1.49T01.2500_iTp0.00_ACFep00_aFep02,-0.14813417798915704,-0.10917989445550448,0.16747936324511656,-0.409727137043316,0.09962338248337993,0.7724345025430385,1.065878141003424,0.7047682375867537,0.648440250735341,0.6341530255785124,0.30289601812630557,0.13836965716385732,0.10856455213485114,0.6739293149825133,1.0989738533672078
Mbi2.80Zm1.49T01.5000_iTp0.00_ACFep00_aFep02,-0.1394198659465037,-0.10242079259572516,0.17592877598681897,-0.2970664933423248,0.12131570080300358,0.8255802416292572,1.1277285228222191,0.7169285708180374,0.6829690796625354,0.6649542788138041,0.32034108269851636,0.15198855121715665,0.11358396790361425,0.6971540397043376,1.0637527220070382
Mbi2.80Zm1.49T01.7500_iTp0.00_ACFep00_aFep02,-0.13398652642108308,-0.09813993214747035,0.17901834608096406,-0.2413414216093067,0.13210049524585699,0.8350078532291129,1.1301267840179707,0.719739418428131,0.6885807739925304,0.6711995881894114,0.3229644334203988,0.15068459769366002,0.11436266668235806,0.7014955074246365,1.0586112852420033
Mbi2.80Zm1.49T02.0000_iTp0.00_ACFep00_aFep02,-0.12969607659135968,-0.09474631463343457,0.18431548539316342,-0.19776087313670065,0.14335235381858757,0.844024103892999,1.1416177438263402,0.7302348348930277,0.6944801544363106,0.6806291908126405,0.3259219092183252,0.15166756652466307,0.11309081956433482,0.7101419246837413,1.0620752995621963
Mbi2.80Zm1.49T02.2500_iTp0.00_ACFep00_aFep02,-0.12577893806943727,-0.0916236513699919,0.19077821807192513,-0.14683095534016327,0.15028342798832467,0.8684385294331575,1.168788358382791,0.7406291862714269,0.707438094205481,0.6939103287558006,0.33320155975480825,0.15493610571378452,0.11566742605042787,0.7219030155305043,1.0570236125950099
Mbi2.80Zm1.49T02.5000_iTp0.00_ACFep00_aFep02,-0.12521462848287673,-0.09117519797935911,0.19776240287229163,-0.13140129914949678,0.1455974632575512,0.8703934990145388,1.154303457276582,0.7512670141647657,0.7100532975038377,0.700813815948937,0.33404063486686963,0.15418660586285582,0.11470708431575527,0.7290377574254325,1.0649720402458194
Mbi2.80Zm1.49T02.7500_iTp0.00_ACFep00_aFep02,-0.1232070196190884,-0.08943834310075696,0.20452849230003203,-0.08387282529235192,0.14403288196442668,0.8951218650677637,1.1710029522143348,0.7663719913569464,0.7256191711775473,0.7134310448035086,0.34085829078034335,0.15810350330471062,0.11712017704587126,0.7439615785453325,1.0651080592548763
Mbi2.80Zm1.49T03.0000_iTp0.00_ACFep00_aFep02,-0.12048636384701371,-0.08715899230616264,0.2097120583012399,-0.03180054742348593,0.14537496280710435,0.9146539798453118,1.1844766155727369,0.7773040364811764,0.7392197990716209,0.7252214978394206,0.34817038450646953,0.16179673184134657,0.1195434506837427,0.756010496997699,1.0615707684845415
Mbi2.80Zm1.49T03.2500_iTp0.00_ACFep00_aFep02,-0.11828621882941073,-0.08526917029246774,0.2142305855779056,0.010333966718382685,0.1455141523735322,0.9253246100064865,1.1854606931481895,0.78731146685325,0.7487798341651353,0.7335994872608921,0.35383180084302696,0.16380575137590697,0.12095421164034383,0.765621632697183,1.0622267262819989
Mbi2.80Zm1.49T03.5000_iTp0.00_ACFep00_aFep02,-0.11533602457902553,-0.08274891405844288,0.21883010741907372,0.06620057045684606,0.14720056066069492,0.94697752039451,1.199245808054519,0.794225334750364,0.7623461287646306,0.7455671746313444,0.3614864121875827,0.16802396642577141,0.12452902468006484,0.7757211184336915,1.0534098120385136
Mbi2.80Zm1.49T03.7500_iTp0.00_ACFep00_aFep02,-0.11332484924691519,-0.08107627228653229,0.22175450985886416,0.10356830240724654,0.14800691573858926,0.9562873724130558,1.2050784108301023,0.7999390691841589,0.7704125768426219,0.7530063386525203,0.36660131067872276,0.17141086466439512,0.12557393892185995,0.7825499467855299,1.0501892303525224
Mbi2.80Zm1.49T04.0000_iTp0.00_ACFep00_aFep02,-0.11217072237417283,-0.0799212108036593,0.22952062251994687,0.13801511455885881,0.1497385199223265,0.9869940044141969,1.2356971956122536,0.8134813029174575,0.7910673612501029,0.769423353045791,0.37473538935666634,0.17786923219408188,0.1283545918365221,0.7991173561165948,1.0425967876194724
Mbi2.80Zm1.49T04.5000_iTp0.00_ACFep00_aFep02,-0.10877954319452605,-0.0772781845593246,0.2325026322743074,0.18414077277225643,0.1543899806175626,0.9843120762389354,1.224377582803739,0.8215251917809518,0.7957954725963916,0.7786864225690406,0.38313459734000865,0.1803292820828456,0.12985567754724264,0.8061206385360625,1.043549874156709
Mbi2.80Zm1.49T05.0000_iTp0.00_ACFep00_aFep02,-0.10541002859148968,-0.07464357422613516,0.23671775901645345,0.2419489285436999,0.16118952765197167,0.9946503423904524,1.2233413298395903,0.834647757230174,0.8075935337381817,0.7901226940584339,0.39259700863455743,0.18344032113763664,0.13293912254171292,0.8185188895099416,1.0448010012156204
Mbi2.80Zm1.49T05.5000_iTp0.00_ACFep00_aFep02,-0.10216604769687126,-0.07170179770386138,0.24745721645916813,0.33375694348338636,0.15940558376684005,1.041171175970715,1.2530708565454982,0.8552575269315866,0.834481987073789,0.810880656207546,0.4036087224341041,0.190048020539005,0.1388573949300098,0.8414541818128762,1.0395975992574533
Mbi2.80Zm1.49T06.0000_iTp0.00_ACFep00_aFep02,-0.10188570421115246,-0.071387481728606,0.25592060320935167,0.37372700779417894,0.15747163831850555,1.0601711207823308,1.2568397694589188,0.8776746186973101,0.8493649555785732,0.8235248386767163,0.4114786528245063,0.1931707421306259,0.1424334391223357,0.8597184907820591,1.0492916170703515
Mbi2.80Zm1.49T06.5000_iTp0.00_ACFep00_aFep02,-0.0984562625703736,-0.06854078627857711,0.25876177840325437,0.4328257652459133,0.16322524668905947,1.0713805741588298,1.2598965169779506,0.8870388589168263,0.8603511441330548,0.833431834934946,0.4190927655496228,0.19621234841732443,0.14470738478918152,0.8697579689957853,1.0474055647966387
Mbi2.80Zm1.49T07.0000_iTp0.00_ACFep00_aFep02,-0.09467401682628064,-0.06528654294257247,0.26402939628272176,0.49901451215506726,0.16498137716930877,1.0896255317775778,1.27082600365986,0.8982409586543832,0.8719422459632327,0.8427720454171364,0.42719080454797587,0.19974207156852108,0.14843508918533982,0.8808392109871832,1.047685860168911
Mbi2.80Zm1.49T07.5000_iTp0.00_ACFep00_aFep02,-0.09147485811832792,-0.06269649899558567,0.26568067947758167,0.5457877139854936,0.17080730702671434,1.09429341562699,1.2656687281969976,0.9035607766365359,0.8788186546271726,0.8497878562456731,0.4332339704179644,0.20212887811332567,0.1498932965522007,0.8869731454179732,1.0454210035114242
Mbi2.80Zm1.49T08.0000_iTp0.00_ACFep00_aFep02,-0.08906961951552422,-0.06059764032815943,0.2701085534866341,0.5907987990381085,0.17148848889319684,1.1128033178526688,1.2744776407700846,0.9106361599978036,0.8904329220329781,0.8590980041969553,0.4393430764006565,0.20479787197201152,0.15245961062198715,0.8960305230655721,1.041006073508097
Mbi2.80Zm1.49T08.5000_iTp0.00_ACFep00_aFep02,-0.08730214001154638,-0.05919941294740712,0.2744817593763477,0.6220939441050342,0.17492734548783856,1.1210654899275925,1.2763854434337218,0.9218826760889454,0.8977440915484061,0.8647489618863385,0.4449194050890977,0.2071714973275745,0.1542252667763437,0.9050402128077341,1.0461121242916462
Mbi2.80Zm1.49T09.0000_iTp0.00_ACFep00_aFep02,-0.09232109099139499,-0.06338463343747056,0.2789909079852455,0.584717664098201,0.17141756955855733,1.1266495235312073,1.2832495051463122,0.935559742572502,0.9014380575007047,0.8635830899220025,0.4490129972212096,0.20996181956133808,0.1576547055692503,0.9129254041694588,1.0601116524168688
Mbi2.80Zm1.49T09.5000_iTp0.00_ACFep00_aFep02,-0.09642047880851204,-0.06663832017903279,0.274956312978017,0.5303146273764492,0.1672878339239144,1.1044508181974348,1.2570801765591462,0.9328902968261675,0.895250259727333,0.8605660062646197,0.4469468196589724,0.20933707593583933,0.15745704702219065,0.9089061731270661,1.062628607440459
Mbi2.80Zm1.49T10.0000_iTp0.00_ACFep00_aFep02,-0.0978726232407768,-0.06756273516589666,0.272681185389329,0.5033626526663992,0.16629677503041768,1.0906962248471264,1.2400436100136711,0.9275541232428292,0.8933807231609525,0.8597563704940706,0.44767178529980417,0.2086327906674762,0.15765100093905482,0.9054977744011807,1.0581649622266796
Mbi2.80Zm1.49T10.5000_iTp0.00_ACFep00_aFep02,-0.09812383985171916,-0.06744321660766808,0.27330008293149755,0.4831951291176681,0.1671655248145011,1.0889172852408961,1.2434649842151064,0.9261853221135443,0.8975159077594973,0.8638192193119296,0.45182880790860247,0.20885132087577502,0.15847664673187248,0.9069329822108955,1.0516855172854165
Mbi2.80Zm1.49T11.0000_iTp0.00_ACFep00_aFep02,-0.0997210793020248,-0.06855119822521763,0.2705535131183024,0.4779453936921766,0.16612686899532886,1.0792281058887032,1.2412886915292618,0.9224856138174189,0.8986419199674631,0.8624337241329465,0.4532483132483706,0.20875061196737554,0.15770909017839702,0.905335193180158,1.0476388301748865
Mbi2.80Zm1.49T11.5000_iTp0.00_ACFep00_aFep02,-0.09915861221141653,-0.06759960186988612,0.2743882695595815,0.48856048857286993,0.16441624312010478,1.0900723619074035,1.2599968072017131,0.9230069439303085,0.9085029569634007,0.8714691659005328,0.4588919101467353,0.2105109323283006,0.15970026759589773,0.9104852842804937,1.0371026962435927
Mbi2.80Zm1.49T12.0000_iTp0.00_ACFep00_aFep02,-0.09919324756432625,-0.06764849542610078,0.2681395667945399,0.502531513568852,0.16381981730802905,1.125874549171037,1.2870095476261012,0.9291479934572235,0.925574861160271,0.8832232559166818,0.4728996503431595,0.21139939205613248,0.16752651740761063,0.9213998971741952,1.0273650604620728
Mbi2.80Zm1.49T12.5000_iTp0.00_ACFep00_aFep02,-0.0959623136787499,-0.06479234485679222,0.2808554383883912,0.5723262926898922,0.1680192722175853,1.138247878439289,1.2897985622852766,0.9365880322231329,0.9354274494499796,0.8944932182688633,0.47375168192112954,0.2124975905607199,0.16491134486826176,0.9302555407406955,1.0236378535367572
Mbi2.80Zm1.49T13.0000_iTp0.00_ACFep00_aFep02,-0.09095532417309822,-0.06049463980702496,0.2761832481391352,0.5901050981201683,0.1715851531144576,1.1232265668873516,1.295601073563894,0.9419882590236698,0.9227785319933224,0.8756915478906765,0.4689446434584931,0.21064374250565068,0.15656221299392703,0.9256495204380004,1.0475439870363903
Mbi2.80Zm1.49T13.5000_iTp0.00_ACFep00_aFep02,-0.0892626074351631,-0.0591491234566035,0.280721777307196,0.6251417990208636,0.17487931687113034,1.1297609950389027,1.297661363277395,0.9546577437978989,0.93009808900755,0.8831400496664655,0.4742476398174685,0.213354687220509,0.15860757099101883,0.9356138431603799,1.052986613767148
Mbi2.80Zm1.49T14.0000_iTp0.00_ACFep00_aFep02,-0.08642101375683317,-0.05701786890251071,0.2849870542429685,0.6824142053015042,0.18166434044968754,1.1417442624122418,1.3129564941171599,0.9751951745410306,0.9367598898235215,0.8932879588974929,0.4804045650088096,0.21721450167125383,0.16168806950628,0.9495543751806493,1.0657592097633686
Mbi2.80Zm1.26T00.0300_iTp0.00_ACFep00_aFep02,-0.1217632238152392,-0.0773274466272404,0.22606178617867684,-0.1546420469079959,0.3092569588251203,0.4383867127392244,0.9465375562163367,0.4336688144958344,0.45955096872209455,0.47396088976550893,0.24071076668644223,0.1018242481925468,0.1384372527918486,0.4483778330285389,0.9291125989517214
Mbi2.80Zm1.26T00.0400_iTp0.00_ACFep00_aFep02,-0.1322637619710531,-0.08690428422522414,0.13451725581598684,-0.36531827878879125,0.2544639728267677,0.3410850152284274,0.8510618443333001,0.3422577146284683,0.365541724279846,0.3900221771616766,0.19339178941716081,0.08165927632189669,0.11520120139934847,0.35700908928648195,0.9059662961014493
Mbi2.80Zm1.26T00.0500_iTp0.00_ACFep00_aFep02,-0.13742323282120344,-0.09158544041732121,0.0967641526449492,-0.45813464348616223,0.23240218942406202,0.3124587824568825,0.8115238974018969,0.3075800533562287,0.33233119279710543,0.3618147532488614,0.18053515743283324,0.0753353157364095,0.10780292006287595,0.32366285149766566,0.8862114807650565
Mbi2.80Zm1.26T00.0600_iTp0.00_ACFep00_aFep02,-0.14114426554715256,-0.09474239205145596,0.08568887887327495,-0.48925845552355407,0.21941237703402314,0.311362532406407,0.7964190489523448,0.2983352560726508,0.32836522898032944,0.3595642500135873,0.18264397583587352,0.07692845669097317,0.10637642108137442,0.3171263150439737,0.8673425552542398
Mbi2.80Zm1.26T00.0700_iTp0.00_ACFep00_aFep02,-0.14592660521448192,-0.09887871569372989,0.08583240046557172,-0.5448273612848018,0.21050283125737462,0.3285538825325919,0.7941934153967447,0.31617856473975475,0.33736045764509887,0.3678927288721458,0.18580609646045443,0.08029889204662369,0.10606129833754126,0.3307100954200245,0.8966384577463334
Mbi2.80Zm1.26T00.0800_iTp0.00_ACFep00_aFep02,-0.148471749042774,-0.10124338630470278,0.08917455080437305,-0.5979359569550223,0.1882426091749506,0.3480868716541172,0.7900382033137247,0.3336457778360134,0.351827103135627,0.3785978768608794,0.19148791858340208,0.08371041121769869,0.10958200045859551,0.3462464080158392,0.9135661757833343
Mbi2.80Zm1.26T00.0900_iTp0.00_ACFep00_aFep02,-0.14861412838260063,-0.10151946201923082,0.0852710903595071,-0.6214373102371851,0.17390581508503003,0.3564204515395635,0.7877810282213245,0.3165821121164738,0.35992815722909965,0.3817388072130052,0.19629957106561735,0.08432073668933768,0.10420648478785616,0.340411776359998,0.8537042292415237
Mbi2.80Zm1.26T00.1000_iTp0.00_ACFep00_aFep02,-0.14978888633636767,-0.10252163735094308,0.08662089704987763,-0.6364639599217989,0.1590305433700563,0.37225851751022565,0.8009117613924243,0.3319817140930065,0.3762556955128853,0.3936011291981408,0.20746211823159444,0.09034935396418298,0.10746105990828342,0.3556998080396572,0.8624505321950464
Mbi2.80Zm1.26T00.1500_iTp0.00_ACFep00_aFep02,-0.15495069766271966,-0.10788828115119019,0.09189964163987437,-0.679859512028324,0.12602691784247258,0.3984288466232677,0.770483401110061,0.36648186331985927,0.3967958717775658,0.4132117815519691,0.20549050839349645,0.09687145139160985,0.10065947204299913,0.38354009926380606,0.9048849398235592
Mbi2.80Zm1.26T00.2000_iTp0.00_ACFep00_aFep02,-0.15518690508964245,-0.1084741112309783,0.09790894250150733,-0.6507899005776799,0.11752126972848094,0.4272770504299695,0.8167927697760478,0.41368598272837,0.4257931913412057,0.43519918207652153,0.2170685626018204,0.10297468541383539,0.11205435964425799,0.4209919123034076,0.9609515612460883
Mbi2.80Zm1.26T00.2500_iTp0.00_ACFep00_aFep02,-0.15837206294623016,-0.11175574276216754,0.10861914351646,-0.6519592874687856,0.11851427227566226,0.48142116606493507,0.8741563754297134,0.4577501306689149,0.4669466018555305,0.4677123160494332,0.23529757348736152,0.10938183848526241,0.11990269628358524,0.46243162697962475,0.9795019806689718
Mbi2.80Zm1.26T00.3000_iTp0.00_ACFep00_aFep02,-0.1614482256343118,-0.11490944002100129,0.11541735053447973,-0.670301681086421,0.11711768557720567,0.5202237200611398,0.8982325836238602,0.4882744290761147,0.4888979216522174,0.4882864206782217,0.24689542862268607,0.1131044841414651,0.1163846936206529,0.48850051288645285,0.9993496783046132
Mbi2.80Zm1.26T00.3500_iTp0.00_ACFep00_aFep02,-0.16608436081451072,-0.11919858257363344,0.11869349257644497,-0.723048604290619,0.10481703877998157,0.5336683140989801,0.8974811252953131,0.5214830756164143,0.4857790124287108,0.48853088198784633,0.24272930013021443,0.11315922144065897,0.11382555119833686,0.5037135579112583,1.0704665499239179
Mbi2.80Zm1.26T00.4000_iTp0.00_ACFep00_aFep02,-0.1692818926164868,-0.12221625382506277,0.12280849072945588,-0.7569760492050381,0.09367319342824636,0.5443781552172141,0.9025490824480205,0.5440832522068604,0.49344205308765027,0.4938641367023428,0.24572170697856704,0.1107654107161925,0.11354958365341317,0.5182063861385527,1.1021570771729705
Mbi2.80Zm1.26T00.4500_iTp0.00_ACFep00_aFep02,-0.17533499260987878,-0.12763625242403798,0.12562892310915066,-0.823376033205177,0.07978728616309635,0.5473374900054867,0.8971074250635644,0.5630182426567988,0.49232754840368925,0.4935212251684228,0.24623722935756628,0.10843444102734655,0.11315067982317015,0.5266664679056392,1.1422000163712038
Mbi2.80Zm1.26T00.5000_iTp0.00_ACFep00_aFep02,-0.17516348456623604,-0.1274224326795824,0.13071787116698627,-0.804505330587203,0.07199677615831439,0.5566108718392287,0.9049669151052928,0.5771659939437005,0.49762763632867146,0.4922041143103443,0.24659553660328595,0.10781683364911411,0.11363879861511345,0.5351049177891235,1.1661900996226755
Mbi2.80Zm1.26T00.6000_iTp0.00_ACFep00_aFep02,-0.17739542788959647,-0.1297805486244114,0.13841650011248782,-0.8319284702734191,0.061847734436674635,0.565707233511339,0.8973013572898574,0.6047006135140174,0.5008168402173953,0.49926995342106983,0.24801929125506558,0.10723132529717039,0.10681077495672199,0.5500748472590559,1.2092962678049697
Mbi2.80Zm1.26T00.7000_iTp0.00_ACFep00_aFep02,-0.17804635843590055,-0.1309763361274245,0.15065028754689458,-0.8425063166203078,0.06902768272487712,0.577330726356987,0.9354599461077413,0.6521223094352284,0.5150593199732875,0.5099548515480801,0.25411654676720735,0.10079178608288947,0.10740512030666567,0.5787483275746985,1.2724161822413091
Mbi2.80Zm1.26T00.8000_iTp0.00_ACFep00_aFep02,-0.18074066416635537,-0.1339113202447047,0.16150551248880232,-0.8611042809877958,0.06308790123930773,0.6063300091853374,0.9561039358965585,0.6800757988110728,0.5368399423923756,0.5261225056263976,0.259468259618805,0.10264255890731941,0.10481309627966093,0.6025371567236604,1.2795857465682772
Mbi2.80Zm1.26T00.9000_iTp0.00_ACFep00_aFep02,-0.1779216110834331,-0.13191298320514916,0.16796482449192257,-0.7864912653511674,0.05561075010966625,0.658447257956437,0.9994897997633434,0.6921567280773631,0.5677057767990418,0.547670068720649,0.27005923103334206,0.11700629587090629,0.10782719045997533,0.6237454408156676,1.2411183743267526
Mbi2.80Zm1.26T01.0000_iTp0.00_ACFep00_aFep02,-0.1706099445952586,-0.1264458129859356,0.17792327669514946,-0.6407419029882344,0.06684513157829293,0.7485632388644948,1.1329156057994616,0.73142382834814,0.6286101258865645,0.5954279505505847,0.2959605646369448,0.1388107916337837,0.11531920483828703,0.6730414247084291,1.1950997970212187
Mbi2.80Zm1.26T01.2500_iTp0.00_ACFep00_aFep02,-0.16713103389493789,-0.12529248099711243,0.18647044051793643,-0.5957070837450692,0.10684179288014363,0.8378535985489132,1.2214675182861754,0.741010234450148,0.6930900259088945,0.6546028430991362,0.3231554703296178,0.16760396136490593,0.11828327802798966,0.7110565178758981,1.099672264342496
Mbi2.80Zm1.26T01.5000_iTp0.00_ACFep00_aFep02,-0.14852582124960922,-0.11034739171766457,0.19149189506370415,-0.4136292174847013,0.15681345526664625,0.8907894833082559,1.3069582645898177,0.7442606031519692,0.7229517230135094,0.6852682952367829,0.34566851757799505,0.1850980055745264,0.12259392762086674,0.7281562497347164,1.0570231831766033
Mbi2.80Zm1.26T01.7500_iTp0.00_ACFep00_aFep02,-0.15155375075587835,-0.11288460986082884,0.19839172984301265,-0.4412341089630569,0.14784440210128635,0.89053614754904,1.2797159569773562,0.7524026372528784,0.7285005279339689,0.6931945034055292,0.34836486157523006,0.1879189337336114,0.12251084451707574,0.7353146956148237,1.0584585592086886
Mbi2.80Zm1.26T02.0000_iTp0.00_ACFep00_aFep02,-0.1458642391040482,-0.10803522299314942,0.2043990445976429,-0.3559993497726154,0.15372820429387796,0.9105843932854479,1.2973382477351525,0.7659390147634537,0.7408656780395354,0.7067834220670798,0.3564775842174099,0.19389053878662463,0.1263562921796862,0.7484307230684291,1.05818324994233
Mbi2.80Zm1.26T02.2500_iTp0.00_ACFep00_aFep02,-0.14188455001845296,-0.10475456068039159,0.21079641337263313,-0.2815434852196823,0.15691476802001822,0.939742893173412,1.323103089778473,0.7783204549520715,0.7605255716865993,0.7224949965627059,0.36603265893977915,0.19955041685973582,0.12990081752435925,0.7639663710456719,1.0496421581945732
Mbi2.80Zm1.26T02.5000_iTp0.00_ACFep00_aFep02,-0.13908616522173523,-0.1024375282283981,0.21686811178824875,-0.22870303929706248,0.157439428716305,0.9537853246585047,1.3283399138630414,0.791045333597153,0.7715784149499997,0.7339882210977466,0.3736643546323958,0.2008949864532931,0.13178258806455173,0.7759043442129001,1.0508273956890029
Mbi2.80Zm1.26T02.7500_iTp0.00_ACFep00_aFep02,-0.13472012246343776,-0.09881363304088187,0.22120070827105198,-0.15129720600394775,0.16079067221998355,0.9742884081111178,1.3382744998552316,0.7994706709407837,0.7864418926647241,0.7465560897453709,0.3814287435193336,0.20516123968766642,0.13473978755426697,0.7872793146595061,1.0430159466797209
Mbi2.80Zm1.26T03.0000_iTp0.00_ACFep00_aFep02,-0.12993921512230178,-0.09480473276782476,0.2266272588096375,-0.07063972724443202,0.1667357428757453,1.0019697541293304,1.3631873479577798,0.8111476856822233,0.8049728016832829,0.7614466921857235,0.39094293744317815,0.2104866814403017,0.1380230788200854,0.8019140329776847,1.0356710815424217
Mbi2.80Zm1.26T03.2500_iTp0.00_ACFep00_aFep02,-0.12478775410869303,-0.09046507564436912,0.23268584925527408,0.012500781712989047,0.17215571623244025,1.023184439078056,1.3798995683385213,0.8240896545428958,0.8199661192577494,0.7754494476386146,0.39923171117231426,0.21343113875433598,0.14135701871712236,0.8157533891844484,1.0330720993854106
Mbi2.80Zm1.26T03.5000_iTp0.00_ACFep00_aFep02,-0.12062132570901613,-0.0870387202688555,0.23737698726327217,0.08509705822778489,0.17782423960547228,1.0455097460832394,1.3968279748205537,0.8347070552933046,0.8346943673118371,0.7869117352574991,0.4072906433544694,0.2179964690802296,0.14258845682901458,0.827984068314013,1.029481887088069
Mbi2.80Zm1.26T03.7500_iTp0.00_ACFep00_aFep02,-0.11697265708332115,-0.08412686261353663,0.2431699777456796,0.14836236346463266,0.1832745305536689,1.0681712431625099,1.4188046785679305,0.8479603063551954,0.8501327165211041,0.7996138540835576,0.41552898178354314,0.22326108222531582,0.14590565497029703,0.8419525886440505,1.0279885668068431
Mbi2.80Zm1.26T04.0000_iTp0.00_ACFep00_aFep02,-0.11209941672462738,-0.07997925475358952,0.24828395979870316,0.2270502059997089,0.18790122692997008,1.0896212213794005,1.43638408715579,0.8591865418214863,0.8627452550621243,0.809324547628838,0.42268412758762763,0.2264447166493283,0.14764614679515187,0.8534679685629504,1.0276921937573968
Mbi2.80Zm1.26T04.5000_iTp0.00_ACFep00_aFep02,-0.1044396200992061,-0.07348428149368448,0.2577149816059082,0.3441351027625273,0.1965618075722382,1.121072195094105,1.4521833977077097,0.882530551558879,0.8853908629335444,0.8282282938595654,0.4361613821962619,0.2312961070154436,0.15095962583302214,0.8759332890113185,1.0300194743509505
Mbi2.80Zm1.26T05.0000_iTp0.00_ACFep00_aFep02,-0.09840183309892217,-0.06834625334907365,0.26402865759899824,0.4389609030449868,0.20328548274774777,1.1493173130394119,1.4713768576460802,0.8960944623014894,0.9041821626757337,0.8442895493229665,0.44703241738615423,0.2371802375976185,0.15533001710758151,0.8917427801340582,1.025003099738059
Mbi2.80Zm1.26T05.5000_iTp0.00_ACFep00_aFep02,-0.09361425497034058,-0.06441118998491245,0.27305540109646326,0.523571771505562,0.211866313571056,1.1803355250038101,1.4981808926761904,0.9129129396443341,0.9259895027384438,0.8627243669541143,0.46030096492527733,0.24379636356652049,0.15982426247611903,0.9105911497047972,1.0207478737795492
Mbi2.80Zm1.26T06.0000_iTp0.00_ACFep00_aFep02,-0.08980778467291699,-0.06121025424842968,0.27734082735364657,0.5853649086422477,0.21762487266545955,1.2013048705464267,1.5139416882267986,0.9201021009279893,0.9411641935977669,0.8746989300194687,0.46904155236381984,0.2474298739037792,0.16388981347395096,0.9213271947704068,1.013404687788502
Mbi2.80Zm1.26T06.5000_iTp0.00_ACFep00_aFep02,-0.08571971609041405,-0.05780102073789613,0.28654521114868897,0.6458372529614655,0.22243258137385824,1.2235462368406511,1.5277647095120528,0.9362767483770266,0.9568908227363027,0.8882621181216446,0.4779654743998899,0.24933233977514654,0.1664054063084315,0.9369755061637525,1.0148500188192342
Mbi2.80Zm1.26T07.0000_iTp0.00_ACFep00_aFep02,-0.08177265562026344,-0.05439917320501627,0.29152874727220607,0.7071529164081758,0.2260530507538683,1.2398165518702402,1.537062056890519,0.9478567463209888,0.9679338303733136,0.8975532717253271,0.4842683284038334,0.251385836212899,0.169233409450674,0.9480419920345551,1.0162029480178838
Mbi2.80Zm1.26T07.5000_iTp0.00_ACFep00_aFep02,-0.08007300644642944,-0.052958584962990496,0.29592072944602177,0.7470693658912015,0.2275174023493238,1.250594167524808,1.5428213391923873,0.9601839857569755,0.9762916621730939,0.9045791817817709,0.49079723955132043,0.25396207754456146,0.17256557587169175,0.9581960187646781,1.0209993831772288
Mbi2.80Zm1.26T08.0000_iTp0.00_ACFep00_aFep02,-0.07702729477600828,-0.050207280488009924,0.297328771426298,0.784179874201503,0.2278174078727161,1.257365893832111,1.5408613985070398,0.9625980959697384,0.9802525523230994,0.9082498421239876,0.4941976254254041,0.25489513346518305,0.17496419584142553,0.9613441279520256,1.0194301037691473
Mbi2.80Zm1.26T08.5000_iTp0.00_ACFep00_aFep02,-0.0757069429407157,-0.0490414417366354,0.30048325850817065,0.8171455261130879,0.22895823611435592,1.2638565409984808,1.544094113690388,0.9713967655382503,0.9870339244662137,0.9149645526482222,0.4992033267133681,0.25606204846456593,0.17702539329819508,0.9691229717600661,1.0214485208337054
Mbi2.80Zm1.26T09.0000_iTp0.00_ACFep00_aFep02,-0.0755610720874446,-0.04886274741703187,0.30732781476692794,0.8496218358964696,0.2306692680422265,1.2749673113344007,1.551824503397827,0.9863649130182635,0.9975850314075958,0.9220328066750528,0.5052123893755036,0.2588275012744065,0.17952719358935315,0.9813850900289919,1.0276680008386083
Mbi2.80Zm1.26T09.5000_iTp0.00_ACFep00_aFep02,-0.07873742564070882,-0.05102957023249244,0.3054051536333746,0.8205030682894028,0.21985013555055838,1.252338657078577,1.532543460857703,0.9784932016991272,0.9909236978772112,0.9110357333879433,0.5049471008985791,0.25168457218727175,0.17731746082864225,0.9735114531084463,1.0289317275797503
Mbi2.80Zm1.26T10.0000_iTp0.00_ACFep00_aFep02,-0.0811916626916321,-0.052897588937510676,0.3002459927946063,0.7947903263988063,0.21474113760830857,1.2345272079546887,1.514945690725123,0.9787006076544136,0.9848345743986623,0.9094995423596157,0.5037569896766487,0.24837832088215228,0.17727333563400777,0.9711918825574317,1.0332924894255056
Mbi2.80Zm1.26T10.5000_iTp0.00_ACFep00_aFep02,-0.08282361898351392,-0.05387967615158983,0.3044969692550165,0.7798890176721539,0.21187668288016098,1.2430686238332849,1.522209465877367,0.9824327290587839,0.9930414283449943,0.9157002078639807,0.5096591926498639,0.248871671204095,0.179824602639623,0.9768936930658083,1.0294035718841774
Mbi2.80Zm1.26T11.0000_iTp0.00_ACFep00_aFep02,-0.08653832501131163,-0.0568967185833195,0.3003194849301164,0.743351411376365,0.20820668027199413,1.227018991634741,1.5140451121924612,0.9710945868457408,0.9917808269869305,0.9150988477421157,0.5111936123816341,0.24686192006359703,0.17838061186174584,0.970702150526869,1.0185168993253089
Mbi2.80Zm1.26T11.5000_iTp0.00_ACFep00_aFep02,-0.09064229903665064,-0.06035854603585525,0.292136882013842,0.6830410268993854,0.20430452374318747,1.1962107098801065,1.4783097590178922,0.9621179257382673,0.9811251193012638,0.9085243233430486,0.5074896028531499,0.2452811998049073,0.17798932964741854,0.9614571842010686,1.018303082069986
Mbi2.80Zm1.26T12.0000_iTp0.00_ACFep00_aFep02,-0.09347253601096438,-0.0628781284451287,0.2985518047462832,0.6878667448486666,0.20855611955706077,1.2134351269273198,1.502545693962672,0.9747513714922026,0.9971644007657214,0.9214634743132472,0.5175422072123994,0.25024781462229834,0.18002993850969617,0.9753595666842095,1.0160921606041848
Mbi2.80Zm1.26T12.5000_iTp0.00_ACFep00_aFep02,-0.09173499288923845,-0.060932084274330625,0.29952309509304276,0.7175553814388685,0.2078931906386995,1.2131159227789596,1.5061648442732702,0.9765515760357183,1.0012937808864515,0.9262916662560147,0.5219494119208631,0.25160024745986426,0.18149083808955294,0.9784205938602709,1.0132381705655638
Mbi2.80Zm1.26T13.0000_iTp0.00_ACFep00_aFep02,-0.09067719679094952,-0.060111901052156004,0.30349550199469244,0.7483060332744735,0.2070807308219098,1.2506739724722304,1.5327234879849707,0.9884682547755422,1.0199090688495929,0.9429359856583877,0.5314257936406566,0.25242673796913917,0.18782385134699556,0.9934001266043953,1.0071790970004182
Mbi2.80Zm1.26T13.5000_iTp0.00_ACFep00_aFep02,-0.08642569747488368,-0.05625272778869879,0.3077029521959802,0.8000051225242332,0.21513229800401468,1.2639957376317674,1.5527135135405343,0.9956073428572779,1.029155996391701,0.951775697488991,0.5415962680241628,0.2562263065015986,0.18983975235784556,1.001530806662864,1.0051909875871183
Mbi2.80Zm1.26T14.0000_iTp0.00_ACFep00_aFep02,-0.0843134315829845,-0.05454936329299087,0.31156735649935047,0.8272038373168924,0.22041301118182985,1.269565716731168,1.5582235623206344,1.0093204018806552,1.0339319410849466,0.9587075030689409,0.5479358200871802,0.2593956369830156,0.1919909393532029,1.0110931932766767,1.0130487026560209
Mbi2.80Zm0.96T00.0300_iTp0.00_ACFep00_aFep02,-0.12120341962875937,-0.07628359250978843,0.14900265588167758,-0.15864271168152305,0.2838221008696643,0.5062171758109739,1.153499992786711,0.42148570891421744,0.5320344302383866,0.5212165064918488,0.2821724648536444,0.16636360592337893,0.14779927572177798,0.4721951089573007,0.8003519279511845
Mbi2.80Zm0.96T00.0400_iTp0.00_ACFep00_aFep02,-0.12813332030352104,-0.08231019226740953,0.11183033877095437,-0.2241631972562455,0.2749508817421868,0.4471074308247206,1.0382466855249,0.4129406188937726,0.48620153812777533,0.49012314691506914,0.25948647206958875,0.15127922059509744,0.15256398773850058,0.448581981022755,0.8459083852328314
Mbi2.80Zm0.96T00.0500_iTp0.00_ACFep00_aFep02,-0.13163419391185235,-0.08554132661178968,0.10252612305580017,-0.2291082549407212,0.271815830637429,0.44847418815426554,1.0152921408660676,0.43853717529915437,0.48959066152872655,0.5024406935740806,0.2653938749445921,0.1559222441211204,0.15880841059378412,0.4650608201636003,0.88411958562279
Mbi2.80Zm0.96T00.0600_iTp0.00_ACFep00_aFep02,-0.13461277054664986,-0.08818106067709777,0.10043091557187075,-0.25735476968325777,0.24877077061318276,0.4717686939873545,1.0043116021685181,0.4583681503290508,0.4928231178936897,0.5009088025234469,0.26732036700967665,0.157143775607513,0.15822829356493262,0.4763739735486547,0.9225187214206476
Mbi2.80Zm0.96T00.0700_iTp0.00_ACFep00_aFep02,-0.13713452703696408,-0.09085820494140509,0.09633171506191265,-0.31366352878645465,0.22946246789373523,0.4934525624931104,1.0111905979123568,0.4583245761517905,0.49871799419908597,0.5052962307576586,0.27017539521846157,0.16165013343849688,0.15845463572952448,0.47897693494121063,0.912984228229508
Mbi2.80Zm0.96T00.0800_iTp0.00_ACFep00_aFep02,-0.13611082158092286,-0.09024443591366305,0.09706185821154006,-0.30366626359484916,0.22395661715991833,0.520946952555512,1.0574529554769576,0.46455582154105723,0.5185251907989157,0.5170345179313693,0.27881359287418117,0.16708490382850874,0.1539400214085468,0.4906016671281364,0.8972072158169536
Mbi2.80Zm0.96T00.0900_iTp0.00_ACFep00_aFep02,-0.13627422096492367,-0.09074289731513759,0.10022941904716157,-0.31349222956243805,0.21803283263011386,0.5380874480099643,1.0812919767188156,0.4903490651345391,0.5298571453308136,0.5263251818503248,0.2844536805685362,0.16723504940316303,0.15359917840727477,0.5092445633194437,0.9285310926253413
Mbi2.80Zm0.96T00.1000_iTp0.00_ACFep00_aFep02,-0.13849180529386093,-0.09288197338166944,0.10430564640383382,-0.3362040537987545,0.21090578730030007,0.5417881122017277,1.0786441978784607,0.5210417168507957,0.529488855521249,0.5287896319129904,0.2845755813920593,0.16207119394694272,0.1518092458909679,0.5251511891129523,0.9846967939678029
Mbi2.80Zm0.96T00.1500_iTp0.00_ACFep00_aFep02,-0.14268477371486757,-0.09757374677546433,0.11821401519941316,-0.373791953397493,0.18649722403190794,0.6041558345787513,1.135472026357056,0.5549772069579845,0.5694816852836524,0.5570070430079761,0.30298576212442374,0.17134783521717054,0.14983941454645863,0.560455953056634,0.9853222549321602
Mbi2.80Zm0.96T00.2000_iTp0.00_ACFep00_aFep02,-0.14794900940439476,-0.10259933248727239,0.12442958902944568,-0.4065481182402956,0.17498589513555118,0.6430490860767877,1.1602126249069518,0.5833823922678515,0.5882635188007301,0.5643671147566165,0.3048277961478256,0.15994009109942653,0.14475605055004565,0.5824767560183625,1.0122625154727445
Mbi2.80Zm0.96T00.2500_iTp0.00_ACFep00_aFep02,-0.1540020702319297,-0.10804638820970833,0.12489723746622652,-0.4508258258595672,0.15035012532951586,0.6495441285863629,1.1353050351388008,0.6054137348948475,0.5806180094873072,0.5595002057216564,0.30328004144151255,0.14798336769584464,0.14074809040531078,0.589859572529574,1.062019230670542
Mbi2.80Zm0.96T00.3000_iTp0.00_ACFep00_aFep02,-0.16255271725734097,-0.11559458494088565,0.1293192021868659,-0.5668083118083038,0.1303798644769066,0.636998729209848,1.0931095116845493,0.6214719411788342,0.5735432240780505,0.5526254709352986,0.29678393452161683,0.13955948433744833,0.13457182483030317,0.593970603443933,1.1036924466657594
Mbi2.80Zm0.96T00.3500_iTp0.00_ACFep00_aFep02,-0.16779453408323086,-0.12064191012413324,0.13106985008147692,-0.6449030268310336,0.11094041312595437,0.6334260868516389,1.0588414394531431,0.6290930122175977,0.5556909175798578,0.5408716532861827,0.28801166574280856,0.1370987453312264,0.12592627388781855,0.5890423740534578,1.1473909997142329
Mbi2.80Zm0.96T00.4000_iTp0.00_ACFep00_aFep02,-0.1696378469413448,-0.122342709484915,0.1379691701945796,-0.6237640080895813,0.09885811347935436,0.6509347483371843,1.080408210521705,0.6671507149522543,0.5721351088414117,0.5520031432727545,0.2958391857952149,0.14320023762066023,0.12940835417282467,0.6147679655370204,1.186954920709342
Mbi2.80Zm0.96T00.4500_iTp0.00_ACFep00_aFep02,-0.1708850813768155,-0.12365568787874229,0.14478132635222604,-0.6634065242001065,0.098271204546475,0.6716135797552916,1.112743293508842,0.6808448742429335,0.5870219891795481,0.5542344812095635,0.3003146432988146,0.15052088657478713,0.13217620652881834,0.6272323449196704,1.1931496414838276
Mbi2.80Zm0.96T00.5000_iTp0.00_ACFep00_aFep02,-0.1731039890314441,-0.12559387328699662,0.15039224125331513,-0.6869902326607498,0.09919908124348512,0.6933290838981264,1.1471205536199465,0.7009445424308356,0.6097151275797138,0.5653062897489778,0.31333666371197993,0.15571336402667327,0.1402593289653114,0.6470398859505022,1.193075346701972
Mbi2.80Zm0.96T00.6000_iTp0.00_ACFep00_aFep02,-0.17543222106681908,-0.12835666673317103,0.1607167300611559,-0.7028355889601017,0.10331856689533117,0.7352613861309029,1.1850967198410791,0.7439873485671309,0.6458592324269066,0.5868943810299825,0.3252617606654972,0.15797178301927606,0.14080022273604648,0.6842716923233415,1.207033328388859
Mbi2.80Zm0.96T00.7000_iTp0.00_ACFep00_aFep02,-0.17836651747735943,-0.13152179468137992,0.16711844260764488,-0.7072253019346797,0.10024648851112489,0.7609460923583542,1.2066426910580166,0.7853474468601674,0.6735817236580388,0.6140448955823897,0.33058616599150026,0.1495814263232017,0.13492967610453557,0.718264366419475,1.2198372340631543
Mbi2.80Zm0.96T00.8000_iTp0.00_ACFep00_aFep02,-0.17734941676939314,-0.1306061030118639,0.17495887624232292,-0.6401527715178759,0.09346219449833174,0.790248118210847,1.2179422698761024,0.824254584628724,0.702192109373014,0.6325493264393155,0.33935613178341834,0.15678377683361913,0.1342192047267364,0.750141398782515,1.2350775401335752
Mbi2.80Zm0.96T00.9000_iTp0.00_ACFep00_aFep02,-0.17767359561291152,-0.13239323728552102,0.18337939272345247,-0.6481232289797463,0.11569018504069908,0.8307121761680232,1.2685856088270524,0.8546061911311094,0.7287297106339898,0.6521359012993518,0.3480715118871691,0.16149069053030268,0.1409345380020379,0.7774630603085103,1.2377832915030453
Mbi2.80Zm0.96T01.0000_iTp0.00_ACFep00_aFep02,-0.17154566300548404,-0.12797815803341908,0.1881041382716183,-0.5490711184795848,0.13515116821649148,0.8811024478275585,1.337131822042956,0.8796196199900015,0.7670322646179145,0.684760141339017,0.3651044274813886,0.18243801807063248,0.1527551746659688,0.8089706672403276,1.2117705208827165
Mbi2.80Zm0.96T01.2500_iTp0.00_ACFep00_aFep02,-0.14429089093202763,-0.1054041184434723,0.21516146322642196,-0.17133207377443815,0.22218296941371796,1.043138441643207,1.6276099903939492,0.9778056430723402,0.8979753515426869,0.8010273017050911,0.4453144253962325,0.2412362306727329,0.1899698649358749,0.922768870312502,1.1510348629570264
Mbi2.80Zm0.96T01.5000_iTp0.00_ACFep00_aFep02,-0.13488670752835275,-0.09758887905910452,0.2288109954299089,0.03844586202103606,0.2371048507223504,1.1484565031843044,1.7158592764788052,0.9884671803080511,0.9581437132342766,0.856832275372285,0.48296737392356853,0.2768976857991521,0.20179231269153308,0.9586728147715362,1.0892344433349135
Mbi2.80Zm0.96T01.7500_iTp0.00_ACFep00_aFep02,-0.13051256194533944,-0.09374548384079069,0.23938860497956113,0.12996182880579182,0.24663756959068117,1.2042835484515122,1.7505125238548318,1.010851341511844,1.0015092072815823,0.8990185485333401,0.5125573893577122,0.29292456813326867,0.2120864722257486,0.9916492001450841,1.0637585675021133
Mbi2.80Zm0.96T02.0000_iTp0.00_ACFep00_aFep02,-0.11861070261439696,-0.08333164978820973,0.24836587166026608,0.30525610581941237,0.26426191197736365,1.2582670675810985,1.7834187849308234,1.0381752644879585,1.0299115877317175,0.9222680117668022,0.5271621064114641,0.3016591024491541,0.21917949464955205,1.018792384918146,1.0636063042095587
Mbi2.80Zm0.96T02.2500_iTp0.00_ACFep00_aFep02,-0.10642490462623956,-0.07330620060341567,0.26084045778222287,0.4894103827897417,0.291522889078345,1.3247743617907743,1.8674606832771545,1.072668237842892,1.0703173342654575,0.9539211624088042,0.5513043638572934,0.3113528395071315,0.22508137521918414,1.0550526789896475,1.0598239679812833
Mbi2.80Zm0.96T02.5000_iTp0.00_ACFep00_aFep02,-0.0998056186207946,-0.06773206772304692,0.2670689164916234,0.59097003594643,0.30167328658737763,1.3636332012858758,1.9097049161181898,1.0921587909846857,1.0881774616037592,0.9669916732771316,0.5613621897585457,0.3104312898308394,0.22688833409963063,1.0730346807555717,1.0628407876006594
Mbi2.80Zm0.96T02.7500_iTp0.00_ACFep00_aFep02,-0.09769868616434847,-0.06568237784642215,0.26731724593176837,0.6071466088379848,0.2924459666318029,1.3519841086207094,1.8715918323290526,1.0961437390757425,1.0794555465898776,0.9632979935875027,0.5560523704839575,0.3019080966432138,0.2240550886765378,1.0712550275977717,1.0732021435934558
Mbi2.80Zm0.96T03.0000_iTp0.00_ACFep00_aFep02,-0.09515964002494992,-0.06363846178821159,0.27910041205132935,0.6677307969902004,0.30126439401489435,1.390618409629466,1.9193200949841818,1.1195999418870195,1.1015044898397084,0.9813981123736454,0.5682026218197873,0.30654875090858796,0.22743444154445708,1.0934315052659103,1.0750382093692712
Mbi2.80Zm0.96T03.2500_iTp0.00_ACFep00_aFep02,-0.09304441526669953,-0.062082325197367186,0.28985529240853297,0.7206763479505818,0.309182154685102,1.4232703169551224,1.960000460548583,1.1425346550662097,1.1212202360888075,0.997529432667176,0.5789388437424277,0.31164294784727437,0.2309907935010175,1.1142096245566921,1.0784989580548654
Mbi2.80Zm0.96T03.5000_iTp0.00_ACFep00_aFep02,-0.09358544847165846,-0.06269361216717664,0.2983771150713403,0.7308496442223993,0.30663621496858207,1.437987704306674,1.9639767324663868,1.1617576214125067,1.1297960166741459,1.002079729797708,0.5824903780158881,0.3086370721006999,0.23182634223572987,1.1273881450098109,1.0898924323663388
Mbi2.80Zm0.96T03.7500_iTp0.00_ACFep00_aFep02,-0.09068847180845444,-0.06028596038805227,0.30604822512552754,0.7907585969580238,0.31143903028438,1.4635960572585822,1.9846420342041335,1.175973151867251,1.1433115069776751,1.0135127819278835,0.5906732959481424,0.31156567531162355,0.23431140672776163,1.1409489418905605,1.0904672744240813
Mbi2.80Zm0.96T04.0000_iTp0.00_ACFep00_aFep02,-0.0872250675938136,-0.05723457087137881,0.31002674416555126,0.8551885867500947,0.3161330522573111,1.484508551968175,2.005100204517729,1.1836971207128872,1.156806944089247,1.0254699513151582,0.5984456704970825,0.3152406182734547,0.23720365588991335,1.151424920386031,1.0848276157856973
Mbi2.80Zm0.96T04.5000_iTp0.00_ACFep00_aFep02,-0.08109366426021737,-0.05192790365752019,0.3190627765441264,0.9461968349309045,0.3248178383296924,1.524797595051578,2.0375353794345434,1.2088696818871667,1.1822761121507832,1.045032705606889,0.6132273771397556,0.3173845925553586,0.2400658081943233,1.1759094852495076,1.0854980434228136
Mbi2.80Zm0.96T05.0000_iTp0.00_ACFep00_aFep02,-0.07750631354525102,-0.04889905717743019,0.3312305042164098,1.0199440609910004,0.33255947428250876,1.5593995578337994,2.0643720839799156,1.2306776320017088,1.203723029445982,1.0664925485492907,0.6270631655788441,0.32181385085456055,0.2444354502184643,1.1975419792847988,1.0841945090417062
Mbi2.80Zm0.96T05.5000_iTp0.00_ACFep00_aFep02,-0.07582782535572864,-0.04726332871855923,0.3368441770318723,1.0605265052426522,0.33133993104623205,1.5830823268109686,2.0741018097028823,1.2355764301586538,1.2144359007080086,1.0782845605780167,0.635572215439649,0.3238299290942397,0.24774435725572613,1.2055808834539279,1.0778256233344716
Mbi2.80Zm0.96T06.0000_iTp0.00_ACFep00_aFep02,-0.06965540639300732,-0.041837267354646906,0.34319589208359597,1.1504766182488777,0.3409933392766892,1.614655605063224,2.0989741345030866,1.2470306506028068,1.2344107332844534,1.096121683317234,0.6477073607464375,0.3282983945535799,0.2504911239725658,1.221090425944073,1.0701680368996451
Mbi2.80Zm0.96T06.5000_iTp0.00_ACFep00_aFep02,-0.06615822310369042,-0.038964079886720605,0.35287100373323355,1.2258143241834456,0.35262651491558683,1.6482152045337757,2.1340350870710285,1.2637429786545273,1.2580423348615488,1.1158308395691499,0.6622009528361316,0.3345508156020816,0.2542905177971116,1.2407743185231976,1.0647097682104247
Mbi2.80Zm0.96T07.0000_iTp0.00_ACFep00_aFep02,-0.06392004556938377,-0.03712919281341089,0.3601374908693771,1.2872066338608308,0.3605482027194518,1.669996710847299,2.1524822616054187,1.285183420113123,1.2779310003429718,1.134090920477381,0.6743072692116967,0.33922225909857456,0.2572160830592663,1.26119573646119,1.0656482090975519
Mbi2.80Zm0.96T07.5000_iTp0.00_ACFep00_aFep02,-0.062161638630849156,-0.03563457935981544,0.3666652907950083,1.339708468987885,0.36608364483412914,1.68850588662424,2.1702740661199402,1.311988114050946,1.292760316850272,1.1465123186874064,0.6839239268770911,0.34068074224580985,0.2607601589190219,1.2815463285196258,1.0757207660485644
Mbi2.80Zm0.96T08.0000_iTp0.00_ACFep00_aFep02,-0.06046724469372108,-0.03420866309564714,0.37349606733337953,1.3833599561362968,0.3717927695146643,1.7153158359876852,2.198241051982572,1.3226146980025502,1.310068368153453,1.1578330751522927,0.6938839894284594,0.34086804364324624,0.2624620322528567,1.2947347454232145,1.0718537416396274
Mbi2.80Zm0.96T08.5000_iTp0.00_ACFep00_aFep02,-0.0585015200480361,-0.03262168877895618,0.3805418649788649,1.4291256325117976,0.37781470170648657,1.7339987909741863,2.217909015022761,1.339365202635338,1.3219791186343286,1.167381248246781,0.702323172333688,0.3414377826860883,0.26395091879665744,1.3086768844408243,1.0760717656266159
Mbi2.80Zm0.96T09.0000_iTp0.00_ACFep00_aFep02,-0.05574171298172646,-0.030380642610780113,0.38412094376360134,1.4843093689925335,0.38469976468221406,1.7514304733970836,2.2313268440002383,1.3410347457505716,1.333547293282928,1.177407457330623,0.7111987646245116,0.34545343454226346,0.26641684246841985,1.3151822500078991,1.068147281764349
Mbi2.80Zm0.96T09.5000_iTp0.00_ACFep00_aFep02,-0.054311825265699595,-0.029198800477486967,0.39217096061383677,1.5176639076070415,0.38975795024411863,1.772553222732647,2.251055802562241,1.3554175104679431,1.3460550241546287,1.1863735506012991,0.7185916003828184,0.34423658771069954,0.2670283986518796,1.3281056928927426,1.0704487573542536
Mbi2.80Zm0.96T10.0000_iTp0.00_ACFep00_aFep02,-0.05502480764269083,-0.02902145784453635,0.3958523670735527,1.5260764023396063,0.3761256154480728,1.7521849904920395,2.222903717771855,1.35292061833101,1.3332038196819,1.1708354786607558,0.7164127182958137,0.3512210616429868,0.27278682386756664,1.3199283778722324,1.0805905635957591
Mbi2.80Zm0.96T10.5000_iTp0.00_ACFep00_aFep02,-0.05707050843208997,-0.03042217593113815,0.39450505933110913,1.5027394791766437,0.36814768372167694,1.722801532448422,2.1832521748722784,1.3436715091581846,1.3269056700026176,1.166974772110533,0.7136104657265131,0.3382720420533202,0.26803863391561,1.3125375646670454,1.0775749201670997
Mbi2.80Zm0.96T11.0000_iTp0.00_ACFep00_aFep02,-0.06555390977306963,-0.03769133703008559,0.3880449079343359,1.413002756676498,0.3624797367874191,1.6985224526919203,2.155814982478538,1.3656375310352495,1.3244203575051636,1.1689939432322292,0.7145744744740149,0.3318357946639704,0.26670897320428966,1.3225908008811627,1.0953956032347942
Mbi2.80Zm0.96T11.5000_iTp0.00_ACFep00_aFep02,-0.06996691247343693,-0.0412946066586791,0.38714008816359946,1.3634503939896443,0.35617418452367516,1.6817356337179015,2.135576346234945,1.3760776796643648,1.323727676750073,1.1717556126018294,0.7151356755236985,0.32683131255447745,0.2660405576293692,1.327778975438233,1.102854653874876
Mbi2.80Zm0.96T12.0000_iTp0.00_ACFep00_aFep02,-0.07601505193652423,-0.046351568855718284,0.3825176997326237,1.2986063953286626,0.35063570252643766,1.6596608578290692,2.1136302296214273,1.3774424635952665,1.3236287440073602,1.176446033029039,0.7184936528512208,0.3270083134979168,0.2684925040451563,1.3290810500299055,1.1019210115211782
Mbi2.80Zm0.96T12.5000_iTp0.00_ACFep00_aFep02,-0.08044539063445091,-0.05004030564068166,0.38210673910825455,1.2553817678787376,0.3486950242988668,1.6552165385640434,2.113080392020448,1.382847903350969,1.3293710986439755,1.1842512310069724,0.7234067575508948,0.32888368128071366,0.27081251898613035,1.3349636696255833,1.1002829558273355
Mbi2.80Zm0.96T13.0000_iTp0.00_ACFep00_aFep02,-0.08359033829905005,-0.052599898890430305,0.3819222232781997,1.2512555354716008,0.3484120541507093,1.6590010692930095,2.1209729565143607,1.3847605858346717,1.3411242684338551,1.1928704738636884,0.7300374072623685,0.33097730739810916,0.27277771344752,1.3415115148352719,1.0929466922090971
Mbi2.80Zm0.96T13.5000_iTp0.00_ACFep00_aFep02,-0.08331158444416868,-0.05193721114603741,0.3832062496505764,1.2787107423108999,0.35088662014105054,1.6675256099821607,2.1342753610042813,1.3866978202017757,1.3543271859532753,1.201781280127377,0.7367214469149874,0.3345640377791811,0.2746501465543498,1.348633655065881,1.0850070242348013
Mbi2.80Zm0.96T14.0000_iTp0.00_ACFep00_aFep02,-0.08286562924503593,-0.0516402582063482,0.3848676694488251,1.3003599903979355,0.35226157413219095,1.7094970979051536,2.1696317777921355,1.392414629595015,1.3763543928232151,1.218155381478353,0.7496660620653678,0.33666914434394485,0.28075646094574724,1.3619023383102307,1.073354699517251
Mbi2.80Zm0.66T00.0300_iTp0.00_ACFep00_aFep02,-0.12618697696090705,-0.07991335603317118,0.1661054324859792,-0.06479049278490626,0.37212772854538945,0.7420640588224867,1.633290356500402,0.6204998937782842,0.7898873813188948,0.7697500852460443,0.47541484935756634,0.3139224204514744,0.2426237982543426,0.697586111519151,0.7956975990643762
Mbi2.80Zm0.66T00.0400_iTp0.00_ACFep00_aFep02,-0.1288073835310086,-0.08158591222768646,0.13797019521871645,-0.07033219656403028,0.3514897506421353,0.6973010232954225,1.4756002400280717,0.6180161242056637,0.7388726800707207,0.7304586814276433,0.443181261475696,0.28320408928020685,0.2358909670211871,0.6746697219426907,0.8412208987024358
Mbi2.80Zm0.66T00.0500_iTp0.00_ACFep00_aFep02,-0.13444943187786956,-0.08675987708409243,0.1371944571306405,-0.17769738842956773,0.30978642978604,0.6743942020327564,1.3596718295476442,0.6251494342939777,0.7034691912957871,0.698527254292225,0.41884876176236907,0.2713576106297487,0.22938905084788502,0.6625015631888103,0.8917988861687641
Mbi2.80Zm0.66T00.0600_iTp0.00_ACFep00_aFep02,-0.13830006580253784,-0.09082623430287247,0.13282250012283278,-0.25232300600109386,0.2712810127054245,0.6649642094585404,1.2854625666526502,0.6177359220785209,0.6722314735576855,0.6673383478550409,0.39829940351820936,0.2574614650951101,0.2261930708058919,0.6437508714583494,0.9222899951971884
Mbi2.80Zm0.66T00.0700_iTp0.00_ACFep00_aFep02,-0.14059195404360125,-0.09293775457190348,0.1237652302364366,-0.2965380568342246,0.2525385099055568,0.6541591347999212,1.2674898487241932,0.6141665917461088,0.6669077060987505,0.6599875136374741,0.3946426159920525,0.2513010426644306,0.22245684614196018,0.6390636827255933,0.9257198045648243
Mbi2.80Zm0.66T00.0800_iTp0.00_ACFep00_aFep02,-0.14249385874294654,-0.09490772138365612,0.12802591287042883,-0.343792176618704,0.23437963094053416,0.6705699462148497,1.2718022900162171,0.6445098417712819,0.6782564322408309,0.6662054695154066,0.3976465135269587,0.25398592632408534,0.2264082001063335,0.6595211868330484,0.9587625219121114
Mbi2.80Zm0.66T00.0900_iTp0.00_ACFep00_aFep02,-0.1430099666749546,-0.09555114299739112,0.127881319134109,-0.33479677912446015,0.2235049360296827,0.6732043249471634,1.2688280346448453,0.6577005752718909,0.6785097630608514,0.660794773555889,0.39291205922502487,0.24812461454551865,0.2237538096888439,0.6655778970428469,0.9821523892293071
Mbi2.80Zm0.66T00.1000_iTp0.00_ACFep00_aFep02,-0.14528086628758807,-0.09754838256243849,0.12841972880028898,-0.3318899248209456,0.215277274236761,0.6640345864263572,1.2537274137069117,0.6564349714848303,0.6663611400204063,0.6466802002355393,0.3787327984081588,0.23971305330298767,0.21681748417868027,0.6586390240085094,0.9998694654303485
Mbi2.80Zm0.66T00.1500_iTp0.00_ACFep00_aFep02,-0.14906106021091878,-0.10156630972327974,0.12671323170200322,-0.38768599508064305,0.17995226721913918,0.6964053624627475,1.233589204556368,0.6728494042641556,0.6450233782042913,0.614464508643108,0.35890115631302394,0.2135290945085153,0.1940464556588889,0.6544053567560604,1.068449186833154
Mbi2.80Zm0.66T00.2000_iTp0.00_ACFep00_aFep02,-0.15337999545920528,-0.10573197813314306,0.13095657315702822,-0.3872526635955567,0.15803054748819476,0.7317121004227661,1.2310657694042906,0.6805963113288857,0.64191276763082,0.6155473577183093,0.35579530723271247,0.19660873663168088,0.1789570161122117,0.6571598630768438,1.082493667367656
Mbi2.80Zm0.66T00.2500_iTp0.00_ACFep00_aFep02,-0.16266146775346715,-0.11409910287264086,0.13451207068501908,-0.48339847063149516,0.13843632306797996,0.7588498883308228,1.2394493720177238,0.6834567204258514,0.6488361286929564,0.6148886428542517,0.3480638442186556,0.1944370908811603,0.17214354471296406,0.6610256834311711,1.081654385217248
Mbi2.80Zm0.66T00.3000_iTp0.00_ACFep00_aFep02,-0.16781247220478035,-0.11872637301469519,0.14099989250987532,-0.5324434291918088,0.11695605718539762,0.7694771220393848,1.2275955218503158,0.705140835859804,0.6461130502109024,0.6090517770987006,0.34365138175875215,0.1904186529051776,0.16271975459037324,0.6695396474425848,1.1235828482722001
Mbi2.80Zm0.66T00.3500_iTp0.00_ACFep00_aFep02,-0.17424104776912575,-0.1244944337642524,0.1489613924029266,-0.6527790826256974,0.09758266045404458,0.7602997187919667,1.201895061158039,0.7174160387903453,0.6435750314542897,0.6038915028400502,0.341429697588551,0.18609169443968387,0.15400721199780124,0.6736019312303715,1.150196849482891
Mbi2.80Zm0.66T00.4000_iTp0.00_ACFep00_aFep02,-0.1751948948525201,-0.1254643321558623,0.1526527811413312,-0.6671843468092888,0.09687302626132642,0.7813926287636344,1.2251963483132604,0.7326983546003423,0.6650348499202654,0.6238538910046503,0.350435977383553,0.18714496148724863,0.1557650819510936,0.6919692467543122,1.1369458531766719
Mbi2.80Zm0.66T00.4500_iTp0.00_ACFep00_aFep02,-0.17747908511136962,-0.12790460537685022,0.15483538075124048,-0.6885797319764162,0.10162731907250885,0.8150101220080388,1.261422828735709,0.7584033024114185,0.6955631662946934,0.6416992970845163,0.36267325447715626,0.18953954666169792,0.15760838320901926,0.718386561812326,1.1342624550979516
Mbi2.80Zm0.66T00.5000_iTp0.00_ACFep00_aFep02,-0.1776989886727838,-0.1285165809112453,0.15945420632627133,-0.6906257839247095,0.10491902603459397,0.8401584437675006,1.29693605283276,0.7866555694155877,0.7187700310103841,0.6589963928023834,0.36692701893685775,0.19040502947097293,0.15801591011074573,0.7431409648991082,1.1419287853432127
Mbi2.80Zm0.66T00.6000_iTp0.00_ACFep00_aFep02,-0.1784440433249737,-0.1296300561880719,0.17356681155274556,-0.6278754402771094,0.11761986409231337,0.9072538568572965,1.3763635705071164,0.834969171521983,0.7662152732432237,0.6903680231482255,0.3762143129539594,0.19607038277836228,0.15895048424181613,0.7886911306377502,1.146476378783887
Mbi2.80Zm0.66T00.7000_iTp0.00_ACFep00_aFep02,-0.180559416656107,-0.13265253405715266,0.1851744157144489,-0.6539889481323559,0.13019945028933577,0.9320452749563646,1.4036740727119048,0.8820298626814411,0.7908669631979627,0.7104032521397647,0.3805108185468906,0.20252547007848717,0.16087711551061445,0.8232231095301243,1.1750447769764334
Mbi2.80Zm0.66T00.8000_iTp0.00_ACFep00_aFep02,-0.18023287561597978,-0.1332732834171604,0.19561644532768993,-0.695233414198859,0.15661281313997796,0.9578598460174268,1.439296071722853,0.9296304486025905,0.8174453981313556,0.7303211043725717,0.39703375476723574,0.21129879986484054,0.17454535694613652,0.8586291290257103,1.2012541259920846
Mbi2.80Zm0.66T00.9000_iTp0.00_ACFep00_aFep02,-0.1709612760936522,-0.12601238831333408,0.2093826272078315,-0.6074414028330241,0.18313124870271785,0.9880045225476709,1.4709566925384947,0.9776495944593061,0.8413443632203994,0.7609481945680838,0.40960075605940877,0.22043198639049177,0.17969453371149532,0.8947246373230825,1.2203134686073533
Mbi2.80Zm0.66T01.0000_iTp0.00_ACFep00_aFep02,-0.1551668643210535,-0.11223933602225875,0.2235280626447791,-0.35587909269043394,0.19990671628044804,1.042099060052369,1.5385752166119957,1.0240810727846759,0.8745519504744438,0.7968938571125868,0.427934187624166,0.23719773043364203,0.18789811653152083,0.9345288696722432,1.225383519030249
Mbi2.80Zm0.66T01.2500_iTp0.00_ACFep00_aFep02,-0.14056987852988378,-0.09961923024358374,0.24932365434355824,0.05168309309311238,0.27413089827001386,1.301638269061146,1.949465679122676,1.18225139406699,1.0700661098143154,0.9588121203102538,0.5467729983779345,0.32814230366787994,0.24785300158450546,1.108268333256681,1.1654237070643736
Mbi2.80Zm0.66T01.5000_iTp0.00_ACFep00_aFep02,-0.12562355739220554,-0.08679948186543401,0.28975585473423476,0.3699937607478194,0.3212204367951396,1.4628636327043576,2.081201237134298,1.2787805455360217,1.164857439056986,1.0356060496153732,0.6088855868406745,0.36974143333264436,0.27555899890399355,1.2013814822713824,1.1622829027784223
Mbi2.80Zm0.66T01.7500_iTp0.00_ACFep00_aFep02,-0.11248125463466223,-0.07629185885443879,0.3193518713769243,0.6850426033345618,0.3672956621854824,1.6054454061478776,2.2547655699177973,1.4210268738004215,1.2383104163880638,1.1054052508475998,0.6606312164774043,0.3909214301487916,0.29468733000014363,1.306442142791811,1.212627362325462
Mbi2.80Zm0.66T02.0000_iTp0.00_ACFep00_aFep02,-0.10942547383990273,-0.07377621812159248,0.3353084078286349,0.7626144178061439,0.3676717539294131,1.6309129585579734,2.2627070364852293,1.4536026118726277,1.2492047714724543,1.1182612500727975,0.6703130790246548,0.38316621635500114,0.29465681990304493,1.3276114499566858,1.227981815700026
Mbi2.80Zm0.66T02.2500_iTp0.00_ACFep00_aFep02,-0.09986287392071379,-0.06555196444024487,0.34994053225205357,0.9241602134968145,0.38639819009324283,1.6976617819385522,2.3411087438793134,1.4844288874134381,1.2803026785236227,1.1436357279137255,0.6902182216929242,0.3884733659846118,0.29965393219495,1.3578343113907734,1.2248074319637678
Mbi2.80Zm0.66T02.5000_iTp0.00_ACFep00_aFep02,-0.0896174152425621,-0.05700592852580456,0.36357574937644566,1.1141620619745511,0.4111682252948476,1.7669640426616147,2.4139442643085682,1.5293111253912186,1.3143602319483594,1.1710900753531919,0.7112326389916744,0.3955502626599138,0.3078418180813546,1.3959643351653006,1.2306109045097657
Mbi2.80Zm0.66T02.7500_iTp0.00_ACFep00_aFep02,-0.08216444096863784,-0.05073864229165382,0.3803000305785012,1.2491463456164427,0.4323275178354693,1.8192605596550724,2.475293739830718,1.5669169104685257,1.346669921156594,1.198766368348953,0.7305849294732377,0.4025717160736519,0.3133074260853735,1.43011508293425,1.2311578309217084
Mbi2.80Zm0.66T03.0000_iTp0.00_ACFep00_aFep02,-0.08311053849939307,-0.051593922342402586,0.38575737896795204,1.241182053398092,0.42160092451954223,1.8093449176792604,2.45117510860204,1.5715087673999135,1.3375445938112542,1.195401559249083,0.7286146387503603,0.3977794710967777,0.3133310973122155,1.4280815554273303,1.2408544615140729
Mbi2.80Zm0.66T03.2500_iTp0.00_ACFep00_aFep02,-0.07932820133100654,-0.04829588135625589,0.3934348508647821,1.2997473072716919,0.4311906930926907,1.8408578059436476,2.4794296973696732,1.5906795993192426,1.353789653245555,1.2093266227581037,0.7395871198552507,0.3982450911158658,0.31595359224387043,1.4453730149897477,1.2412075208693905
Mbi2.80Zm0.66T03.5000_iTp0.00_ACFep00_aFep02,-0.07656293631680333,-0.046112410361350095,0.4040291250576484,1.3667846920493973,0.43966972173662466,1.863619081966508,2.5007328710399697,1.6181534380391625,1.370371408105842,1.2271332940515411,0.7510435962299019,0.4038643030515572,0.32190682065341214,1.4671647679578381,1.2459291694026111
Mbi2.80Zm0.66T03.7500_iTp0.00_ACFep00_aFep02,-0.07057911791003038,-0.04093249078497581,0.4126927360037115,1.4513091925820918,0.4530949936017654,1.8961175982443157,2.5336368389603745,1.6283807286479033,1.3867772180917577,1.240804612375508,0.7617041592888264,0.4066922832567389,0.3239924308988481,1.4804207452653748,1.2394519628401652
Mbi2.80Zm0.66T04.0000_iTp0.00_ACFep00_aFep02,-0.06726253188538642,-0.03812032356142381,0.4192919666948865,1.4947419810241331,0.4568853176728811,1.9080255912073696,2.5321266071236934,1.6357922060723078,1.3954543106510358,1.248494864847057,0.7659040901820939,0.4075353782820584,0.3234363667459219,1.4884094372173304,1.2373855149951145
Mbi2.80Zm0.66T04.5000_iTp0.00_ACFep00_aFep02,-0.06158060533336668,-0.03342046170967394,0.43153577184406255,1.6119517103044116,0.472407378181621,1.9457615028230797,2.559788627851181,1.6697065534954345,1.416006200052267,1.270417508519413,0.7826631928187167,0.41197413023222684,0.32990703536658994,1.5153380883996193,1.2430701442723535
Mbi2.80Zm0.66T05.0000_iTp0.00_ACFep00_aFep02,-0.05524293360794258,-0.028243634102358143,0.44459044414817356,1.7226627195408288,0.4914536293476209,1.9805909291652497,2.60613710128274,1.6978188510867758,1.439680755736886,1.2859804690500227,0.7980415176640673,0.41555911652887995,0.3331122245642053,1.5398862484851632,1.245803282995678
Mbi2.80Zm0.66T05.5000_iTp0.00_ACFep00_aFep02,-0.05214485157886829,-0.02586664369890142,0.4607574767176035,1.7973207640779214,0.5014052181265656,2.007548839701864,2.6166807981599622,1.7262438915931233,1.4581668387896665,1.3029834494384949,0.8101096482253591,0.4179221105146908,0.3343951454033677,1.5627360533883983,1.2503802483716737
Mbi2.80Zm0.66T06.0000_iTp0.00_ACFep00_aFep02,-0.04947151341009554,-0.02372168646827777,0.47005379860102114,1.8570387521396743,0.5092585371325405,2.0261899622853337,2.6359816322882117,1.7508275824333335,1.4715112105044117,1.3195102828775376,0.8179705186922033,0.4194210594000079,0.3372246924127546,1.581722712282562,1.2546141880919826
Mbi2.80Zm0.66T06.5000_iTp0.00_ACFep00_aFep02,-0.046993922661482564,-0.021797786172359036,0.48392729793905254,1.9246534082316613,0.5203954458055009,2.0591649973872794,2.6637161004820324,1.7783766248591801,1.4923038253215175,1.3315558930027764,0.8288765275696378,0.4238826475218489,0.3372108830394056,1.6043174679119145,1.259536097575333
Mbi2.80Zm0.66T07.0000_iTp0.00_ACFep00_aFep02,-0.045047326582173364,-0.020292869595558934,0.49865242191641346,1.9898728218961619,0.5311816292496474,2.0882855252240495,2.6831254365365234,1.8086013671757537,1.5147787186832726,1.3449454455471848,0.8409759497213907,0.42927432885594796,0.33990659647344085,1.628995355543797,1.2648781933571152
Mbi2.80Zm0.66T07.5000_iTp0.00_ACFep00_aFep02,-0.0440414707450627,-0.019745423043689116,0.5121438322110734,2.03952038752362,0.5382079229328477,2.0974983042334294,2.698500294163236,1.8439800659698002,1.5272550951314925,1.3570985154959263,0.8470934854740791,0.43116347885527695,0.34178327200936387,1.6517789366648428,1.2786088773412831
Mbi2.80Zm0.66T08.0000_iTp0.00_ACFep00_aFep02,-0.04225418392394528,-0.01831935147566972,0.5216959551917285,2.078686172879039,0.5467733383910718,2.1133896529827583,2.7078356789512066,1.8780508995369374,1.544440044632831,1.3693493559494676,0.8520432258681833,0.43248785478541335,0.3436019096060029,1.6758474966405812,1.2890779952467555
Mbi2.80Zm0.66T08.5000_iTp0.00_ACFep00_aFep02,-0.041126917617488115,-0.017324918646420315,0.5273126300887164,2.118055938911237,0.5541178550207033,2.1264911184514346,2.7225885974802058,1.9048719305237156,1.5568223086823432,1.3835824053741619,0.8605566348683781,0.43718369880080027,0.3486707483979868,1.6950360363383936,1.2956528884731684
Mbi2.80Zm0.66T09.0000_iTp0.00_ACFep00_aFep02,-0.040489892715462224,-0.01681475674005565,0.5328848366394606,2.1428634515504994,0.5575157021360777,2.137271034398169,2.725362321780962,1.9148084499465805,1.5652532223098417,1.3921840153055918,0.8646636899542669,0.43840828437062557,0.35013930559183565,1.704221132947763,1.294910624369145
Mbi2.80Zm0.66T09.5000_iTp0.00_ACFep00_aFep02,-0.03956638238618451,-0.01612452328219279,0.5430570090732068,2.1761373987294133,0.5626007567348623,2.1583220104294276,2.7500112060757598,1.940003274767388,1.5763174736436623,1.4046327227643085,0.872000898022251,0.43993455162875283,0.35062741696752264,1.7218599672564439,1.3016005950754104
Mbi2.80Zm0.66T10.0000_iTp0.00_ACFep00_aFep02,-0.038821863221303196,-0.01545592584769788,0.5496379227923082,2.208136282017766,0.5676085885354003,2.172934909994912,2.7620955006311383,1.9600340406156254,1.5893273132622192,1.416612795862318,0.880120943876606,0.4419378770548073,0.3534654371378201,1.737914918032145,1.3041071807558229
Mbi2.80Zm0.66T10.5000_iTp0.00_ACFep00_aFep02,-0.03805291758028334,-0.01485832622440816,0.5578361086919662,2.237191569995386,0.5725338176396513,2.180843815850593,2.7764469570817054,1.982417725844285,1.5992198006823435,1.4254738284466228,0.8835367124191743,0.4441847619176992,0.35450797499210773,1.7532482122479642,1.310822165096549
Mbi2.80Zm0.66T11.0000_iTp0.00_ACFep00_aFep02,-0.03727159251544024,-0.014249147899280962,0.5626469670162944,2.26413706095789,0.5761496433118325,2.1920897199302933,2.7846075929430403,1.99484284907515,1.6066452842913581,1.4312147435766365,0.886764449254926,0.4451541727401767,0.3547457576660173,1.7626732753592667,1.3133211081322624
Mbi2.80Zm0.66T11.5000_iTp0.00_ACFep00_aFep02,-0.03697634729296848,-0.013869388131142432,0.5662518779019473,2.289012544440701,0.5791545341977755,2.202479246945328,2.791815212244341,2.01588057919195,1.6179936593225785,1.4421496351779168,0.8974970725169323,0.44838653937124606,0.3578739588427014,1.778321523284485,1.3175073094222542
Mbi2.80Zm0.66T12.0000_iTp0.00_ACFep00_aFep02,-0.036862099342622114,-0.013619189720285342,0.5711483237534933,2.3077662839653033,0.5811571815520965,2.2071992613165126,2.806598861632918,2.027379186125773,1.6280349315661797,1.450322401190978,0.9024444585066137,0.4501308795771158,0.3588477560592197,1.788788065335849,1.3171824885644012
Mbi2.80Zm0.66T12.5000_iTp0.00_ACFep00_aFep02,-0.03687345409819244,-0.013463266244282209,0.5768739740672059,2.3221095315469973,0.5800859095715345,2.206237576657001,2.810287685132896,2.0500417185080027,1.6313278940869798,1.45050865860778,0.9030426099493996,0.4498569811149175,0.3580997035545493,1.8001382963807557,1.3304026241855331
Mbi2.80Zm0.66T13.0000_iTp0.00_ACFep00_aFep02,-0.03686358331852108,-0.013241930586822315,0.5830575222883921,2.341367358744175,0.5792946928236291,2.214111738597118,2.8139597557796976,2.0603655384261073,1.6394882766918408,1.4551271532980754,0.9099805138117386,0.4521177459563115,0.35977102022787893,1.8087528245935056,1.3315809896500264
Mbi2.80Zm0.66T13.5000_iTp0.00_ACFep00_aFep02,-0.03737208555291954,-0.013695316203619452,0.5863360080794257,2.3565011929660304,0.5789269856755274,2.216878884374453,2.8179102241096547,2.07089741715851,1.6439865024560463,1.4599059063979969,0.9152032838359704,0.4523889723481745,0.3607974075958002,1.8159812865557032,1.3343873719663402
Mbi2.80Zm0.66T14.0000_iTp0.00_ACFep00_aFep02,-0.045456792084651615,-0.020031645911535233,0.5791703141802615,2.248997928459426,0.5539601352628989,2.1581028793358175,2.7529863331607998,2.0622800029587793,1.6182944739121476,1.4425718584082239,0.9079984215408071,0.44105645813746774,0.3567331779184895,1.7988627925335885,1.3475139251804
Mbi2.80Zm0.35T00.0300_iTp0.00_ACFep00_aFep02,-0.1372996144924375,-0.08831057618221111,0.17984957484985548,-0.11534695920838425,0.363459627498515,0.7310031018267719,1.6223640165028064,0.7701363371296215,0.7803399412153457,0.7881765384394845,0.48805433722754865,0.3063403478128079,0.2738106233779689,0.776310513623526,0.9819933001903794
Mbi2.80Zm0.35T00.0400_iTp0.00_ACFep00_aFep02,-0.13847670898660067,-0.08954632333633128,0.16652632580879378,-0.15702430370761802,0.3221752523597486,0.7605024684455358,1.5855109971624313,0.7093874823477204,0.7644618249912398,0.7699328177173639,0.46238361778238174,0.29569943904149143,0.26419911051834466,0.7371474373781266,0.9246480176644359
Mbi2.80Zm0.35T00.0500_iTp0.00_ACFep00_aFep02,-0.14536544545471386,-0.0956741480775837,0.16469623725744062,-0.2645968173493632,0.2752068539520123,0.7321536619491947,1.440543593852151,0.7099399391319918,0.7169999661726242,0.7193583593809537,0.42368357958350833,0.2699387760631061,0.24291906708965139,0.7137896897902412,0.9885276208614285
Mbi2.80Zm0.35T00.0600_iTp0.00_ACFep00_aFep02,-0.14822634208202462,-0.09850669029616199,0.16350030872232185,-0.321950217183958,0.2522967196008281,0.7313286415231075,1.4160959624428515,0.7294686495136238,0.718496118902944,0.719712228778597,0.4234844080847616,0.26765858181813973,0.24339966895415052,0.7241331268937593,1.014413037846097
Mbi2.80Zm0.35T00.0700_iTp0.00_ACFep00_aFep02,-0.1514932344958263,-0.1014958555729742,0.16211612688390054,-0.3952751379184168,0.23121817364114944,0.7299407044338078,1.376617464042621,0.7285415185956768,0.7034883391194805,0.7024576244243472,0.4076267994373199,0.2528710020784412,0.23392220235111671,0.715758482821316,1.036372005022604
Mbi2.80Zm0.35T00.0800_iTp0.00_ACFep00_aFep02,-0.1526359669952989,-0.1027652539681184,0.16165473665895433,-0.38327203986381264,0.21567462127620957,0.7372205011019014,1.3797686485513712,0.7326206494723758,0.7089241710634391,0.7036306735471323,0.40693506713771066,0.25334151991687043,0.23409002389256178,0.7199212536565487,1.0372986964259823
Mbi2.80Zm0.35T00.0900_iTp0.00_ACFep00_aFep02,-0.15475263168093226,-0.10442776176480092,0.15674682513848096,-0.38005776543258435,0.213511622088063,0.7396579324784242,1.374116895922468,0.7205186785540166,0.7089220116617824,0.6910241257864916,0.4021713022635316,0.24932266179050555,0.22685598968793924,0.712166229147427,1.02935200045243
Mbi2.80Zm0.35T00.1000_iTp0.00_ACFep00_aFep02,-0.156465636718727,-0.1060653743758054,0.15293695262779375,-0.41550534489175506,0.19950914561461158,0.7269850438177076,1.3434297189228606,0.7127509262953443,0.691430786865418,0.6704553266674713,0.38884490826936935,0.23783936674115433,0.2173276836200179,0.6990220710217163,1.0467114969641422
Mbi2.80Zm0.35T00.1500_iTp0.00_ACFep00_aFep02,-0.16689706166679974,-0.11578609507240989,0.1478447147768328,-0.4942942652039982,0.15324521527514962,0.7556152438632918,1.293268478301085,0.7405683845194219,0.6778435212758396,0.6530359035348886,0.3693534719998667,0.2267278804314808,0.19616111023604232,0.7048726090846709,1.1129007943371612
Mbi2.80Zm0.35T00.2000_iTp0.00_ACFep00_aFep02,-0.17848966248861484,-0.12619038701211752,0.14106520127150876,-0.6318807657872452,0.11734822710485944,0.7508823975103267,1.2266009039996568,0.7738309051981552,0.6658588478414657,0.6464980484947425,0.36134549630398677,0.23079391792660137,0.1871347944747377,0.7148896412677193,1.1792994837890656
Mbi2.80Zm0.35T00.2500_iTp0.00_ACFep00_aFep02,-0.18716997359952958,-0.13383448927666197,0.1495583308995246,-0.7323449735329894,0.09543370386330016,0.7787344384565289,1.2502921681053714,0.8026541950839488,0.6853150316018014,0.6474191286015818,0.3599171947181463,0.2299494892121137,0.17859969301016596,0.735903621083482,1.2045225807995479
Mbi2.80Zm0.35T00.3000_iTp0.00_ACFep00_aFep02,-0.19353229862762578,-0.13960772621720505,0.1566284514943506,-0.8322165210245025,0.08954151492428603,0.8074851713092233,1.2895600769031879,0.8135199960340612,0.7110888095599218,0.6637684312834293,0.37119666553384195,0.22571551925316766,0.1794463858183967,0.7534627162824068,1.1834246812927864
Mbi2.80Zm0.35T00.3500_iTp0.00_ACFep00_aFep02,-0.19718547376379758,-0.14317684752481108,0.16544141800283801,-0.854519958818815,0.08339275326990134,0.8394653273554966,1.3243796974507749,0.8396203510433856,0.7394339904153703,0.6787023976742104,0.37583042931110855,0.22147043117516305,0.17650205946157363,0.7788236076707439,1.1841179143205915
Mbi2.80Zm0.35T00.4000_iTp0.00_ACFep00_aFep02,-0.20058485047696858,-0.14653219235557702,0.17616511048947092,-0.8684865359206597,0.08329659308222916,0.8786623763187923,1.3458570846722009,0.8688300857397259,0.7638963661321044,0.6903857348918878,0.3733270685419253,0.21627773719513368,0.17135937429442585,0.8036249347990144,1.19485770350603
Mbi2.80Zm0.35T00.4500_iTp0.00_ACFep00_aFep02,-0.1999449227853532,-0.14594887048191335,0.19120382379024156,-0.805215942989477,0.08601632746094805,0.9234117736145515,1.4152864597239119,0.9087189344128027,0.8007968452170461,0.7094144090499196,0.38027855622502227,0.21980670488452758,0.17383856178549092,0.8393138804176742,1.2034328731762518
Mbi2.80Zm0.35T00.5000_iTp0.00_ACFep00_aFep02,-0.20004949526774327,-0.14678011915863204,0.19499342657956883,-0.8115784512559211,0.08349723824052847,0.957931140436088,1.4522351863302017,0.9369461732380178,0.8222134438583583,0.7300491201636085,0.3845201233216928,0.22513049939978777,0.17529282250132275,0.8638234176597542,1.2072006308138457
Mbi2.80Zm0.35T00.6000_iTp0.00_ACFep00_aFep02,-0.2013046505345601,-0.14937931331505092,0.21125161649346427,-0.8883199409925964,0.14239104778969786,1.0427214831269556,1.5589114621673394,0.983335389345674,0.8730479284701378,0.7616847450728665,0.4015957713545423,0.23205590753955788,0.1887724619907346,0.9098554083228241,1.2030534475272487
Mbi2.80Zm0.35T00.7000_iTp0.00_ACFep00_aFep02,-0.18434546750600267,-0.13540318473723734,0.23743718640104766,-0.6405893388324224,0.15848179507715018,1.1010868072123483,1.6061937330725224,1.065648920010623,0.913061502531916,0.8087789067124481,0.40560595796592347,0.24037811809503512,0.1816240229074264,0.9705086223755847,1.2378021961725092
Mbi2.80Zm0.35T00.8000_iTp0.00_ACFep00_aFep02,-0.1723310346861784,-0.12507084365064952,0.2600788456295608,-0.42382067704821136,0.19221076070594734,1.2139035124328694,1.7450852865230888,1.1256197580676157,0.9911284444372688,0.8679427493963976,0.44282155035510806,0.26607919763919746,0.19309024900383734,1.0376940248510673,1.2109485228980708
Mbi2.80Zm0.35T00.9000_iTp0.00_ACFep00_aFep02,-0.1612592700295776,-0.11561646718779592,0.2829122360585003,-0.2785796569234263,0.22211274794976438,1.3121839546193346,1.8669599544036986,1.1886085921614025,1.0522758758317283,0.914747429225173,0.4749872933790948,0.28946879263911757,0.20697361612988688,1.097712735287731,1.2085353428255583
Mbi2.80Zm0.35T01.0000_iTp0.00_ACFep00_aFep02,-0.14924083551117523,-0.10536063293097658,0.30187390214272325,-0.061861716667937966,0.25815539432922746,1.4147662919793047,1.9919163561890676,1.2394674119223466,1.115946541128618,0.9633034326821985,0.5043282513284132,0.3098631901255174,0.21552269299154725,1.1533448949796847,1.19222549239779
Mbi2.80Zm0.35T01.2500_iTp0.00_ACFep00_aFep02,-0.11576149708214724,-0.07632766646674446,0.38158656103515637,0.5663795610926345,0.37322813101122454,1.6798974564052966,2.3895587334603348,1.4702779330997833,1.3252217346169528,1.1388195482702963,0.6415792745993163,0.40964592634467495,0.2786116900633286,1.3681032954118453,1.1933874187180662
Mbi2.80Zm0.35T01.5000_iTp0.00_ACFep00_aFep02,-0.090598836578976,-0.05294511786686235,0.4933944826895745,1.1445695744517188,0.5188939145125291,1.9999734271179055,2.896762083956779,1.8592027763389802,1.5733820837723544,1.3580545714279155,0.8327621539229282,0.5091636701956267,0.36637268908289017,1.6772423307128719,1.2684584352459516
Mbi2.80Zm0.35T01.7500_iTp0.00_ACFep00_aFep02,-0.07992824813932876,-0.0447635462956652,0.511189581052255,1.2005434116080762,0.5059968516439481,2.0164948859831386,2.839944385331054,1.828778237890299,1.559566337844096,1.3270289390083128,0.7932139877556824,0.48245442840789116,0.3384471184626949,1.6531873352827664,1.2670832330082857
Mbi2.80Zm0.35T02.0000_iTp0.00_ACFep00_aFep02,-0.0591193114608332,-0.02669292350204206,0.574394748537576,1.6101273606910476,0.605014135083751,2.2573470489245695,3.1820778875197098,1.944718745462423,1.692210101411522,1.4402727278696252,0.869486045810361,0.5286563932561219,0.37303408124216875,1.7758624530726461,1.2416468670053038
Mbi2.80Zm0.35T02.2500_iTp0.00_ACFep00_aFep02,-0.056941552009029874,-0.025208897880982045,0.58085753236732,1.628135625639768,0.6002814429478405,2.234788956293562,3.1244594414653344,1.9870770237773099,1.6760064175965852,1.4286713378616105,0.8668735312322644,0.5157970688094626,0.36474668094669593,1.7868243240333266,1.2800536353790137
Mbi2.80Zm0.35T02.5000_iTp0.00_ACFep00_aFep02,-0.05248903024397775,-0.021720129341102942,0.5914829331067015,1.7259969596860474,0.6061037017999438,2.2407107397534327,3.1163965422314446,2.0287696879074257,1.6774562885018227,1.4316722913734417,0.8717910605227461,0.5180897575704773,0.3644024453048989,1.806530795868449,1.3050407120755476
Mbi2.80Zm0.35T02.7500_iTp0.00_ACFep00_aFep02,-0.04865848700824716,-0.01845976916620755,0.6093671179525696,1.8190794076833183,0.609092841734177,2.2400065297718244,3.111437790514802,2.0965513544059036,1.6867792214424209,1.441825082962964,0.8820859694473249,0.5240237561328563,0.3695249789775293,1.8419073702756719,1.3402470561417765
Mbi2.80Zm0.35T03.0000_iTp0.00_ACFep00_aFep02,-0.04610531351133886,-0.016302902706915076,0.6226570056088389,1.8878182848009468,0.6083449459010444,2.2303499269177287,3.082094461655315,2.1596497799842402,1.6957772113528566,1.4463866755925712,0.8875892850035241,0.5249670365257841,0.3698362084494297,1.8738937912829337,1.3746258041834267
Mbi2.80Zm0.35T03.2500_iTp0.00_ACFep00_aFep02,-0.044315784419599116,-0.015063025187433776,0.6455405512127936,1.954742372732264,0.6192527114328288,2.2558831433920563,3.113358980513711,2.211655614606853,1.7142315553136476,1.4623600278287736,0.8984638878854485,0.5312489613092156,0.3735007682048981,1.906650199231007,1.392470864900415
Mbi2.80Zm0.35T03.5000_iTp0.00_ACFep00_aFep02,-0.042972522781966484,-0.014171414654641916,0.6662010678049698,2.016948074677111,0.6277272851890886,2.273497154716772,3.1379957359676642,2.2521949468784332,1.7338639802728963,1.4747162055017995,0.9093985502896093,0.5363631789798611,0.3771455511030457,1.9343157261604305,1.4038576669291822
Mbi2.80Zm0.35T03.7500_iTp0.00_ACFep00_aFep02,-0.04274368329151943,-0.014230458934116164,0.6737870658180792,2.042421364921612,0.6239761485012907,2.2581649296285864,3.102831931060204,2.2778766957410026,1.7280549542424124,1.4689657977139974,0.9078418785184819,0.5323400680160238,0.3735116763661187,1.9419185427642172,1.42499963088889
Mbi2.80Zm0.35T04.0000_iTp0.00_ACFep00_aFep02,-0.04121588803964847,-0.013020230958815535,0.6885239093155177,2.1003958909307463,0.6345223659794723,2.2791276107717993,3.1256592542690935,2.315579147125954,1.7449271272733162,1.4840754583569185,0.9189645847204516,0.536351656287738,0.37711450841520355,1.9675849453984087,1.4342380259655327
Mbi2.80Zm0.35T04.5000_iTp0.00_ACFep00_aFep02,-0.03809610603603724,-0.010687226401864243,0.7159630420599573,2.210311598276558,0.654092763250405,2.318562349421125,3.1724143780423093,2.387495553976283,1.7723519521028555,1.5059454423733742,0.9327542913451284,0.5427055942319919,0.37859758133207105,2.013303252274356,1.456546046126929
Mbi2.80Zm0.35T05.0000_iTp0.00_ACFep00_aFep02,-0.037445640586466065,-0.010408982821787358,0.7331210764938803,2.263728430642169,0.6586051019932522,2.3322655098769065,3.170948127530605,2.428894843304077,1.7839658465881587,1.517111054992939,0.9389890322151576,0.54229447949545,0.37929548810171604,2.0375426429373005,1.471577255374283
Mbi2.80Zm0.35T05.5000_iTp0.00_ACFep00_aFep02,-0.035342763681506774,-0.008683248463501271,0.7579827089232158,2.3514018185997236,0.6719592945446065,2.3670082019102523,3.211350733687063,2.496083367770858,1.8106667913339078,1.537264490803435,0.9554399205451223,0.5501566825285532,0.38472008751145914,2.0805031796672555,1.4911198333660785
Mbi2.80Zm0.35T06.0000_iTp0.00_ACFep00_aFep02,-0.033280371374784644,-0.007051626535964306,0.779083983630461,2.4495763027847675,0.6861472637678503,2.4065292917229106,3.245788541785113,2.552039402243211,1.8343402191288998,1.558633301497596,0.9699553087691002,0.5566781734279798,0.3900183234269855,2.1176157204511603,1.5043084696823625
Mbi2.80Zm0.35T06.5000_iTp0.00_ACFep00_aFep02,-0.03226139255760623,-0.006403798579367986,0.8028379399987615,2.5199685416736313,0.6944929193489384,2.433492587638073,3.258996778236664,2.598680639800704,1.8526105517432485,1.574567621489506,0.9832081718449233,0.5584936379484985,0.39455684996365126,2.1475638839248066,1.516513299540214
Mbi2.80Zm0.35T07.0000_iTp0.00_ACFep00_aFep02,-0.030334354910019054,-0.004764322784741445,0.8232493030164496,2.590460121706166,0.7054378631915719,2.461377554507812,3.2920812566960334,2.6468404777400445,1.872644859829275,1.5910108741185753,0.9957797531824165,0.5647245835578459,0.39864251529561173,2.1789605205482228,1.5283507837097854
Mbi2.80Zm0.35T07.5000_iTp0.00_ACFep00_aFep02,-0.028875008438189888,-0.003513058415377658,0.8450793549807087,2.6525238298829192,0.7164006774721956,2.4917392827382914,3.3206138415888002,2.6864969686031626,1.8934000038134464,1.6093196449672145,1.0103021720056675,0.5698611283387955,0.4025785651741405,2.207469747061466,1.5339491811960255
Mbi2.80Zm0.35T08.0000_iTp0.00_ACFep00_aFep02,-0.027816080200472312,-0.0027310422213310988,0.8712363669751018,2.7145248480419366,0.7271053732206163,2.5158855978633974,3.34569218235686,2.7329199598779095,1.9136933271478123,1.6273105826615475,1.0209444981093694,0.5723298177973198,0.4072429541010282,2.2384873414088156,1.5435848304528104
Mbi2.80Zm0.35T08.5000_iTp0.00_ACFep00_aFep02,-0.026805064749012855,-0.001909164004433846,0.8942874628121639,2.764050809755649,0.7354547945514152,2.5330311725606527,3.362721378741286,2.7873723600532463,1.9306476815142544,1.6428537132772345,1.0320400930479332,0.5758248987314565,0.4095970069469748,2.270863509277169,1.5600230989784671
Mbi2.80Zm0.35T09.0000_iTp0.00_ACFep00_aFep02,-0.025849447038049825,-0.0011030333289981766,0.9131684132614997,2.8019824732206473,0.7418014898263272,2.550561477932298,3.3771087932094797,2.824579635288706,1.943820232472216,1.6529677888923082,1.0405463701355144,0.5778688249525121,0.41167693200653643,2.293565999569327,1.5706122343107318
Mbi2.80Zm0.35T09.5000_iTp0.00_ACFep00_aFep02,-0.024005052953269504,0.0006832646424918702,0.9248603836860119,2.846578813718816,0.755384194834771,2.5683677043676276,3.404554398288256,2.8484797814890515,1.9614850090064553,1.6633864156165585,1.0522287336503824,0.5816974521851322,0.4140869508335168,2.3128974472128143,1.571630796137986
Mbi2.80Zm0.35T10.0000_iTp0.00_ACFep00_aFep02,-0.022389042592601636,0.0022444304836591504,0.9360044881378502,2.879090823837784,0.7621192562364383,2.587788121222685,3.426333285778238,2.865687014719891,1.972497829291829,1.6728168868556905,1.0592236342941137,0.5822986112892353,0.4162822594538682,2.3263919953613263,1.5722576720335615
Mbi2.80Zm0.35T10.5000_iTp0.00_ACFep00_aFep02,-0.02130793295305946,0.003261311060671352,0.9470503461500183,2.931103987034438,0.7686878238169907,2.6142108307935987,3.4444393606479666,2.888164823196866,1.9865080785755604,1.6899027452699995,1.0678883776177854,0.5850130459824309,0.4210518846966839,2.344675271403512,1.571187204903188
Mbi2.80Zm0.35T11.0000_iTp0.00_ACFep00_aFep02,-0.020814218832704248,0.003629028400554044,0.9632723240302175,2.981815400306331,0.7757563464115469,2.630070390400686,3.4558711542542553,2.923164035905079,1.9980206954934703,1.702264474399495,1.0752796099713056,0.5869339046261334,0.423058047241461,2.366108605784903,1.579966895356681
Mbi2.80Zm0.35T11.5000_iTp0.00_ACFep00_aFep02,-0.020897784129912358,0.0035373577536225525,0.9748171338897668,3.0090429333673723,0.7804626404842596,2.642812962151956,3.466766431229861,2.938503431390064,2.0053645417143433,1.708484779245217,1.080580060522767,0.5879496214243263,0.42258701863528453,2.376658067710275,1.582457002122441
Mbi2.80Zm0.35T12.0000_iTp0.00_ACFep00_aFep02,-0.020955102320736434,0.0034151392589846863,0.9786190705369723,3.052337962648899,0.787498699872951,2.656781594669859,3.4744113097397125,2.951093006903939,2.0146219176201487,1.7171815634902559,1.086849247780895,0.5882137328034602,0.4244015902027729,2.3873751047776244,1.581590789462384
Mbi2.80Zm0.35T12.5000_iTp0.00_ACFep00_aFep02,-0.02066848891824347,0.003548726437198243,0.9830001110739505,3.092716009026036,0.7938007674355491,2.6721268182480844,3.480871937581297,2.9676041979008674,2.020056453164669,1.7254198456677148,1.0917343414717,0.5874330779684916,0.42527318317905605,2.3978961314232325,1.5846338148373758
Mbi2.80Zm0.35T13.0000_iTp0.00_ACFep00_aFep02,-0.02089592463241189,0.003262489627330672,0.997399124513953,3.1264164793836597,0.7979184810236983,2.6895578675206826,3.491349822745991,2.987722572033311,2.0289694491870636,1.735800275622199,1.0982092114296642,0.587553299577764,0.4270610534487201,2.4117925983099453,1.5872007004012338
Mbi2.80Zm0.35T13.5000_iTp0.00_ACFep00_aFep02,-0.02080344409735571,0.0033302297153886464,1.0074805769805157,3.1648944090940176,0.8055478407003305,2.7100385167020242,3.5129013073319566,3.0069616745846512,2.0400846407287,1.7473007067093298,1.1062970110362664,0.5890625555452713,0.4317059801666364,2.426509243417691,1.5878826149120027
Mbi2.80Zm0.35T14.0000_iTp0.00_ACFep00_aFep02,-0.021268621489267593,0.0030622570465218737,1.0047758893871732,3.165637641290733,0.8029532024999786,2.7086092230586387,3.5009889289180873,3.004328713304504,2.035543888165825,1.74635537401632,1.1056746205523353,0.5849225703581233,0.4299944253305489,2.4232569179835757,1.5887936219491023
Mbi2.80Zm0.25T00.0300_iTp0.00_ACFep00_aFep02,-0.13722757958735193,-0.08808748122999743,0.15536037581217194,-0.1723017354795059,0.2976217627437205,0.6327003109183286,1.3787159781404517,0.6900679566744572,0.654655108621059,0.6636200127148462,0.39418705605386717,0.2424011476418354,0.24170294385531735,0.6734156986487382,1.0469255552288061
Mbi2.80Zm0.25T00.0400_iTp0.00_ACFep00_aFep02,-0.1427423756357699,-0.09330002658159718,0.16064457655051897,-0.2603543979828525,0.27150148133025553,0.669124465081086,1.36149510591099,0.697245295708707,0.6682641799765954,0.6807408968315979,0.4031628038604284,0.25424769948272263,0.2441209547241448,0.6843828378740725,1.0337178231507043
Mbi2.80Zm0.25T00.0500_iTp0.00_ACFep00_aFep02,-0.1456879099827328,-0.09574216213831305,0.16341684326862987,-0.29285665634527036,0.2566438548359027,0.6957599799843218,1.3836849327136964,0.7016361745364424,0.6865598423414787,0.6947119668944279,0.41291614702511187,0.2551221267252427,0.249248046930534,0.6952098765889387,1.0159277411512138
Mbi2.80Zm0.25T00.0600_iTp0.00_ACFep00_aFep02,-0.15029987949828688,-0.100130658814803,0.17049080289763957,-0.34644147355849314,0.2398885352770134,0.7317036221722503,1.4288298708248788,0.7298078122799886,0.7135621320458613,0.7220320121490075,0.4294964932269887,0.26304727945484935,0.25973903276595006,0.7228374687447882,1.0167327795688248
Mbi2.80Zm0.25T00.0700_iTp0.00_ACFep00_aFep02,-0.15362195591939046,-0.10319812628657826,0.16695740933271666,-0.3718624794087282,0.22406680363138262,0.7412180509189308,1.4119928339122572,0.7297825655888662,0.7151452697113654,0.713273637188014,0.42096940657838483,0.2590751418784038,0.24971574579688952,0.7221621022727358,1.021804684975755
Mbi2.80Zm0.25T00.0800_iTp0.00_ACFep00_aFep02,-0.1555701446998463,-0.10499190030455961,0.17346403373615643,-0.3600600348791352,0.20789074525741474,0.7425083559200261,1.3934856677360061,0.7499671685293401,0.7111927282731074,0.7039177724700095,0.4107411743201783,0.255195773145367,0.2377913089858298,0.7292760265223914,1.0599414930996693
Mbi2.80Zm0.25T00.0900_iTp0.00_ACFep00_aFep02,-0.15641882836147614,-0.10583179207105815,0.17159783500360642,-0.36317255152892336,0.2081298343918552,0.7680576805779908,1.4298259402346782,0.7475120993067521,0.7289874822154826,0.712501411961601,0.4181151512149212,0.25957111484945394,0.23815653265178766,0.73585078164224,1.0371388948278946
Mbi2.80Zm0.25T00.1000_iTp0.00_ACFep00_aFep02,-0.1595657529115985,-0.10878923442872494,0.16613391817952267,-0.44431583109046247,0.19135820404293497,0.7614513319200573,1.4005858433307605,0.7465595439271752,0.7158584666963407,0.6994833403297848,0.40692165474059666,0.2505462716175374,0.2312175752904405,0.7287029356940156,1.0549530017711044
Mbi2.80Zm0.25T00.1500_iTp0.00_ACFep00_aFep02,-0.17205568124746246,-0.1199071021491962,0.15414202013418077,-0.5087964390680638,0.14562941771038124,0.7720330459565355,1.3327698449464032,0.7699966357479872,0.6934882304051329,0.6796700635848942,0.38606849737637894,0.2492525184934511,0.20857675412860713,0.7287005012986588,1.1214972652724324
Mbi2.80Zm0.25T00.2000_iTp0.00_ACFep00_aFep02,-0.1829610746774849,-0.1295117100163931,0.15296424089276256,-0.6104259665166558,0.11008764479706754,0.7907496010252683,1.3118876925228065,0.8228261054119025,0.6986713292898911,0.6724336541013485,0.379954351207013,0.2575311816758696,0.19608852661443657,0.7542148742216847,1.2002379327318253
Mbi2.80Zm0.25T00.2500_iTp0.00_ACFep00_aFep02,-0.18835758489985582,-0.1337410292140005,0.16471072515244475,-0.699249076144463,0.09447023480906314,0.8104083777595248,1.3237744179774649,0.8402536285286383,0.7365335316631922,0.6746862893202911,0.38779766610149824,0.2536017385370506,0.19238321401098518,0.7773828586809324,1.1908189157137306
Mbi2.80Zm0.25T00.3000_iTp0.00_ACFep00_aFep02,-0.19196716783082624,-0.13753690346827158,0.17131446942807768,-0.7281095949236077,0.09672596774978867,0.8599615710328599,1.4067537800298753,0.8873766847055744,0.7708829889191245,0.7030104733328072,0.4034998743642388,0.25685990658135127,0.1929859769103545,0.816822878230749,1.204125952699145
Mbi2.80Zm0.25T00.3500_iTp0.00_ACFep00_aFep02,-0.19838014712856794,-0.14345180885982792,0.18742344704641947,-0.7922777798575429,0.08882909025244044,0.8958666893291268,1.4199674875503983,0.9189598183819125,0.8030023115554064,0.7250515533916687,0.40161323950601396,0.2462889875882501,0.18907707523873246,0.847271766500599,1.2027845869343632
Mbi2.80Zm0.25T00.4000_iTp0.00_ACFep00_aFep02,-0.20163954977353957,-0.1466419535472795,0.19757427618296153,-0.8244533715571796,0.08298516397939401,0.9313168289841086,1.4405441021555836,0.9418425907771104,0.8241265573441025,0.7358431948159211,0.40164409211962787,0.23694682204802495,0.1869502301853451,0.8677071875057243,1.2075139142576081
Mbi2.80Zm0.25T00.4500_iTp0.00_ACFep00_aFep02,-0.20064503368517111,-0.14622177323104957,0.20970268412679408,-0.7850565500461539,0.08921202740421932,0.9842313863168348,1.5355000072646379,0.9744003966061777,0.8630522728267934,0.7662075327871697,0.40693334497542244,0.2476408141424541,0.18824817728086385,0.9025165494688825,1.1961264781082461
Mbi2.80Zm0.25T00.5000_iTp0.00_ACFep00_aFep02,-0.20443873788627467,-0.1504536513409439,0.21770086452745196,-0.8290142739335218,0.11851478689607772,1.0303420875320892,1.5689213902594437,0.9960140031498806,0.8938078829763354,0.7810129316468931,0.41365595158888635,0.2505208229630718,0.19517138808587997,0.9267084057500151,1.1893976889389761
Mbi2.80Zm0.25T00.6000_iTp0.00_ACFep00_aFep02,-0.1916214783194416,-0.14039481391810824,0.2416568133159141,-0.6991580972873312,0.1680366110709944,1.153417893939894,1.7230695886213336,1.0819703635540885,0.9772782994764547,0.8425451718720928,0.44623037607515564,0.26671734391365726,0.2147368098343141,1.0082502301919585,1.1890937561678043
Mbi2.80Zm0.25T00.7000_iTp0.00_ACFep00_aFep02,-0.17728004060679717,-0.12812658107270028,0.275711732442367,-0.48548167339669945,0.1890173071162612,1.2489127933564796,1.8292186779102715,1.1639710044113474,1.035624960177996,0.8989092522668626,0.4605536749006622,0.28129403898338207,0.20778306249064588,1.0774414840408397,1.2033604750161788
Mbi2.80Zm0.25T00.8000_iTp0.00_ACFep00_aFep02,-0.1666665467766942,-0.11926322934221084,0.3033113599368651,-0.336334867906182,0.22114982945950132,1.3458846606291814,1.9600248185168916,1.2356920873361785,1.099895454283729,0.9460904516709611,0.49384371015679535,0.3049980480951361,0.21756477149544257,1.1427670518672939,1.207918474648128
Mbi2.80Zm0.25T00.9000_iTp0.00_ACFep00_aFep02,-0.1551763684585186,-0.10930336587173259,0.3375024854240219,-0.13418709395328737,0.26277471213500797,1.4620656067464277,2.112992808975887,1.3244843026656172,1.187183938903348,1.0091821091388022,0.5358291545656992,0.33439155321580527,0.232502175960363,1.2273522376363397,1.2060688188530944
Mbi2.80Zm0.25T01.0000_iTp0.00_ACFep00_aFep02,-0.1382717165714185,-0.09459098976603589,0.3659970414298795,0.15526148395530553,0.31554243276988403,1.5891212237238455,2.297919722099838,1.4009781181003578,1.2816729280490478,1.084987772949655,0.5923432626339274,0.37900675855178134,0.2580522083354094,1.3108933134288585,1.183928154559005
Mbi2.80Zm0.25T01.2500_iTp0.00_ACFep00_aFep02,-0.10708678298223627,-0.06707484010856357,0.455376419830704,0.7229977760415685,0.4349382187175643,1.865115340049907,2.6856889238257717,1.640662691863741,1.487458481656748,1.257216147238907,0.7277836148476383,0.46447419091642445,0.32126393485919774,1.5279553770525378,1.1955243616791669
Mbi2.80Zm0.25T01.5000_iTp0.00_ACFep00_aFep02,-0.08097881229551085,-0.04420982493889016,0.5306358692165584,1.1593476115850025,0.5356817958868936,2.120584945516822,3.022936952475183,1.7816219997805725,1.630898965070127,1.3766099701903185,0.8167019565391749,0.5125350786507757,0.3538425296300555,1.6669710113454037,1.1847825147866347
Mbi2.80Zm0.25T01.7500_iTp0.00_ACFep00_aFep02,-0.06411160254438304,-0.029544804348343518,0.6069179842086619,1.5619343595544408,0.6068567137240348,2.258930636596015,3.221755839055782,1.9566640667465225,1.728986709726469,1.4687684075295275,0.8800258334655477,0.5485401713143121,0.3826785345036149,1.8001337234791448,1.2237735505059824
Mbi2.80Zm0.25T02.0000_iTp0.00_ACFep00_aFep02,-0.052245738787957796,-0.019658941344018084,0.672158498118372,1.8134310810684497,0.6649306139410511,2.3974709232048976,3.411891058906387,2.117105474396002,1.8139158930987431,1.5474790092155508,0.9349535690859995,0.583307051799253,0.40699696367816957,1.9189346709690847,1.25965888324421
Mbi2.80Zm0.25T02.2500_iTp0.00_ACFep00_aFep02,-0.04609214894924907,-0.01434846852685464,0.7062742432729127,1.958997429086661,0.6763042527385937,2.4341699070843843,3.4438408826221596,2.2321683385766247,1.8473078307536601,1.576668203293864,0.9606480332649596,0.5900365341789111,0.4184516435702743,1.988554840403102,1.3038457725055692
Mbi2.80Zm0.25T02.5000_iTp0.00_ACFep00_aFep02,-0.04897288884401565,-0.01747144623581464,0.7076295050319104,1.8852239290007158,0.6272650760353979,2.308568945679326,3.2301012272971743,2.287588465172579,1.7940571954257485,1.5193488253238399,0.9284946670433757,0.563250582385939,0.39660724869785363,1.9819452642469706,1.3808078157925605
Mbi2.80Zm0.25T02.7500_iTp0.00_ACFep00_aFep02,-0.0443799159105683,-0.013889633335585712,0.7362704627413149,2.0236029258569452,0.6476413518543989,2.344582821403339,3.2748026052213555,2.353460612958363,1.8193088887398516,1.545025931080164,0.9434215477720563,0.5736642054691072,0.4028663042607035,2.0250747773625806,1.3990644445336553
Mbi2.80Zm0.25T03.0000_iTp0.00_ACFep00_aFep02,-0.0412776592781226,-0.011459987950061102,0.7569938743613809,2.1604963820156486,0.6623592193809597,2.36127777206256,3.2884813163200217,2.4153476368543108,1.839367348692598,1.5614476770820716,0.9579797823839563,0.5799304610955188,0.4061942617573774,2.0627058066517625,1.420452226039033
Mbi2.80Zm0.25T03.2500_iTp0.00_ACFep00_aFep02,-0.038188117741125134,-0.008993400417472652,0.7808673081023809,2.26435227318224,0.6804792358668948,2.396609688718025,3.3348488037685193,2.4763624918441023,1.865751287985799,1.5819447760633287,0.9739822727827957,0.5894577068153187,0.4121093805537676,2.103209529357311,1.4365317857721787
Mbi2.80Zm0.25T03.5000_iTp0.00_ACFep00_aFep02,-0.03670615815335489,-0.008029072096458041,0.7924833651271683,2.3259497979898653,0.6898294974544069,2.411717167527489,3.3496655843542564,2.518719717531929,1.8816978960685773,1.5919427805907673,0.9854132458189927,0.5923045732371581,0.4156215366175393,2.129582648064065,1.4501901330532676
Mbi2.80Zm0.25T03.7500_iTp0.00_ACFep00_aFep02,-0.03632151804821902,-0.007954448477098171,0.8080261876084747,2.3644282260946294,0.6971662238847847,2.4267162139003977,3.3585122060276436,2.554302512757968,1.8920610758439307,1.599326090406026,0.9926124974218162,0.5927740866583433,0.4169530502381462,2.1502397358979204,1.4632020976931663
Mbi2.80Zm0.25T04.0000_iTp0.00_ACFep00_aFep02,-0.03509648336839206,-0.007086462844823402,0.8218767234711295,2.4151206150249793,0.7028525318385613,2.433354241945019,3.3592673383648046,2.58400705987414,1.8989064211865123,1.6022145444134885,0.9954439290189308,0.5929381303426944,0.4152725960137946,2.166131229915081,1.4761027026847149
Mbi2.80Zm0.25T04.5000_iTp0.00_ACFep00_aFep02,-0.0325972403375817,-0.0050353160343598186,0.8478971416682626,2.5271533142106697,0.7220243082308162,2.4653924679096395,3.393954098092663,2.653673435051973,1.9245039189652304,1.6285828581585315,1.012663994517334,0.5989106592178172,0.4223109783949939,2.2106847638660763,1.4937284685178065
Mbi2.80Zm0.25T05.0000_iTp0.00_ACFep00_aFep02,-0.030989524256522093,-0.003953700805778099,0.8726829419415134,2.6126900992304103,0.73444038864279,2.4965390358690263,3.4240746400481212,2.716843963880875,1.9448773724333608,1.6422902056746087,1.027163250584679,0.6018280361778351,0.42593394793469047,2.24805368193651,1.5147572031267402
Mbi2.80Zm0.25T05.5000_iTp0.00_ACFep00_aFep02,-0.02959581181522432,-0.002716640277163415,0.8905119530868929,2.6754371234304024,0.7416883952363169,2.5202509322610993,3.4354233345194305,2.758516260863714,1.9604492369668283,1.657353301146477,1.037300179777056,0.6036000679456719,0.4279221364816434,2.274604246864376,1.5249678398989064
Mbi2.80Zm0.25T06.0000_iTp0.00_ACFep00_aFep02,-0.028210766161963823,-0.001535134085146511,0.9260197283713654,2.7479842779105077,0.7575815396139457,2.5531709950935775,3.477244550455454,2.824168678512166,1.9851398315595996,1.6814494826736928,1.05536364784639,0.6094278554385172,0.4346262435290344,2.3165105997591153,1.5404881411447182
Mbi2.80Zm0.25T06.5000_iTp0.00_ACFep00_aFep02,-0.02649645039384078,-6.573701571788649e-05,0.9576292049184377,2.8262847618800673,0.7735480294191204,2.5844928539216636,3.512649294595508,2.880989981925065,2.011754932386177,1.7040267320032323,1.0701071726421896,0.6145877889346585,0.4401342462868245,2.3553361723550985,1.5506777535049168
Mbi2.80Zm0.25T07.0000_iTp0.00_ACFep00_aFep02,-0.025425829849501945,0.0007780239608544258,0.9802177865471543,2.8758065009284315,0.7801675226617628,2.5972375303183854,3.5168716263604445,2.936559609248229,2.0244457816135037,1.715506270306739,1.0766110500625092,0.6161742041151538,0.4408075132362582,2.3855574426179644,1.5703728649357847
Mbi2.80Zm0.25T07.5000_iTp0.00_ACFep00_aFep02,-0.02396094825661236,0.002187588885427266,1.0040430245706256,2.9338661716693575,0.7917158624966246,2.619845685022449,3.5391518084485973,2.9736237536559518,2.0467038614875426,1.7298003208060595,1.0875163184644052,0.6215993686051124,0.4432818171787093,2.4129377713248306,1.5748023092880394
Mbi2.80Zm0.25T08.0000_iTp0.00_ACFep00_aFep02,-0.022744002910313928,0.0032905888469454726,1.0251273570955848,2.9856730865431524,0.8016486477228835,2.641636778405671,3.5656572412573952,3.0164616279158465,2.0648556976989294,1.74625446472802,1.0990202990527898,0.6257680096189631,0.4473802181921877,2.441201431469854,1.5829831725435806
Mbi2.80Zm0.25T08.5000_iTp0.00_ACFep00_aFep02,-0.02185667510587581,0.003952992609128488,1.0468199062438928,3.0332717036756858,0.8088931727305393,2.659749890432065,3.581393361028459,3.0564763573501907,2.0759781006187783,1.7577335893581598,1.1068027111943992,0.628176071500389,0.449324705262729,2.464309248461154,1.594525934405139
Mbi2.80Zm0.25T09.0000_iTp0.00_ACFep00_aFep02,-0.02064990324023073,0.004982917074239974,1.066319775429332,3.0847859537744284,0.8167296593667952,2.675595194788713,3.587966773733062,3.1055994604543153,2.0844137887634226,1.767609029195835,1.1142359051207278,0.6309312230540253,0.4500541982375831,2.4895523903786665,1.6124512274304825
Mbi2.80Zm0.25T09.5000_iTp0.00_ACFep00_aFep02,-0.019719733299519884,0.00579571007309254,1.086918291893444,3.13281317152729,0.8250849641671223,2.699228031631386,3.6055295579156685,3.1248475897598382,2.106012503325984,1.779858798306409,1.1235439347897365,0.6350141404313437,0.45176641914468213,2.50910293166626,1.6083124463989011
Mbi2.80Zm0.25T10.0000_iTp0.00_ACFep00_aFep02,-0.018153702887332618,0.007276242400502766,1.1033914701264436,3.199442687101747,0.8367347712318404,2.7271296917871712,3.6449174363559025,3.1695294405681973,2.122504104142433,1.796675487481845,1.1359981470090041,0.6398751665373047,0.45564770144805294,2.537356241394253,1.6174453690980803
Mbi2.80Zm0.25T10.5000_iTp0.00_ACFep00_aFep02,-0.016740724989883198,0.008596960572670169,1.110646685188481,3.2430309519879548,0.8441652607091289,2.7389351714938126,3.6536566140096225,3.1905848626513156,2.1340732976722023,1.8052609448676822,1.1449343199518498,0.6417170895687865,0.45949186328036584,2.552487594288807,1.619859938868344
Mbi2.80Zm0.25T11.0000_iTp0.00_ACFep00_aFep02,-0.016100890443599296,0.00914442546128895,1.1199074299113703,3.2794042485178796,0.8476873476688522,2.7537921736350763,3.6655992909180486,3.214469102152057,2.1416076807517244,1.8110990837199672,1.14908710205293,0.6408739802346761,0.4600890031702342,2.566448326038295,1.6264647461556356
Mbi2.80Zm0.25T11.5000_iTp0.00_ACFep00_aFep02,-0.015368107705030082,0.009790148537353863,1.1318727885921251,3.307246996289349,0.8499397808587879,2.766096695662719,3.6700326518832607,3.2426590394707238,2.14405599648778,1.8155106254192113,1.1529605881477276,0.6407032744999327,0.46076032469492306,2.5795622855977753,1.6378858340355473
Mbi2.80Zm0.25T12.0000_iTp0.00_ACFep00_aFep02,-0.01458052409767312,0.010551019278827586,1.1435771261636303,3.3425452164153344,0.8544864525643435,2.7793766774623996,3.680671338887004,3.2638057616738414,2.1528748095123316,1.8202640965126131,1.158480951373337,0.6415167174606422,0.46184968765404427,2.5927984330127947,1.6429356430124018
Mbi2.80Zm0.25T12.5000_iTp0.00_ACFep00_aFep02,-0.013720459687112612,0.011400039476947765,1.1525609782200141,3.376725819229777,0.8603767865996337,2.7919310909242805,3.6852581238246835,3.284501807989123,2.1620657898772375,1.8283115801073393,1.1662541735405585,0.6433153206559088,0.46544348823984183,2.6066009342297716,1.6462111241382755
Mbi2.80Zm0.25T13.0000_iTp0.00_ACFep00_aFep02,-0.013275995103469246,0.011708557795373968,1.1601881381155703,3.3972337735916893,0.8655353090325405,2.8019583421155856,3.686838340431504,3.3081358115519217,2.1663376244926242,1.8302070173090181,1.1703572665772313,0.6435605478137196,0.46539355415429406,2.6182415243405623,1.6554979904143468
Mbi2.80Zm0.25T13.5000_iTp0.00_ACFep00_aFep02,-0.012880587155457354,0.012028734376736554,1.168621532108103,3.4257551341132975,0.8702838254675526,2.8141181400473947,3.700213410683499,3.3340913845689597,2.1759858062123283,1.8382910677377116,1.1757532182411645,0.6464544150237804,0.46704660458653435,2.6343276364855166,1.661116803479587
Mbi2.80Zm0.25T14.0000_iTp0.00_ACFep00_aFep02,-0.012652721498844917,0.012216143450525796,1.1804560280645844,3.4555710262182977,0.8794971508714992,2.8309692898162377,3.7057849781600036,3.3595643725833133,2.1853113932145396,1.848109159419813,1.1829652575675316,0.6471215037492227,0.4683262004487139,2.650376495624826,1.6658636652154102
Mbi2.80Zp0.06T00.0300_iTp0.00_ACFep00_aFep02,-0.1427908027671226,-0.09223482961128376,0.16591459704082115,-0.20594759695478054,0.28430724040768685,0.7040238405948802,1.5405203068648652,0.6683591085946631,0.6885181065977252,0.6485778647158631,0.3825897081618431,0.23210866998492746,0.2301241593326201,0.6728320066166592,0.9997174816674594
Mbi2.80Zp0.06T00.0400_iTp0.00_ACFep00_aFep02,-0.1460340753288669,-0.09548230522439279,0.17172283633863666,-0.2248271754315285,0.26226044568490015,0.7800604009502012,1.627571448950495,0.6841853429167571,0.754493602506113,0.7109327024403556,0.41975432856320133,0.27085659234114495,0.2539626135127977,0.7126488756332627,0.9337697032014861
Mbi2.80Zp0.06T00.0500_iTp0.00_ACFep00_aFep02,-0.15069958543216028,-0.0997481818743675,0.18066784011842196,-0.26651757358848516,0.2510074475818458,0.810306309470179,1.6242619660404205,0.7237353095082634,0.7822962869369622,0.7390769558846012,0.4329902946213734,0.2808104247530151,0.25672566778203176,0.7466037943189345,0.9514237389452337
Mbi2.80Zp0.06T00.0600_iTp0.00_ACFep00_aFep02,-0.15357548608916965,-0.10249101589759078,0.19361714405489472,-0.24555886429063317,0.2582029290290262,0.870573059362516,1.726035244793443,0.753485821018144,0.8333793944589251,0.7833257854077977,0.462947004917464,0.3101036036502945,0.26320544427705217,0.7857349715613148,0.9321252018011836
Mbi2.80Zp0.06T00.0700_iTp0.00_ACFep00_aFep02,-0.15744939121222595,-0.1058120919530757,0.19394271828553414,-0.30205209755077156,0.24131087409589846,0.8611655698842766,1.6812456290540163,0.7791932589356109,0.8320982932645506,0.7857896338193815,0.46634297820139264,0.31438138145707795,0.2677444309147436,0.7989130304407102,0.9632227868094947
Mbi2.80Zp0.06T00.0800_iTp0.00_ACFep00_aFep02,-0.161802385705138,-0.10945587018985918,0.19610354437272035,-0.345583314062319,0.22655838195020464,0.8415407176697882,1.615205337882365,0.8263674232252622,0.8303599113440594,0.7789261004495748,0.4595270107572117,0.3142434631983966,0.26141121904019404,0.8211464406972724,1.0269988270192347
Mbi2.80Zp0.06T00.0900_iTp0.00_ACFep00_aFep02,-0.16574862987714883,-0.11288467486478324,0.19637756477066712,-0.3909686936428006,0.20751923110612885,0.8319676255737561,1.561386263714648,0.8573935991276098,0.8247459826169169,0.7759588476262158,0.46227167086287796,0.3125375305511139,0.26311876855731536,0.8339182146763141,1.0712700841883251
Mbi2.80Zp0.06T00.1000_iTp0.00_ACFep00_aFep02,-0.16959898237159934,-0.11635945456240694,0.1974386990532755,-0.4100715334882831,0.18787590935048243,0.8121363556287549,1.5036389397653471,0.8799900552826095,0.8069746586737947,0.7606575330474086,0.4504735503427758,0.3043008037382732,0.2565486653490256,0.8358930934722927,1.1226996484633458
Mbi2.80Zp0.06T00.1500_iTp0.00_ACFep00_aFep02,-0.18306187251693543,-0.12787175062534736,0.18610902174535401,-0.575875549093692,0.12652460738734905,0.8175166979313913,1.4198877408261594,0.9059742768297182,0.7792829581125351,0.7247580334111197,0.42990681308647444,0.2940987043040946,0.2332409343136044,0.8319728506619497,1.2047201930473044
Mbi2.80Zp0.06T00.2000_iTp0.00_ACFep00_aFep02,-0.19503469970303716,-0.1379724810486072,0.20051351476519585,-0.7263513409246073,0.1053187123729823,0.8506433016862297,1.4445373321523494,0.9558966463814328,0.8190937841526004,0.7382581986519016,0.4315528582927073,0.2919717228325241,0.22525716295919207,0.8725441370604679,1.2275922937601302
Mbi2.80Zp0.06T00.2500_iTp0.00_ACFep00_aFep02,-0.20104742128426623,-0.14396363276682747,0.21001719717582423,-0.7838138722270185,0.10405699011939064,0.9200532219849701,1.5547742735132628,1.0049195750323556,0.883142558924816,0.7816608286091598,0.46218640153676566,0.2879734134661884,0.23283318080861545,0.9267861519050946,1.2072531598111576
Mbi2.80Zp0.06T00.3000_iTp0.00_ACFep00_aFep02,-0.20842391906283925,-0.15050510647221205,0.22764205643197305,-0.8686543940301922,0.1012269835839291,1.0060225273950631,1.6494542646749175,1.0605549194976922,0.9419970411296815,0.8143142502678643,0.4761139948582123,0.29322892374877546,0.2359266858966815,0.9803690655905657,1.2077072267226376
Mbi2.80Zp0.06T00.3500_iTp0.00_ACFep00_aFep02,-0.2067770587464836,-0.14944468510282893,0.25323082269571934,-0.7631935100930591,0.1154654214075083,1.0942433755786272,1.7481732043501994,1.1198412652527663,1.0137519806777335,0.8551001355123874,0.47606860275047713,0.30603568186054947,0.2313015476394036,1.0418709773516823,1.1984268370422984
Mbi2.80Zp0.06T00.4000_iTp0.00_ACFep00_aFep02,-0.20408750888500718,-0.1474222262364232,0.27026297687272666,-0.7432835236160945,0.17438369118591562,1.2197000912925058,1.9181102659052975,1.164160785275185,1.1125655782199828,0.8980178543507353,0.5181326443885718,0.32656818285315353,0.2547253039068515,1.1069192220460804,1.1580328042260817
Mbi2.80Zp0.06T00.4500_iTp0.00_ACFep00_aFep02,-0.2010200772643912,-0.1457749893535957,0.295137806393195,-0.7455360737477021,0.19060437020489496,1.2875698031280272,2.0145314074951757,1.2258759580906717,1.1619686988204265,0.9403827843217003,0.5282623252205993,0.3389687238324811,0.25119355623762335,1.1611938577481,1.1661950610261471
Mbi2.80Zp0.06T00.5000_iTp0.00_ACFep00_aFep02,-0.19124458668554345,-0.13720758358431476,0.3254908261773544,-0.6414010873756797,0.20674392920774115,1.3761474344505926,2.128036424750735,1.276232112824209,1.213535498624622,0.9864085707528814,0.5386091283459804,0.35036441155814,0.2425822493364434,1.2114414155321398,1.1602405084646827
Mbi2.80Zp0.06T00.6000_iTp0.00_ACFep00_aFep02,-0.17358074413638414,-0.12284199657733938,0.36272969742743494,-0.4106852173537956,0.28393423700375875,1.5466235588395811,2.3952265105381434,1.3648544462930188,1.336921128778852,1.0690163783881228,0.5943127425759658,0.3845962350090347,0.2661652476591085,1.3123720775092067,1.134571818451057
Mbi2.80Zp0.06T00.7000_iTp0.00_ACFep00_aFep02,-0.1557961459143661,-0.10798277825981517,0.39676870442993434,-0.16335142243786674,0.3558253620546321,1.7240999269457526,2.6656421950072198,1.4491398375416744,1.4717257204331702,1.165795201835549,0.6533018658965134,0.4210956881914291,0.2951549547318975,1.4172516582629004,1.0988650935858102
Mbi2.80Zp0.06T00.8000_iTp0.00_ACFep00_aFep02,-0.13712801768642516,-0.0916659543516109,0.427723535124656,0.1585953771930298,0.4032788946149677,1.8455861483191782,2.8348068290551125,1.5418967686178078,1.5613474712367907,1.2372864903091119,0.6991131359314153,0.45048765871907015,0.3102064339721311,1.505831802817928,1.1018924159457413
Mbi2.80Zp0.06T00.9000_iTp0.00_ACFep00_aFep02,-0.11862679597929643,-0.0755972997333826,0.4974668317251839,0.5445430197263587,0.42694239849986104,1.931345023678545,2.908138421399456,1.666778445041734,1.5913622627585737,1.280578678182047,0.7150315598291962,0.48113671700752675,0.29771626749822094,1.5834791604129945,1.1607330925794241
Mbi2.80Zp0.06T01.0000_iTp0.00_ACFep00_aFep02,-0.10574234679574136,-0.0647031006424401,0.5334283523817589,0.8172103849105714,0.47011443320065355,2.006993222757606,3.003520354030263,1.7637292370665447,1.6447776156509624,1.3325482449087007,0.7491754817281678,0.5093246423850132,0.3171529411337517,1.6573321060181263,1.1847740688585613
Mbi2.80Zp0.06T01.2500_iTp0.00_ACFep00_aFep02,-0.07084673942215408,-0.033971336403398784,0.6510194193241501,1.60706329031897,0.581064782445257,2.2446712180418276,3.3127687295616046,2.053423490357977,1.7970331479565058,1.4905868628741652,0.8843084081429506,0.6066267555483277,0.4016286187242175,1.8745335843553048,1.2491854189919873
Mbi2.80Zp0.06T01.5000_iTp0.00_ACFep00_aFep02,-0.05592315642612796,-0.021070342690456857,0.7760209759715975,1.985019719384196,0.6819626938561221,2.450332182362891,3.5989503652252557,2.3408414684824965,1.949642877224579,1.6305288239659321,0.9990685095896472,0.6704032434480887,0.4656371367479423,2.086778900891678,1.3076699465023416
Mbi2.80Zp0.06T01.7500_iTp0.00_ACFep00_aFep02,-0.050126854989581866,-0.017302827211819242,0.8558374019317566,2.163641269285909,0.7303394733545077,2.55045026917374,3.732801410213718,2.500050732798152,2.0202113698962503,1.6810725360482386,1.0363383987127486,0.6908892640696838,0.4632393846303079,2.1939072255893843,1.35091000654282
Mbi2.80Zp0.06T02.0000_iTp0.00_ACFep00_aFep02,-0.04362499073923381,-0.01185592900877457,0.9521601075685459,2.386382942613891,0.774104432564717,2.620424976414426,3.8546374932166123,2.7020500981606754,2.088206647937108,1.7469570458978265,1.0872264011124686,0.706883203142259,0.48615389053281105,2.3204004810044596,1.4090924476075162
Mbi2.80Zp0.06T02.2500_iTp0.00_ACFep00_aFep02,-0.03715592963682532,-0.005948134160305294,1.013154290340406,2.6101888251040792,0.8109238302264123,2.6785557474429167,3.933724155546501,2.8503492266954,2.1596547409157267,1.7966299697167294,1.1275079477059846,0.7281533969892745,0.501317699597484,2.421991113827188,1.4409221960366647
Mbi2.80Zp0.06T02.5000_iTp0.00_ACFep00_aFep02,-0.03005548364303095,0.00025821495337985086,1.0765124647722837,2.841927308320475,0.848875153832215,2.7303688090199216,4.000760471120351,3.0066733429129946,2.216866984793971,1.8458520174006627,1.1650883827071976,0.7454186603001852,0.5158330504749472,2.520525548476874,1.4801286238545293
Mbi2.80Zp0.06T02.7500_iTp0.00_ACFep00_aFep02,-0.02652630095931717,0.0032479284645994715,1.124995332697293,2.989182201921076,0.8745819255903153,2.776473446546597,4.057223225350186,3.12106739755604,2.2553293049303558,1.8797845945085756,1.1901597160164286,0.7534496281263804,0.527781310276604,2.5905301900971325,1.5095436176399006
Mbi2.80Zp0.06T03.0000_iTp0.00_ACFep00_aFep02,-0.027089307336013346,0.0021544144229974447,1.142307947553767,3.0172628822310026,0.8737466956638751,2.775372468573286,4.032063205420943,3.170061390065988,2.25575838719937,1.8747217809822463,1.1797256989886935,0.7490431780622422,0.5168758536129702,2.6101107116707625,1.5349602278621088
Mbi2.80Zp0.06T03.2500_iTp0.00_ACFep00_aFep02,-0.02401231472486682,0.004955239551726227,1.185680206885189,3.144587429835357,0.8983014587273899,2.815569914685007,4.088434345351475,3.2609012491992733,2.289613387335081,1.9064248492435032,1.2052705977300897,0.7644225423269945,0.5298859783534581,2.6676453961935565,1.5542762316952508
Mbi2.80Zp0.06T03.5000_iTp0.00_ACFep00_aFep02,-0.021318965097815463,0.00750948502209408,1.218401937041819,3.233648707775294,0.9180825190530119,2.847272802295015,4.129284185359726,3.322815634159897,2.3188726647389535,1.9308920983539195,1.2237563394001256,0.7709599575647345,0.5364254019565219,2.7100209841134038,1.5637644996339206
Mbi2.80Zp0.06T03.7500_iTp0.00_ACFep00_aFep02,-0.01909402840873488,0.009487059366478822,1.2482707204468657,3.3092444463160833,0.9327229185110675,2.8710113422096124,4.153613311365768,3.3814142990026466,2.3423973075784996,1.949456731368405,1.2387352342840028,0.7775833256907995,0.5423489871907259,2.7474681404041426,1.5757359259274093
Mbi2.80Zp0.06T04.0000_iTp0.00_ACFep00_aFep02,-0.016840157105269565,0.01153288954886503,1.2791298152776582,3.3776918698106613,0.9471414670890361,2.898461482793635,4.17925431513523,3.442167258706736,2.3647941983808414,1.9701335276163963,1.253359156258828,0.783944032011661,0.548158531727984,2.785613130402153,1.5881082575211218
Mbi2.80Zp0.06T04.5000_iTp0.00_ACFep00_aFep02,-0.014251226062688728,0.01387720749506954,1.318327328416231,3.477587179342446,0.9681000123288646,2.93288299495462,4.231195381360367,3.5270211071375757,2.4041446529279993,1.9970457079991963,1.2724977018124686,0.7939543226846292,0.5540685599008318,2.842082316802408,1.602757807728426
Mbi2.80Zp0.06T05.0000_iTp0.00_ACFep00_aFep02,-0.015187168461801317,0.01295230419563512,1.3306911389323197,3.474497500353058,0.9632833739047897,2.93309877862246,4.204443670035355,3.541118742700161,2.399642736084341,1.9917778627711167,1.2682889390063592,0.7887044785932815,0.5499517691324195,2.8448227437340594,1.6127440599167786
Mbi2.80Zp0.06T05.5000_iTp0.00_ACFep00_aFep02,-0.012491441525715425,0.01555797231550091,1.3715692286124237,3.571087381821317,0.9851041482634237,2.9705899804556464,4.256891182307929,3.6216006503625575,2.438123251669228,2.019429162915609,1.290576272430123,0.7964019835653517,0.5568626216182653,2.8991951942482403,1.6249279037136626
Mbi2.80Zp0.06T06.0000_iTp0.00_ACFep00_aFep02,-0.009787922396554969,0.018144317641665804,1.4099321899945192,3.671024112314367,1.0022938179645005,3.0058992620478433,4.28843855403348,3.692009075918524,2.4692322163816924,2.0440492565436696,1.308658631034767,0.8009582006230541,0.5638866284133971,2.94565604515704,1.6360641799393398
Mbi2.80Zp0.06T06.5000_iTp0.00_ACFep00_aFep02,-0.0089899032557534,0.01890867329708839,1.4352768942683172,3.717114007465934,1.0093537131399315,3.0227372123567258,4.29243186432821,3.731982962207246,2.4826152909092034,2.055249575239091,1.31762740760625,0.7995951019504326,0.5641853382324837,2.9695959199737714,1.6448189059340257
Mbi2.80Zp0.06T07.0000_iTp0.00_ACFep00_aFep02,-0.00716529232803817,0.020740143951111793,1.4637035700568877,3.7917900874706953,1.0230134550606609,3.0470746428350854,4.3209726563436845,3.780893991156663,2.507901489176879,2.0733179738793135,1.332868688828742,0.8037150413091467,0.5676832200277704,3.0036707033863257,1.6506059234430905
Mbi2.80Zp0.06T07.5000_iTp0.00_ACFep00_aFep02,-0.005634113353565323,0.022239311363009842,1.4936246120418226,3.866725787118889,1.0366189066602864,3.072114068033385,4.3469578894370136,3.8302295587995565,2.531639758251593,2.0924628541380828,1.346848179642721,0.8064440967938225,0.5712896967388588,3.0373936020176364,1.6566369217399974
Mbi2.80Zp0.06T08.0000_iTp0.00_ACFep00_aFep02,-0.004177620813118749,0.023650303713916916,1.5269428802846596,3.945958500631079,1.0501460127052002,3.0917335976364164,4.365516712045012,3.886143360641432,2.5534923159165688,2.107440062299408,1.3593249769903095,0.8090041746183239,0.5728150521057837,3.072113078787614,1.6675390438206255
Mbi2.80Zp0.06T08.5000_iTp0.00_ACFep00_aFep02,-0.002321232129255399,0.025503888264094783,1.5560450125114726,4.008477779580817,1.0649266668387212,3.108916458434338,4.381292243651068,3.9289544770028897,2.570196182518021,2.122377495503708,1.369987641556593,0.8130607961882088,0.5749046177149385,3.0992797892761135,1.6745414122764453
Mbi2.80Zp0.06T09.0000_iTp0.00_ACFep00_aFep02,-0.00025788420739170786,0.027516968635076217,1.587320984453679,4.091595863303488,1.0795450567597675,3.126115627320505,4.392716264913974,3.9851193466274157,2.5897054968664635,2.1370676090273673,1.383490527514786,0.815679321250767,0.5781060213851339,3.132924671381925,1.6861902432584954
Mbi2.80Zp0.06T09.5000_iTp0.00_ACFep00_aFep02,0.001913012021112001,0.0296942225556731,1.6109673184517115,4.153569878566804,1.0930376314876429,3.1443022911813454,4.409759099147538,4.025165201491118,2.6087547035591343,2.1550620493902977,1.3970808653459867,0.8183850441109931,0.5825243081010762,3.1605910910061414,1.6898908628250695
Mbi2.80Zp0.06T10.0000_iTp0.00_ACFep00_aFep02,0.0036282917564958057,0.031465644209365616,1.634301581488554,4.193712873010135,1.1044361604216733,3.1630885376281404,4.4309451024636575,4.062690587272831,2.6292618835661417,2.1728413416605292,1.4102002054784477,0.8211532191312862,0.5854536291912467,3.18789503948872,1.6920463375008197
Mbi2.80Zp0.06T10.5000_iTp0.00_ACFep00_aFep02,0.005318713858537282,0.033233484292303495,1.659460508298247,4.224521841514645,1.1160114246626,3.181059001119523,4.458754831214341,4.1003385907805425,2.6479175642246044,2.1898010803001493,1.4223169090602268,0.8255819523302753,0.5891374582936691,3.214249122007422,1.695153807847521
Mbi2.80Zp0.06T11.0000_iTp0.00_ACFep00_aFep02,0.004981471151492129,0.03283766999303768,1.6769310481789563,4.238327078313164,1.1166226452580232,3.190225736513884,4.439173134542828,4.138630741876759,2.6561751012582615,2.191142926610313,1.419944241868731,0.8246313385541688,0.586327858697823,3.2332709324716835,1.7075961255616505
Mbi2.80Zp0.06T11.5000_iTp0.00_ACFep00_aFep02,0.005982398163913876,0.03395832905123911,1.706048399888581,4.279305863955908,1.1244475722759786,3.2094011821295023,4.459436863511127,4.179931071676481,2.672286931961906,2.2031003443010886,1.4311135078292367,0.8282785048339919,0.5903348960530619,3.2589642913681853,1.7147072980345537
Mbi2.80Zp0.06T12.0000_iTp0.00_ACFep00_aFep02,0.006788249359636686,0.03483468240019985,1.72995868837578,4.3196477929088415,1.1318154903080253,3.2265786116308175,4.465937407477125,4.212393719416387,2.6866133936517267,2.212630988428509,1.4414758670414296,0.8306816294472776,0.5934055227490589,3.279942872062432,1.7196095523725603
Mbi2.80Zp0.06T12.5000_iTp0.00_ACFep00_aFep02,0.007834418946001905,0.03595441012739769,1.752536673392697,4.346016571526404,1.1405123914638962,3.243473674054369,4.4733772100571585,4.2387612315688274,2.701144230207685,2.220940660298599,1.4497398173264255,0.8356001175886232,0.5944317720114624,3.2984199742862517,1.7223438139982303
Mbi2.80Zp0.06T13.0000_iTp0.00_ACFep00_aFep02,0.01030318421028379,0.03867435599090099,1.7743017857266687,4.394441391784307,1.1556036645524501,3.264375121451239,4.514793926730091,4.264642809857785,2.7214125205588986,2.238290938943018,1.4662354513238576,0.8432167514222505,0.6021320182381948,3.3209873327441914,1.719716851896652
Mbi2.80Zp0.06T13.5000_iTp0.00_ACFep00_aFep02,0.012042126346793934,0.04050158937806664,1.790533273787772,4.425124803077883,1.1671982412525277,3.2799892373520825,4.5460119642067776,4.283946848725164,2.7363385243381564,2.253091896611991,1.4778117199329277,0.8472883915446038,0.6068721799697842,3.3380641089323664,1.7172087742670088
Mbi2.80Zp0.06T14.0000_iTp0.00_ACFep00_aFep02,0.0134509294533656,0.041906698624894864,1.8112324411276166,4.442549617222778,1.178714996194489,3.297645615083273,4.560101621288886,4.310018312649809,2.7505228212590387,2.2618343815374993,1.4843266312918506,0.8496587067538901,0.6082552077486484,3.356345038008048,1.7197570477399837
Mbi2.80Zp0.15T00.0300_iTp0.00_ACFep00_aFep02,-0.13793801903618808,-0.08837416387861062,0.16844673057185175,-0.07507917159911903,0.3078370552638727,0.8011172195674741,1.7512818341215093,0.6770241743589541,0.776813419020941,0.7154233088680838,0.41696380042443093,0.26171966748262254,0.25184119903277297,0.7171359277183069,0.9073951360474801
Mbi2.80Zp0.15T00.0400_iTp0.00_ACFep00_aFep02,-0.14400880392964818,-0.09377167503991361,0.1745619565374093,-0.16564768450332248,0.287756782756347,0.8541975072792768,1.7949055272923462,0.7070161440992556,0.8276874193508735,0.7635827671827271,0.45129250677306154,0.29454597821408895,0.26341684974284235,0.7566359236980419,0.8886186017717193
Mbi2.80Zp0.15T00.0500_iTp0.00_ACFep00_aFep02,-0.15025383748527898,-0.09955539747178807,0.18386079541511474,-0.25366358299861663,0.27194653902118476,0.8580167756469732,1.7509896834654188,0.7453629394382634,0.8338579128131708,0.7811203832823348,0.4651097461028655,0.306710490025406,0.2653578504295415,0.7813580337847251,0.9230624847904265
Mbi2.80Zp0.15T00.0600_iTp0.00_ACFep00_aFep02,-0.1542691633037875,-0.1029208547459538,0.19529208412840135,-0.2751623203322645,0.2525458154754923,0.8591910901004377,1.7119423025342524,0.7995043491808613,0.8503872956594487,0.8003464517567076,0.4866101041573963,0.32644387542959485,0.27381601538835104,0.8177323138494296,0.9686654197653636
Mbi2.80Zp0.15T00.0700_iTp0.00_ACFep00_aFep02,-0.1594089630666992,-0.10722797812884896,0.1898946865465437,-0.3500695134952435,0.23098453195642202,0.8257434291720334,1.6138876594572864,0.8364117426116959,0.835855692969374,0.7879751861064738,0.47813178034543724,0.3203289585734438,0.2806707012201949,0.8294010656114257,1.030171002891278
Mbi2.80Zp0.15T00.0800_iTp0.00_ACFep00_aFep02,-0.1637266451311535,-0.11093382396765715,0.19380974611320168,-0.36716544057761846,0.2107120032401954,0.8212912833446852,1.5740104228584333,0.8628763312067226,0.8327148670597921,0.7799635964119037,0.47675865891775376,0.3192105430946728,0.27746332613577973,0.8401100874424537,1.070115774162649
Mbi2.80Zp0.15T00.0900_iTp0.00_ACFep00_aFep02,-0.16769130728360854,-0.11424483529386625,0.1971217438594856,-0.37180923117252546,0.20489588418320825,0.8203495731266416,1.563164388796935,0.8819014853653815,0.8427470490079664,0.7855553985622779,0.4772134266730703,0.3223709587718655,0.27908567130591716,0.8538720055684127,1.0832158198636335
Mbi2.80Zp0.15T00.1000_iTp0.00_ACFep00_aFep02,-0.17111080613346108,-0.11719605495071314,0.19000207860743312,-0.4214252489871317,0.18075761788139275,0.8155140654300893,1.5144856830192694,0.8915222689423377,0.8139161968217684,0.7678819877972266,0.47078530834182436,0.3099802550840225,0.2742704125035042,0.8450639432761725,1.1272263144708021
Mbi2.80Zp0.15T00.1500_iTp0.00_ACFep00_aFep02,-0.1850349922400418,-0.12900864847531354,0.19257668685564988,-0.6000066961939288,0.13403768156386808,0.8301408759580527,1.4621623401215649,0.9323757495954779,0.8115926046582166,0.7481642667263465,0.4557650739564884,0.30064804113090937,0.25544047761356237,0.8603199002576893,1.1955398520127405
Mbi2.80Zp0.15T00.2000_iTp0.00_ACFep00_aFep02,-0.19413362203699464,-0.13667137269777313,0.20246027594858,-0.699657093060045,0.12227180767921687,0.8915270424868942,1.5601983650967912,0.9552908146267424,0.8614506281313662,0.7654558731302632,0.4702435727038216,0.3005177948488895,0.25601915955788657,0.8928936432470332,1.1743647393208347
Mbi2.80Zp0.15T00.2500_iTp0.00_ACFep00_aFep02,-0.20117596045809671,-0.14359933748972306,0.22169974500740147,-0.7373036488754974,0.11281523315551144,0.975195173988448,1.6593961591556472,1.025325429772703,0.9328546073873567,0.8222943530569028,0.49332916372589214,0.3007600859368191,0.253978050520104,0.9616333417443912,1.168362860224895
Mbi2.80Zp0.15T00.3000_iTp0.00_ACFep00_aFep02,-0.20320931698676786,-0.1453515822015694,0.23653869851288795,-0.7175907106647172,0.11321760137348567,1.0757421213606781,1.7621292462801086,1.0880224902083433,1.0032863700734551,0.8491109325872271,0.5049165949139761,0.3122587186989915,0.25253050531699117,1.0220710144608576,1.1747182838644468
Mbi2.80Zp0.15T00.3500_iTp0.00_ACFep00_aFep02,-0.2021790767494225,-0.1445989954122997,0.26725067496610877,-0.6819386951455264,0.16031607468752002,1.1955050616307858,1.8867902834336814,1.138214950527377,1.086431930540276,0.8874548244884347,0.5207768254927788,0.3283915568498769,0.26246982036102495,1.0831338907694734,1.1532727980748028
Mbi2.80Zp0.15T00.4000_iTp0.00_ACFep00_aFep02,-0.19679881318226117,-0.14098182640763138,0.2900735242371558,-0.6337978264450262,0.2106121871115586,1.3192140004389117,2.0783100341555154,1.1970991952018148,1.1860480357291627,0.9423543747536647,0.5646747669745554,0.3511858763296602,0.2852186021918271,1.1567774259215986,1.1248805106645723
Mbi2.80Zp0.15T00.4500_iTp0.00_ACFep00_aFep02,-0.19077259743707314,-0.13576748069042818,0.3104802398948452,-0.5464566436498772,0.21425629020923592,1.374324960067509,2.162012333771506,1.253343522219001,1.2191681073752327,0.9909709422147316,0.5658790623090665,0.3607060587639503,0.2724535106972906,1.2033095225364105,1.134176170907914
Mbi2.80Zp0.15T00.5000_iTp0.00_ACFep00_aFep02,-0.1809396312779314,-0.12778246477678804,0.34268263942721694,-0.4261933903914701,0.2504018621942173,1.474431120886712,2.309163688886655,1.309170314383341,1.2876467003348102,1.0451903349531433,0.5897626426572542,0.3822568203381156,0.27971618152560107,1.2636740743508694,1.1223847140456116
Mbi2.80Zp0.15T00.6000_iTp0.00_ACFep00_aFep02,-0.16473423832638023,-0.11495100625577429,0.38932949814700846,-0.23981077918143356,0.3345091816299135,1.6705830739718097,2.6173350570507634,1.4088894068905404,1.4345093086697662,1.1382904235171358,0.647650590156044,0.4231938151319644,0.3040974995023326,1.3799311095975826,1.0952188693621887
Mbi2.80Zp0.15T00.7000_iTp0.00_ACFep00_aFep02,-0.1443011382078353,-0.09717952636784093,0.4282941749368317,0.03958647389872222,0.39591021980659347,1.8148851930001846,2.8342101663179204,1.4946965769374527,1.536135881252751,1.214507428250597,0.6939968644619279,0.4547644244718673,0.32388360386693765,1.4701873003293975,1.0867978205486286
Mbi2.80Zp0.15T00.8000_iTp0.00_ACFep00_aFep02,-0.12086321456168517,-0.07626378112805378,0.49386489292052027,0.4349154016650831,0.4329721437653835,1.951110187763364,2.988617904354098,1.5962234530909416,1.626620092737815,1.2849660452503773,0.7266367932306834,0.4975796880697072,0.3228627538253388,1.5632496295643419,1.0964631492536767
Mbi2.80Zp0.15T00.9000_iTp0.00_ACFep00_aFep02,-0.10189316838961757,-0.059456766398253015,0.5449051194936445,0.7901536587975002,0.47187100382082525,2.059120464325074,3.132665025169513,1.7050797939496047,1.6941206832184306,1.346529152342533,0.7638312199507205,0.5357142762353286,0.33444812429249776,1.6500493879370353,1.121523283614167
Mbi2.80Zp0.15T01.0000_iTp0.00_ACFep00_aFep02,-0.08755218751476321,-0.04710009908457137,0.5919424091674244,1.0986586003050145,0.512886358747125,2.155443180619999,3.268588319409408,1.8167163789760032,1.7491497325505627,1.4046320162489336,0.801737375619399,0.5679505060929192,0.3556759993263633,1.7327606570300993,1.1520875721140473
Mbi2.80Zp0.15T01.2500_iTp0.00_ACFep00_aFep02,-0.05952497978156563,-0.023154257353122404,0.726989589759259,1.8154314324633816,0.6472838986467132,2.4053643468155093,3.652968223342863,2.1624904444439674,1.9565151978252273,1.6124636575280562,0.9510453763484573,0.6815632334723861,0.4498917049171402,2.005647808710585,1.211825865093229
Mbi2.80Zp0.15T01.5000_iTp0.00_ACFep00_aFep02,-0.048623987429153456,-0.014567821362830174,0.8613133011602148,2.26535923549603,0.749290781536498,2.5782527372270465,3.908223516703814,2.503519231895191,2.097424688516141,1.7569688545638946,1.076560456529599,0.7286227277982709,0.49719514472002746,2.2388140792252127,1.2990470246038421
Mbi2.80Zp0.15T01.7500_iTp0.00_ACFep00_aFep02,-0.04392239765310915,-0.011397026017691303,0.9510540630577901,2.4727607931363877,0.7940635928083275,2.6361398808122787,3.979881666976387,2.6912586026972205,2.146370727408367,1.8003006513356026,1.1044783544168464,0.7347158162763744,0.49425368519560375,2.3485435370230046,1.3638118527890786
Mbi2.80Zp0.15T02.0000_iTp0.00_ACFep00_aFep02,-0.03709447811772214,-0.005733933354482857,1.0430225786210434,2.7057422852220747,0.8394633091555392,2.717333592047839,4.08265354681293,2.881231036001777,2.2112627828401896,1.8607736538830695,1.1493319559060984,0.7560241169405494,0.5192309246434336,2.467469090983252,1.415130282242899
Mbi2.80Zp0.15T02.2500_iTp0.00_ACFep00_aFep02,-0.03153398138867986,-0.0006429759182360608,1.1088101060676099,2.898668400693272,0.8710286552744058,2.7695297787644955,4.147984850604524,3.0444498841917667,2.279832453611423,1.905030074280534,1.1872676195841647,0.7701680081986948,0.5377779134888757,2.573195848060595,1.4549820281553427
Mbi2.80Zp0.15T02.5000_iTp0.00_ACFep00_aFep02,-0.02530958352722204,0.005016509207848291,1.1772277148049715,3.086034804489258,0.9067142216126483,2.834569110694016,4.236380214696841,3.1843884923339862,2.337800782580597,1.9552854099370771,1.2272916815656,0.7942467838419373,0.5563139990473704,2.66522122819077,1.4834961841129524
Mbi2.80Zp0.15T02.7500_iTp0.00_ACFep00_aFep02,-0.02105783258821926,0.008973053611905896,1.2303658584977457,3.245467567326636,0.9381372805086428,2.884710870390944,4.299344148056964,3.306136245129995,2.3869721317489296,1.9973801274588894,1.2635407791514572,0.8074466384566393,0.5698346591341545,2.744267241351583,1.508152652737515
Mbi2.80Zp0.15T03.0000_iTp0.00_ACFep00_aFep02,-0.01922656653696795,0.01030343925891431,1.2628964354041587,3.3281776644418883,0.9525627974169542,2.911199436968526,4.308636680994503,3.385580865071209,2.4087080020668243,2.01358971771192,1.2746133322112236,0.8088125768425724,0.5688712645362314,2.7893222023486026,1.5311410852911078
Mbi2.80Zp0.15T03.2500_iTp0.00_ACFep00_aFep02,-0.017728481114888464,0.011327491429300259,1.290208824560739,3.4009375473686747,0.9624149120527826,2.9331102275429486,4.3110963787759315,3.4502711492402245,2.4274840996569673,2.0293364328226935,1.2849691857088164,0.809704833161125,0.5705014270400004,2.8268069407091545,1.5483105609013976
Mbi2.80Zp0.15T03.5000_iTp0.00_ACFep00_aFep02,-0.014648595265041489,0.014219905632924908,1.3234454853237003,3.4791497450971725,0.9779776731261088,2.9641510955923747,4.334579560359579,3.5179228843938044,2.4578941185199947,2.055120126684755,1.3039080232865687,0.8177172822450071,0.5779202906640171,2.8722712564947614,1.5590125327575608
Mbi2.80Zp0.15T03.7500_iTp0.00_ACFep00_aFep02,-0.010865084109260527,0.01771345342993585,1.3643379192312892,3.581965683492931,0.999325367095469,3.001909293717543,4.376980356232901,3.600549168328979,2.4966985429845088,2.086082103250749,1.3267799971105598,0.8304517310802287,0.5868626973157545,2.9283991107680456,1.5713382098210704
Mbi2.80Zp0.15T04.0000_iTp0.00_ACFep00_aFep02,-0.00827703899697284,0.020207907033380622,1.3955690470965108,3.658745985554011,1.0140081975396484,3.0267708366686055,4.3987666084379295,3.658703869994945,2.5250790811791486,2.1064015323132286,1.3431262911218824,0.8377900590840299,0.5930558776350183,2.9680983472966362,1.5799283966930362
Mbi2.80Zp0.15T04.5000_iTp0.00_ACFep00_aFep02,-0.005378574460963397,0.023071161911621632,1.4315067174380507,3.7576645277316496,1.0337283058983788,3.0591400891495897,4.43646528490012,3.729838895849311,2.559112119849389,2.132318503361045,1.3629172871964028,0.8467392850491336,0.6003449897156269,3.0165132061198863,1.590064607327354
Mbi2.80Zp0.15T05.0000_iTp0.00_ACFep00_aFep02,-0.004870314429393916,0.02340755204486214,1.453537414859306,3.795579798425028,1.0411746019570973,3.074366843687483,4.446801416535369,3.772835319926937,2.5792649682263424,2.1452909220414673,1.3697696227697724,0.8499079435153707,0.6021282318929614,3.0451099226380585,1.5971174466148923
Mbi2.80Zp0.15T05.5000_iTp0.00_ACFep00_aFep02,-0.004101648137195479,0.024130752379692647,1.4828111058137339,3.8495736564168763,1.0524926890135626,3.0932886537909687,4.4582705671487926,3.8279764172151634,2.5998145561724324,2.161544964165127,1.3809141401187128,0.8541473090989568,0.6039234208777543,3.07933058060296,1.6079342048691911
Mbi2.80Zp0.15T06.0000_iTp0.00_ACFep00_aFep02,-0.0017922553348233149,0.026494607259964144,1.526939700759739,3.9518413140398048,1.0725574625560188,3.125194430314691,4.501061836149008,3.9005394488527108,2.629887084181584,2.183285820456828,1.40086788734472,0.8614417582907616,0.6103297315862853,3.1257354783634606,1.620776783270676
Mbi2.80Zp0.15T06.5000_iTp0.00_ACFep00_aFep02,0.00028416824469892346,0.02857216918100048,1.5662788030486456,4.047400763739721,1.0907583763009212,3.1508705665454744,4.515094250318898,3.962236186517101,2.656579585866101,2.203665492400323,1.4176733771544927,0.8677852388654356,0.6139292825782092,3.1659944782860006,1.6304676503804498
Mbi2.80Zp0.15T07.0000_iTp0.00_ACFep00_aFep02,0.0019101170655768417,0.030251671391592214,1.601679242937406,4.1236743451441775,1.105955148717185,3.1746309339196275,4.537999875099535,4.020179655888872,2.678839111918367,2.22129467684427,1.4326716252002927,0.8722742900879816,0.617729705693797,3.2022460034887414,1.6408448541173535
Mbi2.80Zp0.15T07.5000_iTp0.00_ACFep00_aFep02,0.003867848065823964,0.032359926101827856,1.6378509698666717,4.2087292256673905,1.1224880820740055,3.196483398770139,4.569577058733915,4.073103352666072,2.7016380300766185,2.2405278978455305,1.4471132106196658,0.8766731648099816,0.6235350028860839,3.237000020828605,1.648307002261472
Mbi2.80Zp0.15T08.0000_iTp0.00_ACFep00_aFep02,0.005548175292789894,0.03413647013769473,1.6800490309371086,4.284114062443326,1.1393818012862729,3.2231749507681338,4.601089725250406,4.129428124611036,2.723943861016728,2.259583924940431,1.4611262212478342,0.8841209150409426,0.6277247255889024,3.272830413441974,1.657230902272543
Mbi2.80Zp0.15T08.5000_iTp0.00_ACFep00_aFep02,0.007238528652831556,0.0359295843693474,1.7086340081872153,4.351135731998696,1.153214697179762,3.2452508639401003,4.620820131095173,4.1747905513124355,2.742167840646386,2.27653228747586,1.473651864111287,0.8864951177972809,0.6317439636419887,3.302071431250171,1.6636939624740796
Mbi2.80Zp0.15T09.0000_iTp0.00_ACFep00_aFep02,0.008641832387759958,0.03734511649252747,1.7347148482177548,4.394635278517185,1.1614575394137399,3.2614926079065754,4.638426740562702,4.21851879576634,2.757818091437701,2.287625022126495,1.4841246558063916,0.8871591599427717,0.6357165560759952,3.328441426536818,1.6722094376310586
Mbi2.80Zp0.15T09.5000_iTp0.00_ACFep00_aFep02,0.010182569439122054,0.03892181186685019,1.7630519234269277,4.431711746034643,1.1726161657102558,3.282222142151732,4.6621723146505225,4.265630407865796,2.776967680269214,2.3024720193267476,1.4971161549912055,0.890671937136273,0.6392671835240811,3.3583911780935023,1.6795672988125447
Mbi2.80Zp0.15T10.0000_iTp0.00_ACFep00_aFep02,0.012544464354860545,0.04147255970749286,1.7910772604148526,4.483669678497641,1.189794765213375,3.3050657049527836,4.686346845174402,4.3030726937238395,2.7993533296023503,2.3197672635348523,1.508363199801983,0.8974483305586433,0.6428384194173875,3.386441588931492,1.6811765284422588
Mbi2.80Zp0.15T10.5000_iTp0.00_ACFep00_aFep02,0.012465631750281654,0.04153166151101792,1.8202471589855431,4.508554124366405,1.198048013767794,3.322934894563876,4.689728568263857,4.3417881588461915,2.8195541153413277,2.3386287817685396,1.518721244534339,0.8984032907114564,0.6459915444632713,3.4142708466096083,1.6834564595524124
Mbi2.80Zp0.15T11.0000_iTp0.00_ACFep00_aFep02,0.01328913493601501,0.04250441403521158,1.8470519033644126,4.559291183874885,1.2093255634256637,3.3355440993579437,4.695804875311236,4.376519200737284,2.8368407254357817,2.3486725592146724,1.5288662772944894,0.9018125090221731,0.6492676559336887,3.4376262515811216,1.68797916830804
Mbi2.80Zp0.15T11.5000_iTp0.00_ACFep00_aFep02,0.014568446527761764,0.04388431644802019,1.8712494582500159,4.594447188541753,1.22084799989528,3.3535398611240064,4.714424790221255,4.405297668786156,2.8525699623272542,2.3606729273296665,1.538734407313242,0.9064901835751448,0.652613764045893,3.458276016146414,1.690041213129076
Mbi2.80Zp0.15T12.0000_iTp0.00_ACFep00_aFep02,0.01496821204670217,0.044408847249997205,1.9020736913913339,4.638801755186158,1.2295995129099886,3.3752532649571654,4.7238410689889605,4.437941567915963,2.869757402339546,2.3696519117508927,1.5501622712010565,0.9109393030360237,0.6551110075082365,3.480570752199963,1.694061792798255
Mbi2.80Zp0.15T12.5000_iTp0.00_ACFep00_aFep02,0.015970178453555077,0.04549257367244385,1.9269498685428232,4.6702775884530805,1.2366158153585585,3.3904848761018482,4.7299475064779575,4.471470347332646,2.884817209846824,2.3798361299789526,1.5599779507313778,0.913223057895581,0.6582357332728114,3.5024466294890026,1.6986760793942877
Mbi2.80Zp0.15T13.0000_iTp0.00_ACFep00_aFep02,0.018223765493175764,0.04789300130924921,1.9500412371670235,4.71175423993812,1.249581817247005,3.4040743098386774,4.756532164236156,4.508114326916623,2.9025761585393153,2.3953726328495946,1.5716057230198017,0.9194653129698426,0.6625061315013493,3.5277353005358627,1.70183386228419
Mbi2.80Zp0.15T13.5000_iTp0.00_ACFep00_aFep02,0.01933511995367064,0.04908092744346598,1.9720459246267819,4.743988044179856,1.2591316954209155,3.41681031793565,4.772534886286026,4.533791802475371,2.9163840687282754,2.4084780332541436,1.5816604784219486,0.9216784703911399,0.6656141180486521,3.5464786651061524,1.7028767001449536
Mbi2.80Zp0.15T14.0000_iTp0.00_ACFep00_aFep02,0.020469257121797788,0.050357818131493946,1.9934211803964992,4.776569540537058,1.2677502571943169,3.4320483870956022,4.7890006335433934,4.555988459339378,2.930160461941254,2.4224615749529894,1.5928636575949995,0.923551674901629,0.6688133605989681,3.5640030265186726,1.7023389389111074
Mbi2.80Zp0.26T00.0300_iTp0.00_ACFep00_aFep02,-0.1380406186689934,-0.08840371969243807,0.1743560290388983,-0.08552247669620577,0.319803155146959,0.871664205571248,1.8733745271809903,0.7005141098791793,0.8388852223245262,0.7644156967476503,0.4492053323000502,0.26429161410112106,0.23932533340164303,0.7569968215581437,0.8738398407262984
Mbi2.80Zp0.26T00.0400_iTp0.00_ACFep00_aFep02,-0.1446464472503135,-0.09441737867990496,0.1783342538624477,-0.23205265879192183,0.2870447914305234,0.8512836648195881,1.800149795199495,0.7500111882893745,0.8524373152383836,0.7967811905451065,0.48607230181433797,0.31633153155516947,0.270177245937365,0.792243373720124,0.9095352564371919
Mbi2.80Zp0.26T00.0500_iTp0.00_ACFep00_aFep02,-0.15094250649082502,-0.09954055962262363,0.1855476509348486,-0.27076245838503205,0.2584871247292593,0.8211393024572079,1.6844687912079341,0.8102331569596526,0.8359745611209478,0.7949005557859411,0.49637939620918825,0.3239620065792175,0.2842637329016656,0.8173224834248406,0.9936176578576261
Mbi2.80Zp0.26T00.0600_iTp0.00_ACFep00_aFep02,-0.15633260014291478,-0.10413915563752038,0.19535151662570607,-0.327242060742598,0.24091207240754253,0.8228673365789021,1.6605312324012607,0.8796095196458117,0.8466642249144729,0.8006137797758933,0.4989179039739192,0.33074617668918943,0.28577908249456496,0.8563831603893919,1.0679551564960634
Mbi2.80Zp0.26T00.0700_iTp0.00_ACFep00_aFep02,-0.16108257665419634,-0.1081886850247425,0.19171271010056207,-0.3861659012237915,0.21904346488551263,0.8047171758371645,1.5804266388321786,0.8987952370179483,0.8339734737107565,0.7823819157697914,0.485430829885696,0.3226263318567685,0.2864679202630086,0.8582468857719159,1.1121257649987437
Mbi2.80Zp0.26T00.0800_iTp0.00_ACFep00_aFep02,-0.1644393861873125,-0.11091713227713601,0.19588737913119345,-0.3276967003557924,0.2120720921567255,0.8052886506590508,1.5748863683446614,0.9066298331105543,0.8365249545845185,0.7756261380242396,0.47946557975905474,0.3180781581264107,0.28359301879667603,0.8619506531567029,1.1247454872774485
Mbi2.80Zp0.26T00.0900_iTp0.00_ACFep00_aFep02,-0.16721140123276018,-0.11330417848721208,0.19575298655645545,-0.33858431282420354,0.20053397605486692,0.8266595489982117,1.5806004325136398,0.9205540500276819,0.835778183076473,0.7808401315589213,0.4813441009882341,0.3164682288332644,0.27844393372147264,0.8690330411007359,1.138863814289151
Mbi2.80Zp0.26T00.1000_iTp0.00_ACFep00_aFep02,-0.1706425558176011,-0.1164823390142938,0.1911861356899795,-0.3796862151581488,0.1876396020739951,0.8328597902837396,1.5907930658167246,0.9270335600418378,0.8240552719206016,0.7719850813426717,0.4830744035612975,0.31268703805366443,0.2780655121376213,0.8662626994391572,1.1616668189452977
Mbi2.80Zp0.26T00.1500_iTp0.00_ACFep00_aFep02,-0.18609038988675428,-0.1291922546190447,0.2120062494891037,-0.5858820124228388,0.14359098743023602,0.8632245945943012,1.5658137043480098,0.9612183563821984,0.8565997979439208,0.7682293595121243,0.4687507279428006,0.31794018980060523,0.2554061805641576,0.8942009446058347,1.1831623675281089
Mbi2.80Zp0.26T00.2000_iTp0.00_ACFep00_aFep02,-0.19489283016437053,-0.13663233734551783,0.21897686591284132,-0.6494058868418245,0.12575272981979488,0.938491145409747,1.6467074685711443,1.01717340716015,0.9288839854682391,0.8095872878223843,0.493441775147009,0.32121787412384434,0.25314660152815127,0.9543895265567195,1.170192942256466
Mbi2.80Zp0.26T00.2500_iTp0.00_ACFep00_aFep02,-0.19914559138797094,-0.14085422122817368,0.22569237819557517,-0.6670157513681083,0.13463784286398045,1.0453329461527932,1.81138938582139,1.079799543362145,1.0161444249098914,0.8615452722086662,0.5329120755885262,0.3293305762540652,0.27023827635938263,1.02493423181696,1.1501363031593246
Mbi2.80Zp0.26T00.3000_iTp0.00_ACFep00_aFep02,-0.1998903689487552,-0.14188353173331883,0.26148262493320273,-0.6029449500608903,0.16338509829486675,1.1707036809614448,1.9428578305448352,1.1508875095447673,1.1089157260192655,0.9099592477388599,0.5399672183958169,0.34249059948637045,0.26846252735116943,1.1009649544787874,1.1401275705571763
Mbi2.80Zp0.26T00.3500_iTp0.00_ACFep00_aFep02,-0.1949028357223126,-0.13798963117525517,0.28587705301181887,-0.5223358848796306,0.22843873491711758,1.319668460248729,2.158970928034374,1.2113849378627812,1.2203649757061645,0.9717374439142218,0.5860300549129541,0.36551450662750545,0.29655425433409693,1.1806779108052772,1.1052265870611655
Mbi2.80Zp0.26T00.4000_iTp0.00_ACFep00_aFep02,-0.19013968476956905,-0.13434171747928841,0.30700331607436765,-0.44538197787330047,0.24406149863077475,1.428238132468019,2.285693516068713,1.273505928081578,1.290608592764616,1.034047969267326,0.6109329047662008,0.3956242737775461,0.29759367787665736,1.2458382241433485,1.0956508147323307
Mbi2.80Zp0.26T00.4500_iTp0.00_ACFep00_aFep02,-0.17934020512705873,-0.12540192381018117,0.3345189758452646,-0.34111875421420534,0.28666243899941557,1.5302140322752347,2.452822422740595,1.3250936235699897,1.3642905528046059,1.0905096058992034,0.6331145046944096,0.4114943224609162,0.3023413592753009,1.3062284654142073,1.0795938878133928
Mbi2.80Zp0.26T00.5000_iTp0.00_ACFep00_aFep02,-0.169744651457317,-0.11765284091276072,0.36492555837497853,-0.22539849339190587,0.3309307720022237,1.6419023292197672,2.615868025917747,1.3776828350870212,1.4395455762389315,1.1488043188433428,0.6600637597635306,0.432058756488511,0.3085016777770448,1.367875521959321,1.0645259651367418
Mbi2.80Zp0.26T00.6000_iTp0.00_ACFep00_aFep02,-0.15247613151748207,-0.10383731171630993,0.3927133144740151,-0.007064073707316593,0.42491727385482536,1.8350524707553424,2.9710661651077013,1.481481896418488,1.577685954247101,1.2492786325853047,0.7354233130913534,0.4686198224245221,0.3473753910776377,1.4836053784536847,1.0481078562632284
Mbi2.80Zp0.26T00.7000_iTp0.00_ACFep00_aFep02,-0.12985439431004028,-0.08402812225735247,0.48234278774706735,0.3369329785931747,0.48171874859788405,2.0244046369445106,3.2156911801208667,1.6143797249495202,1.738071360730426,1.373711273956739,0.7674889857042361,0.5179957021002645,0.3345812734293507,1.6251790101436525,1.0375915765799097
Mbi2.80Zp0.26T00.8000_iTp0.00_ACFep00_aFep02,-0.10910992892978125,-0.06626289224376374,0.5498749256706463,0.769381218706427,0.5232124747814809,2.1223691198835946,3.360875180487563,1.7446473606813977,1.8200693419833895,1.4546766254179109,0.7977668969160643,0.5560883447653521,0.3422782626916893,1.731151169294398,1.065516151816732
Mbi2.80Zp0.26T00.9000_iTp0.00_ACFep00_aFep02,-0.09244857905108514,-0.05150988510256052,0.6139182297354819,1.1290371683483253,0.5619387138075396,2.222975645211085,3.5023716769679907,1.8691036024404586,1.8539555408007111,1.491332491625009,0.8302471441803697,0.5912432906429599,0.3600617083513065,1.8098222472837568,1.1174545117331154
Mbi2.80Zp0.26T01.0000_iTp0.00_ACFep00_aFep02,-0.07970663900300497,-0.04076824232505609,0.6690973770725559,1.403665153776347,0.6035234037094204,2.29727908384524,3.621503191557511,2.0065225696420463,1.9101485270456677,1.5448122815677165,0.8649384350607361,0.6225668447145042,0.3834433216334061,1.9045998563238684,1.1615313057327241
Mbi2.80Zp0.26T01.2500_iTp0.00_ACFep00_aFep02,-0.05440760736300682,-0.018904051881302505,0.8234895621246044,2.033485175524733,0.7205893859542352,2.4958767973123552,3.960526208186028,2.379205061117655,2.0892875308943792,1.7009007579043323,0.99157992178984,0.7218107131138453,0.46119655680856086,2.170739268167086,1.255454811123242
Mbi2.80Zp0.26T01.5000_iTp0.00_ACFep00_aFep02,-0.03484937438948582,-0.0007999286396413049,0.9803449757473351,2.5963993896091226,0.8432889935209449,2.694519520846787,4.273604747089806,2.7903952264368628,2.2637712379927906,1.8777285006792273,1.1373892520414701,0.7594706131285335,0.5247381445538988,2.4525898860282456,1.3475288675650672
Mbi2.80Zp0.26T01.7500_iTp0.00_ACFep00_aFep02,-0.03412888060271192,-0.0022018477953013376,1.0363616721737892,2.7305268140934777,0.861671733238703,2.730383494228653,4.265540490435302,2.9092167258604853,2.2620865678189874,1.8896809540816015,1.1394038769517154,0.7670297515666353,0.5233678284738595,2.50550307506544,1.401435273297147
Mbi2.80Zp0.26T02.0000_iTp0.00_ACFep00_aFep02,-0.028206262212998094,0.002937053715606011,1.1251391260105366,2.955531383218732,0.9050807676443551,2.7966356066624547,4.354678942104671,3.1024359520553015,2.3320526199709035,1.9405061210150136,1.1864549467020549,0.7914492942626371,0.5427220521194493,2.6258169144875834,1.4522613450783812
Mbi2.80Zp0.26T02.2500_iTp0.00_ACFep00_aFep02,-0.02456234854985672,0.006186581489596284,1.1947200917381744,3.138925279940714,0.9417806520913823,2.8586753454683183,4.421637120884525,3.250358797916624,2.389679354127216,1.9805103328077525,1.2275451310121388,0.8089418928353443,0.5528479782036911,2.719362130531447,1.4875138292664192
Mbi2.80Zp0.26T02.5000_iTp0.00_ACFep00_aFep02,-0.017373860042385173,0.012928152911511417,1.2588665938563037,3.3342181719137582,0.9811925152945743,2.9147596110655805,4.523671785230258,3.390581237583332,2.446750742887288,2.028106600060529,1.2720992242629892,0.8361870968885352,0.5743267274316668,2.81042025480653,1.5153918785485945
Mbi2.80Zp0.26T02.7500_iTp0.00_ACFep00_aFep02,-0.011474946564208768,0.018732739200570003,1.315755985408494,3.506586908295558,1.0132392596582516,2.9618892329706386,4.598612819648803,3.5227311366417924,2.5065614577393522,2.079824414091542,1.3181973384483665,0.8551012294415175,0.5973422094967623,2.8998316725727387,1.5361686674808772
Mbi2.80Zp0.26T03.0000_iTp0.00_ACFep00_aFep02,-0.007051754936374067,0.023035064524239108,1.3622630146639005,3.639035146090032,1.039733092600692,3.0066178521592763,4.631597143588786,3.637699865931861,2.5495965614692286,2.1185380626746086,1.3527340999449957,0.864787812782395,0.609100373522183,2.9724753768063805,1.5585239753444498
Mbi2.80Zp0.26T03.2500_iTp0.00_ACFep00_aFep02,-0.008518228429057905,0.0210167625448451,1.3846708869580004,3.6532090423331534,1.0354704186399348,3.0082687162319868,4.572777550484695,3.703993261620491,2.554264358703276,2.1180377998881794,1.3473329768024196,0.8565037830591189,0.598096989461317,3.001426245538083,1.5855110118721958
Mbi2.80Zp0.26T03.5000_iTp0.00_ACFep00_aFep02,-0.00453226480275353,0.024895086730742443,1.4173658488766154,3.755349028008329,1.057779480171562,3.04337749090008,4.602516712842959,3.7893762049813757,2.5916440139837014,2.1489895012021623,1.3713028605516047,0.867235188331984,0.6065513675882399,3.0579480872962677,1.598679245228602
Mbi2.80Zp0.26T03.7500_iTp0.00_ACFep00_aFep02,-0.0011648067647374856,0.028202897262038236,1.453325821743143,3.843188624010394,1.0765422469256056,3.0737122457115267,4.638998723723933,3.866625266770829,2.626791931384747,2.17616692374624,1.3882277143270465,0.8785197544157818,0.6129752233917214,3.109493302957466,1.6101013493547314
Mbi2.80Zp0.26T04.0000_iTp0.00_ACFep00_aFep02,0.0015845262259902501,0.030944014006899452,1.4874973965215774,3.9268933025893213,1.0940413670066658,3.103386332059177,4.664556393314628,3.9383685486436155,2.656040303784009,2.199344129377254,1.4042190746261196,0.8865353993441188,0.618014287847714,3.155447194689421,1.6222684744570912
Mbi2.80Zp0.26T04.5000_iTp0.00_ACFep00_aFep02,0.006656488417706165,0.03617786946850719,1.547039565622281,4.0906340292300385,1.1272482054100796,3.1522746070392684,4.715540244399713,4.04984364743272,2.7028730233397056,2.240627870750536,1.4350366357299569,0.8986735308316168,0.6290548104896669,3.228319590259618,1.6384516698577505
Mbi2.80Zp0.26T05.0000_iTp0.00_ACFep00_aFep02,0.009227758580055442,0.0387486617711534,1.5864993361287345,4.1897720400679095,1.1490572510074006,3.179388782627998,4.7452325834655875,4.116252711695374,2.7240685793120423,2.258428090173981,1.448315837049057,0.9060624564200437,0.6352573349207131,3.2674577850574047,1.6522851834118706
Mbi2.80Zp0.26T05.5000_iTp0.00_ACFep00_aFep02,0.006856246046005854,0.036282072554944506,1.5895817838178055,4.14872873419286,1.1380877699934748,3.174735484330304,4.726764743355521,4.117903101063552,2.7165387026702,2.2534603443825487,1.4421917047006445,0.8993122146393716,0.6285998925572076,3.2638179853890286,1.657104181340036
Mbi2.80Zp0.26T06.0000_iTp0.00_ACFep00_aFep02,0.010969382726974942,0.04044787080670019,1.6396435583997342,4.276037779186646,1.1644456039075064,3.2064793445193818,4.762343596991882,4.199862870300022,2.7517361319639733,2.278947217868654,1.4645576898511057,0.9083382882868157,0.6365504501930584,3.316765412246537,1.6696987578992637
Mbi2.80Zp0.26T06.5000_iTp0.00_ACFep00_aFep02,0.01383070694507969,0.0433540149886836,1.6825821314605631,4.364700724057309,1.1805384678242041,3.2385721150306814,4.795875893830793,4.279978062186555,2.7817966267514245,2.30247874026682,1.4835331562179583,0.9145517080428016,0.6424063813772765,3.3662467118513004,1.6836137908465085
Mbi2.80Zp0.26T07.0000_iTp0.00_ACFep00_aFep02,0.01667548060127929,0.04630904171450498,1.7148206769196235,4.434006702661232,1.1954329247220956,3.265760463806625,4.822308793268059,4.3352738960968615,2.8060177935624164,2.322463762733304,1.4997330518578742,0.9189621892221821,0.6469588468599217,3.4026285024370226,1.6906656867176921
Mbi2.80Zp0.26T07.5000_iTp0.00_ACFep00_aFep02,0.019164786595184845,0.04886963700398911,1.7483327914826963,4.48745656697664,1.2105685288545347,3.291010072858945,4.856278577400272,4.382222016164245,2.8291876623968144,2.3415592638120266,1.5127660460849814,0.9253081058535392,0.6514747110697573,3.4350833481736256,1.6950054136094657
Mbi2.80Zp0.26T08.0000_iTp0.00_ACFep00_aFep02,0.02072326192178915,0.050550199616839035,1.782496522699507,4.536778637503528,1.221443796036683,3.315786766028695,4.884491423802081,4.432902295461634,2.852080659663655,2.3581411037593436,1.5270086818582906,0.9282105074582092,0.6545371147229426,3.4684161920871377,1.7016175114010184
Mbi2.80Zp0.26T08.5000_iTp0.00_ACFep00_aFep02,0.02254120421232253,0.05258397229317959,1.815999386440412,4.582374070112065,1.2359642452307815,3.3413973238330605,4.919502189008327,4.48118945332212,2.8754312533447357,2.3767373203869337,1.5402107191000456,0.9323611902291604,0.6578006779935195,3.5013746512270707,1.706414937149754
Mbi2.80Zp0.26T09.0000_iTp0.00_ACFep00_aFep02,0.024307490462753194,0.05455093813709669,1.8470386102487681,4.619998849802232,1.2480263360365462,3.361717285826402,4.946827852024035,4.523434350470854,2.897887108518684,2.394241110360732,1.5520638061763348,0.9370829102202817,0.6603425179189397,3.531359992986769,1.709495372517135
Mbi2.80Zp0.26T09.5000_iTp0.00_ACFep00_aFep02,0.02506934322401392,0.055460078866372595,1.8858925088151064,4.6433209846221075,1.2590134186241255,3.3816701199694013,4.966934900586619,4.569152158751846,2.915456176313331,2.4023681890503967,1.5602418105064915,0.9412281597559387,0.6591111309256874,3.5587550207975087,1.718429133730642
Mbi2.80Zp0.26T10.0000_iTp0.00_ACFep00_aFep02,0.027536587211949133,0.058098822566195946,1.9117997721838977,4.695277240367534,1.2723318367009828,3.4009678532942966,4.980222038322646,4.600902313646335,2.932264506649528,2.4137777035390116,1.57233917226469,0.9429538596842948,0.6615425819111707,3.5809385021107927,1.7212368076248596
Mbi2.80Zp0.26T10.5000_iTp0.00_ACFep00_aFep02,0.03049137252912074,0.06125908853626071,1.9355437897637,4.746515808442154,1.2833763295200398,3.4188577492148005,4.992815991560216,4.640307397255292,2.9502599264340796,2.4259517704402667,1.585720065818321,0.9453008728078902,0.663807382164872,3.606783425206189,1.7262368592937294
Mbi2.80Zp0.26T11.0000_iTp0.00_ACFep00_aFep02,0.03038312211613636,0.06125442839711623,1.9855733963829068,4.771078418184997,1.294111337327363,3.4486937612633684,4.993986347834265,4.677550544186614,2.970886165302,2.445047972540622,1.6003362922716582,0.9421041594953677,0.668136046967277,3.6342499193516433,1.7273291827916746
Mbi2.80Zp0.26T11.5000_iTp0.00_ACFep00_aFep02,0.03159588644504076,0.06259076429114249,2.0133611042102206,4.808520236407672,1.3032858204877462,3.465417776105696,5.0024774118072655,4.708486527641054,2.9871690558105217,2.4544801868534307,1.6122925455147006,0.9426517210598928,0.6706925644192411,3.655511033146477,1.7305365773028105
Mbi2.80Zp0.26T12.0000_iTp0.00_ACFep00_aFep02,0.03301985786449347,0.06417528040854283,2.0460502174575828,4.842856152958647,1.3149559567018687,3.4831622956932007,5.01254477998921,4.750809195525727,3.004499935216583,2.4672543619714395,1.6215822983907069,0.9459355096,0.6717564520629901,3.6822747835390297,1.7364848410562603
Mbi2.80Zp0.26T12.5000_iTp0.00_ACFep00_aFep02,0.03586912858800825,0.06719257425025033,2.0677484601506144,4.892799610068579,1.3280239747960396,3.5005922210492306,5.027990186569686,4.785353126141566,3.0224996932694355,2.481418298727722,1.6329086863706028,0.9481820269128911,0.674455601187652,3.706579825654102,1.7388896902532327
Mbi2.80Zp0.26T13.0000_iTp0.00_ACFep00_aFep02,0.03802939428607872,0.06956196981934694,2.0972410818618505,4.939557277630657,1.3405228955648805,3.5169922781379883,5.041049953855732,4.827983279049054,3.037965652279534,2.4929336766099994,1.6436190683831349,0.950770003038934,0.6758531343608608,3.732352327595649,1.745822150054715
Mbi2.80Zp0.26T13.5000_iTp0.00_ACFep00_aFep02,0.03962211210110255,0.07130728614017977,2.128626723472921,4.981526507658026,1.3516943562823536,3.536202217756244,5.05247543572368,4.863244263734811,3.0541314272331697,2.50481811238458,1.65418549370551,0.9521214284377715,0.6778363348543525,3.7556600741418764,1.7496990138425406
Mbi2.80Zp0.26T14.0000_iTp0.00_ACFep00_aFep02,0.041019804226627536,0.07290981904512238,2.15638705344575,5.0178396171984225,1.3617220272575234,3.5499896603811902,5.065045021642004,4.895151937784176,3.0677498757544415,2.515316025187829,1.663530851735475,0.9550041133980524,0.6802022414294093,3.776229920355602,1.7535712544457005
Mbi2.80Zm1.79T00.0300_iTp0.40_ACFep00_aFep04,-0.10665014752150984,-0.06372152622670481,0.2581476343220697,0.021050951308038343,0.35438760481574305,0.40690894347172757,0.8585874490801289,0.48537583842613624,0.416000508243732,0.4313769939724802,0.2186115753517014,0.05682030939799859,0.12544336840821185,0.45167061048649054,1.145595291724633
Mbi2.80Zm1.79T00.0400_iTp0.40_ACFep00_aFep04,-0.11271242544661694,-0.06936339831699995,0.16600911552049782,-0.11476734244097347,0.3093258170172541,0.2941602121394516,0.7496552037667759,0.3769342263266648,0.3139709922557301,0.3451877764233642,0.1661467938425831,0.04019392076245043,0.10557676252756606,0.34877081569957413,1.143682658070417
Mbi2.80Zm1.79T00.0500_iTp0.40_ACFep00_aFep04,-0.11435077127972705,-0.07047601904347078,0.1566308163317162,-0.10751874351927085,0.3007387168082839,0.295098063993271,0.7333203810075709,0.37483269620478515,0.31201225526975745,0.3392895884810316,0.1652382007774115,0.040605292038229254,0.10544704785347295,0.34614337646486776,1.1510260558949357
Mbi2.80Zm1.79T00.0600_iTp0.40_ACFep00_aFep04,-0.12100876775724581,-0.0768088530864203,0.08133322084875898,-0.25699573342805515,0.2612985091611906,0.2106104971149663,0.6543602451820317,0.2886486541099572,0.23022497685104043,0.2712326047321099,0.12897438663859503,0.027176534192045024,0.09281534708018248,0.2641371476287658,1.1512385681702741
Mbi2.80Zm1.79T00.0700_iTp0.40_ACFep00_aFep04,-0.12383317141737793,-0.07897025818096733,0.07805555844092894,-0.26734237261076704,0.2514686671692753,0.22219552674457838,0.6483452477952555,0.29872354490420344,0.23715555234909994,0.27697154409564423,0.1338417448213338,0.03047211901336445,0.09411148394322259,0.2723495182059089,1.1620610816660535
Mbi2.80Zm1.79T00.0800_iTp0.40_ACFep00_aFep04,-0.12562816036041205,-0.08048535792852235,0.07352310400242179,-0.28458867346898503,0.23890085913946912,0.23178841876987474,0.6521632692913779,0.30424513540308173,0.2448680069513524,0.2827654002893713,0.14114918999322246,0.03512802585949024,0.09482245851856774,0.2787980043861699,1.1532443974468625
Mbi2.80Zm1.79T00.0900_iTp0.40_ACFep00_aFep04,-0.1271688727018833,-0.08156789846699838,0.0760584518391777,-0.2998550881070867,0.2279847956272389,0.2635501295395465,0.6734309092453488,0.30571413903526823,0.2894764498706406,0.3092054364681377,0.16412750777060317,0.05035740690067662,0.10733003463838599,0.300309580409388,1.0212907589533204
Mbi2.80Zm1.79T00.1000_iTp0.40_ACFep00_aFep04,-0.129432480260698,-0.08363356875283079,0.07790137546225363,-0.33872868359555564,0.2077765758018863,0.28063596193223284,0.6698524177993979,0.3023568722571562,0.30690014801797455,0.3188073933683026,0.17276583059269282,0.05050582237691248,0.11228970358836385,0.3062701998875237,0.966447908194534
Mbi2.80Zm1.79T00.1500_iTp0.40_ACFep00_aFep04,-0.13637336217355767,-0.09020042673885464,0.08209427441012843,-0.45868126759643024,0.14909065589804363,0.30649691262490913,0.6400476449194551,0.3292036060863004,0.33427108243214454,0.3342751779028215,0.18258333184445674,0.05928914432512069,0.1115354173362801,0.331728237048451,0.9848341861081007
Mbi2.80Zm1.79T00.2000_iTp0.40_ACFep00_aFep04,-0.1411523212740497,-0.09475841179054628,0.08390604972778537,-0.5559051402499422,0.10995313842865895,0.3232227431289916,0.6182511903137338,0.3447395481389065,0.34428347798841996,0.33902496331210435,0.18929789307915953,0.059161544247606196,0.11199790750164479,0.34377396876562444,1.0090305557553836
Mbi2.80Zm1.79T00.2500_iTp0.40_ACFep00_aFep04,-0.14581005233233021,-0.09896875126781982,0.08535655132267057,-0.6050670894160093,0.08588062890327575,0.3349974671394068,0.619164094300218,0.36295334946939534,0.35172294905380985,0.34309422725202954,0.1939354024831468,0.05871856847764648,0.11213877859574004,0.3560647579725449,1.0447448964895285
Mbi2.80Zm1.79T00.3000_iTp0.40_ACFep00_aFep04,-0.1506437746294136,-0.10278350635104704,0.09047503362514983,-0.647860491896343,0.07422902794529448,0.3446281741162175,0.6046563417892915,0.38565061180393606,0.3612266939780496,0.3477916182899396,0.19310429945899174,0.05539870325952892,0.10878526837658002,0.3712903808181643,1.087843868433601
Mbi2.80Zm1.79T00.3500_iTp0.40_ACFep00_aFep04,-0.15435926945719744,-0.1064017589872699,0.09078152017734668,-0.6929147254678159,0.06698682052950894,0.3628555703992252,0.611366862828591,0.40599297701041387,0.3728031153995111,0.35425761358476815,0.20216464048158234,0.06015210506012397,0.11276593781152493,0.3863252910204908,1.1168062331673325
Mbi2.80Zm1.79T00.4000_iTp0.40_ACFep00_aFep04,-0.15766493798144576,-0.10957531731202301,0.09263914517827072,-0.7295200476286807,0.07107921538093331,0.3710331194479132,0.6052625627869314,0.4148220296725006,0.384405806031192,0.3588276976534471,0.20017999621725108,0.06039238271992101,0.11342918716415867,0.3955870259281384,1.1162629984143273
Mbi2.80Zm1.79T00.4500_iTp0.40_ACFep00_aFep04,-0.1628031718444909,-0.11453411316647166,0.0974246846443871,-0.8420954682886691,0.06537637792007284,0.34307856320676616,0.5499601537136507,0.43616024294209754,0.3791212120799772,0.3510917138330289,0.17236067151023282,0.05434375817525719,0.08874271764974698,0.40241086117440195,1.1946111263279924
Mbi2.80Zm1.79T00.5000_iTp0.40_ACFep00_aFep04,-0.16617858514051606,-0.11759782242370828,0.10134812685626313,-0.8856996513654847,0.05612095655038682,0.35115345303790924,0.5526622057676985,0.45562767572736973,0.386330057555079,0.3569589456524045,0.17431244780311217,0.05577130906031451,0.08927782205107071,0.4150609889901884,1.2259771737809089
Mbi2.80Zm1.79T00.6000_iTp0.40_ACFep00_aFep04,-0.1707550576004811,-0.12202582474428451,0.10550585943055149,-0.9393469532581913,0.04017435036917531,0.36290613035967323,0.5615397432484501,0.48443213201389296,0.3930026522499521,0.3646046633711182,0.17716157342258274,0.05264560022338037,0.08545611728877013,0.43189255746454397,1.2788475560502366
Mbi2.80Zm1.79T00.7000_iTp0.40_ACFep00_aFep04,-0.17080662178159456,-0.12255522732597737,0.11009507463803007,-0.9208633445936598,0.03480110208795609,0.3701028080330096,0.5738163088013052,0.5236234477342608,0.39643541417638684,0.37179979005476094,0.17914313981323265,0.05112862294953995,0.08541532934924935,0.4516314172551518,1.3631852454830025
Mbi2.80Zm1.79T00.8000_iTp0.40_ACFep00_aFep04,-0.16589315940576937,-0.11847196814768665,0.11737684493321368,-0.8665101162554366,0.03423938102990609,0.38534461799703884,0.59792503596425,0.560149917847963,0.4044760080708236,0.3836486780476359,0.1834865735216038,0.05115157788215306,0.08864480203737769,0.47254693214106175,1.421475377472872
Mbi2.80Zm1.79T00.9000_iTp0.40_ACFep00_aFep04,-0.15178474032839898,-0.10679045532131037,0.12562106489429742,-0.6957444497691242,0.05303929203683795,0.4411926856551207,0.7021381163771477,0.5941589458766011,0.44862900902885633,0.4213198376272421,0.20442613869907655,0.057468997359220064,0.09709829924384758,0.5118727012805825,1.3659629486501967
Mbi2.80Zm1.79T01.0000_iTp0.40_ACFep00_aFep04,-0.14331115213718906,-0.10108672122752514,0.1307714875137946,-0.5644957385800438,0.06725995489614298,0.5112674898128292,0.7798730687554412,0.6068388772224318,0.49231707304382927,0.45076762800375714,0.22173634320608326,0.06475055379369149,0.10540095589345636,0.5400900578993267,1.2869233835483707
Mbi2.80Zm1.79T01.2500_iTp0.40_ACFep00_aFep04,-0.1402790266483561,-0.10078178757759856,0.14419375008646113,-0.48896210360576664,0.05798339864805685,0.5690248448848495,0.7820866656479218,0.6332647145370074,0.5158100466204779,0.48092146393550517,0.22881315257959495,0.0723977785738741,0.09737345798095155,0.5660901550010823,1.270682641875681
Mbi2.80Zm1.79T01.5000_iTp0.40_ACFep00_aFep04,-0.1362706069780924,-0.09797644288018528,0.1528870620873859,-0.45075720219305,0.055921697763591,0.5908201199871314,0.7917980842852602,0.6467013415333686,0.5308821335591881,0.4984143825465667,0.23891004929625434,0.07812396078548434,0.09546144148928717,0.5808984810538089,1.2565890030991291
Mbi2.80Zm1.79T01.7500_iTp0.40_ACFep00_aFep04,-0.1326751916754477,-0.09518434205792192,0.15609051742904817,-0.4147417780552657,0.05255936560168517,0.5891427525550768,0.7685927588740465,0.6590962658080926,0.526451406753252,0.5002203724828784,0.23688619145987494,0.07902384496656803,0.09148903603047376,0.5849284561674506,1.283947370791621
Mbi2.80Zm1.79T02.0000_iTp0.40_ACFep00_aFep04,-0.127369733952527,-0.09109577273681327,0.15892127644525578,-0.3553876057985883,0.06399855867187595,0.6011485390487676,0.7737756330447226,0.6702630689987513,0.5353676690098461,0.5067373359850735,0.24046341105847893,0.07999358075958632,0.09120065749220188,0.5945283992434237,1.2863637844288425
Mbi2.80Zm1.79T02.2500_iTp0.40_ACFep00_aFep04,-0.1208086486754318,-0.08588224850833584,0.16221744374761815,-0.2913594531881327,0.0773429089666908,0.6095585891128964,0.7803732141868168,0.6823688630847128,0.5391794141681201,0.5110492283920456,0.24151041690508473,0.0804403985236348,0.09120569796294253,0.6021167646199487,1.2994672501433346
Mbi2.80Zm1.79T02.5000_iTp0.40_ACFep00_aFep04,-0.11458227174551927,-0.08076752877004487,0.16471365127508067,-0.23724829271342396,0.08986662958135078,0.6139535717935273,0.7763012634783399,0.6933921762642967,0.5406574521806002,0.5128553942449552,0.24202926119068036,0.07927613091660454,0.09089927620445476,0.6078567949222596,1.3163430870670336
Mbi2.80Zm1.79T02.7500_iTp0.40_ACFep00_aFep04,-0.10695832054270106,-0.07437255312285047,0.17105065145217963,-0.1423045157108757,0.09967182029799046,0.6440898377917206,0.7985092485083434,0.7073099914555272,0.5516064043225032,0.5240348605309875,0.2465874576157244,0.08318950342000336,0.09521878689730544,0.6202388775102363,1.315141050398187
Mbi2.80Zm1.79T03.0000_iTp0.40_ACFep00_aFep04,-0.10621430640510005,-0.07349290217833924,0.17794603122266225,-0.11539351583131058,0.09241020835794243,0.650611705522982,0.7893552829602145,0.7209363636289753,0.5528899109131279,0.5288303856511472,0.2453862388960197,0.08433299454333586,0.09494224093129656,0.6274884330392196,1.3329441370727533
Mbi2.80Zm1.79T03.2500_iTp0.40_ACFep00_aFep04,-0.10373266902132497,-0.07138483431693676,0.17908786492482412,-0.09161350346741798,0.09382479943989357,0.6505378600815712,0.7848813769497052,0.7246444676087674,0.5560568360130231,0.5306144310151767,0.24890331827377268,0.08425046316035564,0.09539957639720353,0.6306990046337909,1.3336958279765805
Mbi2.80Zm1.79T03.5000_iTp0.40_ACFep00_aFep04,-0.10279034914123455,-0.07040965991296598,0.18249116536074583,-0.07607850210841981,0.09772374935387465,0.6598774952921088,0.7931561856405129,0.7395542163821,0.5686372501843857,0.538465660902493,0.25915695459931126,0.08689648493599757,0.0957637992305718,0.6436538578045199,1.3360171109225172
Mbi2.80Zm1.79T03.7500_iTp0.40_ACFep00_aFep04,-0.10026316383685521,-0.06847543835755013,0.18424078500440436,-0.0451383527674454,0.10021757584024424,0.6669115747862031,0.7916443002972255,0.741113856368942,0.5733887782625838,0.5443395170286011,0.2617966480913369,0.08903597283381878,0.09609980819558263,0.6472389835693457,1.3261073545174424
Mbi2.80Zm1.79T04.0000_iTp0.40_ACFep00_aFep04,-0.09511890585497573,-0.06446120985288423,0.17801634329688804,-0.002745863344418004,0.1092311844538211,0.6479320196826834,0.7703969126335878,0.7349472939690566,0.5640215670562846,0.5420063069829828,0.2620823594451241,0.08863648241148507,0.09289127279730555,0.6403090728854868,1.3289851209355033
Mbi2.80Zm1.79T04.5000_iTp0.40_ACFep00_aFep04,-0.088821629606429,-0.05938099206175322,0.1914149039079985,0.07802367287127401,0.11156332922217224,0.679719428349145,0.7904092296814706,0.7562885011583774,0.5847826735984667,0.556340417724293,0.2692585936759954,0.08955759750158712,0.09552012136644854,0.6604857738218691,1.3255160760645162
Mbi2.80Zm1.79T05.0000_iTp0.40_ACFep00_aFep04,-0.08733387403323453,-0.058123241136799994,0.19669431921620606,0.11079691577688558,0.10960190045942005,0.6907854137909485,0.7945175063387221,0.7681396464410698,0.5945604258052972,0.5660250979421301,0.27515154951161863,0.0924751829507733,0.09693367201811098,0.671243683472912,1.3237105421767028
Mbi2.80Zm1.79T05.5000_iTp0.40_ACFep00_aFep04,-0.08632229739552619,-0.05735086733303957,0.20209014083551488,0.13037621907403593,0.1084261188454807,0.6992297465461754,0.7989784945573353,0.7812521307143676,0.6025545373317223,0.5746943535048828,0.2802567968647616,0.09424336118767795,0.09744755173634216,0.6816542997212813,1.3272505700288668
Mbi2.80Zm1.79T06.0000_iTp0.40_ACFep00_aFep04,-0.08489982885669956,-0.05608121085354272,0.2060997654176185,0.14525522898544657,0.10899109291528916,0.7083348336396236,0.8037283770197888,0.7900926858091684,0.6101143477401239,0.5823206338035298,0.2854225810750491,0.09579517434979475,0.0985553881740216,0.6898537474209488,1.3251752892830475
Mbi2.80Zm1.79T06.5000_iTp0.40_ACFep00_aFep04,-0.08308249959304712,-0.05452531163281846,0.21022680568873064,0.16605032375685697,0.10946098112843411,0.7176549020445856,0.8076583771686927,0.7997386709893045,0.6177003947516109,0.5894084269914481,0.2903096458664973,0.09677879482729339,0.09866195386495055,0.698329121670642,1.3250481755811974
Mbi2.80Zm1.79T07.0000_iTp0.40_ACFep00_aFep04,-0.08252024259468016,-0.05403061053224108,0.21469393824734392,0.17893774411335706,0.10849199688652644,0.7245731489807452,0.8124190600464273,0.809235128377199,0.6248997806638447,0.5960729549529706,0.2947272542162756,0.09860552176268676,0.09960932954209414,0.7065119275900675,1.325558064928267
Mbi2.80Zm1.79T07.5000_iTp0.40_ACFep00_aFep04,-0.08173372785055685,-0.053363399217351386,0.21886818300959535,0.19737887618425123,0.10907785029131344,0.7334190137194405,0.8200123998132516,0.8194923467118367,0.6325795481949079,0.6030827511084366,0.2986639142832443,0.10054683027823368,0.10105866315293768,0.715280243388557,1.3264017963060932
Mbi2.80Zm1.79T08.0000_iTp0.40_ACFep00_aFep04,-0.08089326900173673,-0.05260361227828367,0.2233648558019121,0.2108756304598731,0.10974477388356256,0.7412058140084459,0.8259727551690396,0.8302190518504731,0.6404742145927046,0.6103441727258606,0.303548536169398,0.10309240058744062,0.10313710560981698,0.7243823751530526,1.3274813678271078
Mbi2.80Zm1.79T08.5000_iTp0.40_ACFep00_aFep04,-0.08213353111776334,-0.05332751507194475,0.22259581990137836,0.20223090340463923,0.10296917988173561,0.7259455204037876,0.8035430036999753,0.8207227943585544,0.6350955085767924,0.6088263707788386,0.2996852837321754,0.1048423352972784,0.10554730851981828,0.7177747906088741,1.319572889551071
Mbi2.80Zm1.79T09.0000_iTp0.40_ACFep00_aFep04,-0.08472073796312117,-0.0549827419635584,0.22330042199721625,0.1688858899679071,0.09783099990090041,0.7209055641930076,0.7908225191437488,0.8164725570134451,0.6338987077336189,0.6086157879857198,0.2987037490503876,0.10468909526603808,0.10252469066946795,0.7153886439921262,1.3142262079457805
Mbi2.80Zm1.79T09.5000_iTp0.40_ACFep00_aFep04,-0.08742773484278529,-0.05709479234537996,0.224311885889055,0.1375551958133938,0.09577651377379806,0.7187665834653982,0.7886864471951567,0.821629825509398,0.6362087049433791,0.612281350534615,0.3023363751944497,0.10677357138006398,0.10342453858297651,0.7191824576436858,1.3161976291350286
Mbi2.80Zm1.79T10.0000_iTp0.40_ACFep00_aFep04,-0.09149400291296744,-0.06047488948446683,0.2249616467086624,0.10119893268989036,0.09205644498420873,0.723743585440371,0.789555710304712,0.8238344683697482,0.6408008524579674,0.615236996257656,0.3046892677232917,0.10777084383458342,0.10343444984314272,0.7225073851308076,1.311798795254729
Mbi2.80Zm1.79T10.5000_iTp0.40_ACFep00_aFep04,-0.09305530342841555,-0.06175468360197543,0.22807915381539606,0.08373551624301641,0.09109178680023067,0.7308269297534155,0.796389987642514,0.8331417178005899,0.6474412353905672,0.6213270989861843,0.3079402759012939,0.11059029382446169,0.10434589914517255,0.7302865229611195,1.31330786752311
Mbi2.80Zm1.79T11.0000_iTp0.40_ACFep00_aFep04,-0.09421712161207062,-0.06259889898042496,0.230745256457949,0.0793336103979233,0.08725260589283691,0.737470336888803,0.8020021000118341,0.8378324576497208,0.6545840980015192,0.6254393751049044,0.31147078099849457,0.11234993301962393,0.10573631029821676,0.7359311469286247,1.3090892085227592
Mbi2.80Zm1.79T11.5000_iTp0.40_ACFep00_aFep04,-0.09451332281562277,-0.06300339314274712,0.23583054278700513,0.13182376606790064,0.08028014939577151,0.7886585403233282,0.8482565387244959,0.8533520480087994,0.6810080986246805,0.6498909083046105,0.323013561186449,0.11604622882428266,0.11187080192490602,0.7574328739943457,1.2823693511917045
Mbi2.80Zm1.79T12.0000_iTp0.40_ACFep00_aFep04,-0.090871804214567,-0.05975464137775627,0.2409092957813107,0.17460725914523045,0.0856195095986924,0.7905650175813751,0.852951344427218,0.8598560103023154,0.6838348353703809,0.6543905045733984,0.325714654822908,0.11718605412492264,0.11079482623387928,0.7621748391949738,1.2850690905889424
Mbi2.80Zm1.79T12.5000_iTp0.40_ACFep00_aFep04,-0.08833686221807065,-0.05769117775557885,0.24084362187738748,0.1920300934346807,0.09198023937359014,0.7990109724310859,0.8627643335246667,0.8606149675053034,0.6888957358715344,0.658229208278116,0.33410479362257506,0.11979325503978001,0.11474357188238171,0.7651693936639754,1.2777062309518021
Mbi2.80Zm1.79T13.0000_iTp0.40_ACFep00_aFep04,-0.08651785288327021,-0.05623714560000043,0.24526633610652937,0.2220544593505268,0.09197269082430683,0.8026854227020219,0.867637971022697,0.8679568948415443,0.6919640528758207,0.6632974911956964,0.33408599386163823,0.1221676810792076,0.11393069709431725,0.7704727091304412,1.2808699525760943
Mbi2.80Zm1.79T13.5000_iTp0.40_ACFep00_aFep04,-0.0840545320194106,-0.054354574567906225,0.24809420454919767,0.2609907217369718,0.09651669586454736,0.8108254857559175,0.8770924940381631,0.8773653138235101,0.69541938525507,0.6693110969374786,0.3364996194731011,0.12497877650784887,0.1153273304220138,0.7769961552947238,1.2857708174202318
Mbi2.80Zm1.79T14.0000_iTp0.40_ACFep00_aFep04,-0.08038389672875122,-0.05133177220117946,0.251991657514382,0.30691991494579285,0.10184010264304139,0.8234660896960961,0.8901161515733914,0.8873285133710048,0.7017321464635902,0.6761899921443216,0.341212812931156,0.12750059690778853,0.11911514096996115,0.7850611080651411,1.2879225734299555
Mbi2.80Zm1.49T00.0300_iTp0.40_ACFep00_aFep04,-0.1158873121704511,-0.07289262072726102,0.2193228791242408,-0.1326640751097025,0.3248092671485313,0.3977120319286217,0.9045556188238415,0.47998035650730486,0.4195127161554375,0.43124677327619954,0.20958098120544957,0.06642477842572882,0.12305791126228188,0.45048291399037854,1.1283573382836156
Mbi2.80Zm1.49T00.0400_iTp0.40_ACFep00_aFep04,-0.12372287634506507,-0.07928426132605292,0.1812140806541686,-0.2378451775745628,0.2914760377163817,0.3612285118323328,0.8470675305351789,0.42606826966283123,0.3899428098471007,0.40303795515959917,0.19273839326666672,0.059203048737854,0.11981375988471335,0.4095173958603162,1.0745992550253887
Mbi2.80Zm1.49T00.0500_iTp0.40_ACFep00_aFep04,-0.12975895628406503,-0.08505997922431965,0.09942946897563941,-0.38460614159311485,0.25120330332633867,0.2681273660082726,0.7635473178806151,0.3331616889123586,0.2996056842805065,0.3270757293973152,0.1524667195251819,0.04271761770117718,0.10396322114851705,0.3199682584848199,1.0632569648336108
Mbi2.80Zm1.49T00.0600_iTp0.40_ACFep00_aFep04,-0.13228561985649465,-0.08692877372079945,0.09881513502869184,-0.38177251318180444,0.2406605735943313,0.2815396987887113,0.7496685099151893,0.35292913502593826,0.30546861870065234,0.33183750384355204,0.15797749877335174,0.04269875514822082,0.10294905784346141,0.3322868531353781,1.1075654933833108
Mbi2.80Zm1.49T00.0700_iTp0.40_ACFep00_aFep04,-0.13333283177574407,-0.0875231965239669,0.09210385437782871,-0.3844861705981444,0.22801117562523543,0.2935745636938208,0.7487756863363757,0.35257256094298967,0.3124691568610569,0.3360592666915601,0.1656097801683109,0.0484913340067647,0.10468333619191342,0.3354055365855524,1.087300257440095
Mbi2.80Zm1.49T00.0800_iTp0.40_ACFep00_aFep04,-0.13607954827575508,-0.08982975307591975,0.09400095495566135,-0.42584486869391186,0.20444631189278162,0.3119832926426975,0.7476404904390859,0.37275152723682936,0.32737476148774,0.3482206639000156,0.1762782501968364,0.0562891681449153,0.10897689312922772,0.3524274933548366,1.1034755808859715
Mbi2.80Zm1.49T00.0900_iTp0.40_ACFep00_aFep04,-0.140200891462673,-0.09357714889081961,0.10067202926006155,-0.5081063146900848,0.18436697026973592,0.3342578147402517,0.7594837419384699,0.40552717452394305,0.34996766927332745,0.3665477392051965,0.1888176532998503,0.0680324591594868,0.11778858506613388,0.37921501472218727,1.1319426483376118
Mbi2.80Zm1.49T00.1000_iTp0.40_ACFep00_aFep04,-0.1421184708801253,-0.0951081315205809,0.10219668596383825,-0.520160402476186,0.17818133729145952,0.34725817117999064,0.7700497684189784,0.4233885463756737,0.36154922083293983,0.37640312423501415,0.19799347947750065,0.07373087695623406,0.12117342638308326,0.3934929622892261,1.1474685301980745
Mbi2.80Zm1.49T00.1500_iTp0.40_ACFep00_aFep04,-0.14830088231393634,-0.10145054023478332,0.11143072647550115,-0.6408441993576208,0.12457432919286834,0.3745858034968942,0.7458080312556913,0.48914858944475553,0.3904122660137477,0.4052728552353455,0.2114267489098439,0.09291097891950022,0.1285646378209804,0.4393232743370796,1.2295029186341293
Mbi2.80Zm1.49T00.2000_iTp0.40_ACFep00_aFep04,-0.15371485514101368,-0.10606857265458222,0.11708239456759152,-0.6656109274477864,0.09917863290947052,0.3862126879954143,0.7307077822988685,0.5140139535068904,0.3948458665546518,0.41487356117766266,0.2115284503589661,0.09315692686355605,0.12781730149839213,0.45369455468585396,1.2696100300975326
Mbi2.80Zm1.49T00.2500_iTp0.40_ACFep00_aFep04,-0.15547868729018816,-0.1079357940214066,0.11824805376282566,-0.6649287307370616,0.09558928587407214,0.40273751493930326,0.7302432589264428,0.5380453287155199,0.40909754848443924,0.42348030140582094,0.21527426118747753,0.09303754963944258,0.1254225944651805,0.47146561422608624,1.2924805260827879
Mbi2.80Zm1.49T00.3000_iTp0.40_ACFep00_aFep04,-0.16101013671393274,-0.11345029953912508,0.12120257243752161,-0.7350782653754081,0.09697462588119975,0.4103672578086139,0.7143595941974863,0.5493465380669358,0.4181997318655432,0.4327763518076867,0.20652018636028244,0.08772855730913309,0.11399407302023072,0.48164167938146557,1.2910974787815115
Mbi2.80Zm1.49T00.3500_iTp0.40_ACFep00_aFep04,-0.16281040600954283,-0.11539084026883609,0.1271115774135706,-0.7762036028897548,0.08710779952371756,0.4332861610777539,0.7305812120925009,0.5641113903566976,0.4340383988193637,0.44176080700643594,0.21143691278329707,0.08685865370181171,0.1110232187593961,0.4960501670028881,1.2882208309946832
Mbi2.80Zm1.49T00.4000_iTp0.40_ACFep00_aFep04,-0.163852124955995,-0.1167622069659187,0.1309070860833843,-0.7841164377476191,0.08590081557068413,0.4522906199253761,0.7528763943757011,0.5807465037873114,0.4488143475067474,0.4534776887240374,0.21466175301437576,0.0902281665174174,0.11080421759950013,0.5112784608355229,1.287269488076852
Mbi2.80Zm1.49T00.4500_iTp0.40_ACFep00_aFep04,-0.16672961405838113,-0.11951789361509454,0.13508931999301668,-0.8103822223474132,0.07554851470489382,0.46299858460690657,0.7476728552680529,0.603147485013052,0.46021503248393114,0.4613165867364491,0.22197731441765947,0.0937640034590268,0.11277681186719697,0.5270327990907647,1.3090109388179594
Mbi2.80Zm1.49T00.5000_iTp0.40_ACFep00_aFep04,-0.1679640853542273,-0.1209247762242338,0.13727955212110132,-0.8284454666851151,0.07044699790966968,0.47677984326022066,0.7570769347964484,0.6268218088424344,0.4676949290862551,0.4681520489981662,0.22585769973897224,0.09156191846751396,0.11242310525835804,0.5415178765291985,1.3395818408805928
Mbi2.80Zm1.49T00.6000_iTp0.40_ACFep00_aFep04,-0.1688676553469348,-0.12217095760023151,0.14121534726203555,-0.8258844042509581,0.06249947124414886,0.4939152922828396,0.7710479670075455,0.6506562855838796,0.4819558361174662,0.47235559484239426,0.23545918652585154,0.08702603025995465,0.11104653656374083,0.5584250944322025,1.3636141504234942
Mbi2.80Zm1.49T00.7000_iTp0.40_ACFep00_aFep04,-0.16751048265684074,-0.12167978429626956,0.14901035117263894,-0.828779980939021,0.0664736189380245,0.5242107032837379,0.8084317476040552,0.6783206205156619,0.5071759280520652,0.48958387811805626,0.2479802667329832,0.08438080255356467,0.10808590966445836,0.5836836781709913,1.361051311091671
Mbi2.80Zm1.49T00.8000_iTp0.40_ACFep00_aFep04,-0.16486382146382206,-0.12045498919249788,0.15668403193184108,-0.7812897310231529,0.06844226059889914,0.5533455617689812,0.8428837470232512,0.7056667546493403,0.5293546836316996,0.5087187774161714,0.2574215504024524,0.08030608127280818,0.1078199358472952,0.6078409505994713,1.3595699748204972
Mbi2.80Zm1.49T00.9000_iTp0.40_ACFep00_aFep04,-0.15937828528396664,-0.11671025614792759,0.16704742014801469,-0.6920568053401168,0.07337136068967337,0.6079368813890109,0.9006641797707144,0.7386190826079501,0.5556305460166474,0.5283060993951277,0.25891197626901996,0.08175538784332821,0.1032595041741497,0.6361982898537143,1.3628454868362847
Mbi2.80Zm1.49T01.0000_iTp0.40_ACFep00_aFep04,-0.15389531727012806,-0.11274542580518804,0.18118629066834963,-0.5855533778162495,0.0814883428286591,0.6776819604415367,0.99835197331129,0.775418139201759,0.6050257516808321,0.5683840344749785,0.27874766132114054,0.09997875950926871,0.10827658321972439,0.679111478278109,1.3216493476538902
Mbi2.80Zm1.49T01.2500_iTp0.40_ACFep00_aFep04,-0.14253757438844683,-0.10391416925975241,0.19735147970684358,-0.4359093243827451,0.08264041251736265,0.7447415041167916,1.0371887123472845,0.7922781331397364,0.6439114916448336,0.6064564616411307,0.2942305535086916,0.1200695941904922,0.107950814651623,0.7084123447245568,1.2672719755134978
Mbi2.80Zm1.49T01.5000_iTp0.40_ACFep00_aFep04,-0.13591550259207907,-0.09881704967615884,0.20797557655192037,-0.35071041584552437,0.10019383843223895,0.7808936646392739,1.0632065843367084,0.8110012486144762,0.6700033205720036,0.6300258499850057,0.30368921304084595,0.12969082849331343,0.10958603459542646,0.7309551501714993,1.2476662323923013
Mbi2.80Zm1.49T01.7500_iTp0.40_ACFep00_aFep04,-0.13000230304282026,-0.09431048005768425,0.21159385095650093,-0.2899689687849562,0.11590832450735579,0.7904733612916957,1.0609668551812699,0.8189320376718229,0.6732642615837052,0.6354764850401105,0.30614190791384144,0.12937928996058287,0.10839654237587033,0.7366769304071206,1.251480921312243
Mbi2.80Zm1.49T02.0000_iTp0.40_ACFep00_aFep04,-0.12382724813642691,-0.08940907525902834,0.2150517308414664,-0.24135431388990747,0.13447345938532032,0.7948546809435787,1.068567741882711,0.8262642190509069,0.6744343582204427,0.6386057271950437,0.3071999497593574,0.13017852867291202,0.10804084863504962,0.7409263673690063,1.2585514002635363
Mbi2.80Zm1.49T02.2500_iTp0.40_ACFep00_aFep04,-0.1190238202170344,-0.08545337505579552,0.21939997183467122,-0.19151908699908268,0.14410778601588903,0.8178615201664862,1.0962675963263366,0.8329634146106372,0.6866399266018408,0.6483135579253307,0.31520476988733176,0.13461602305666148,0.111252954702984,0.7503379826797997,1.2479287469790235
Mbi2.80Zm1.49T02.5000_iTp0.40_ACFep00_aFep04,-0.11279136903847378,-0.08034671987749659,0.2248183434319651,-0.12491107600021488,0.15129229211361817,0.8082324239587882,1.0754807326258387,0.8428203922154892,0.6777746027636393,0.6475680195069824,0.3130767323199607,0.13074295055961113,0.10939756311640349,0.751075105244173,1.2718528447708728
Mbi2.80Zm1.49T02.7500_iTp0.40_ACFep00_aFep04,-0.1115759548795505,-0.0792424815645853,0.22809005853862574,-0.10061167650706324,0.14817366361855439,0.8212194711968497,1.0779653908361555,0.8401055471057419,0.684827562865811,0.6531973251878597,0.3162720662009739,0.13300270986691137,0.10959931823920122,0.7535828207292204,1.25573979169817
Mbi2.80Zm1.49T03.0000_iTp0.40_ACFep00_aFep04,-0.11123843583517867,-0.07869716557085661,0.23318572760124004,-0.07727019194345673,0.145050118248859,0.8354506317728574,1.0770945389735744,0.8509936457234297,0.6958004545302765,0.6634251633122933,0.3237933486883787,0.13909820978110732,0.11417365256900867,0.764465459459977,1.252174230021016
Mbi2.80Zm1.49T03.2500_iTp0.40_ACFep00_aFep04,-0.1108689849513145,-0.07832235988133056,0.23873556810918625,-0.061336585987158326,0.1411618584018491,0.8469540070135851,1.0745472350848015,0.860968316621397,0.7042754308782058,0.6710452508092885,0.3279594842810662,0.14224498999193821,0.1160087690224116,0.7735295696651994,1.2520255502374966
Mbi2.80Zm1.49T03.5000_iTp0.40_ACFep00_aFep04,-0.10851926620968781,-0.07648583319967016,0.24385251592661386,-0.029677822733693838,0.14235405578842544,0.85839933620144,1.0775669726874852,0.8662438196606705,0.7123266511132954,0.6793821860494048,0.3314725578458898,0.14525142760086032,0.11626544701462584,0.7804216399584655,1.2448635756696007
Mbi2.80Zm1.49T03.7500_iTp0.40_ACFep00_aFep04,-0.10571569284114403,-0.0741641172736634,0.2484704194776202,0.009326838518459238,0.14448881986665768,0.8715131583183289,1.0813847645204397,0.8741916427886196,0.7209472859786696,0.687022632313705,0.33682800010956304,0.14788782201336526,0.11730204593674376,0.7886331407267482,1.241776022954899
Mbi2.80Zm1.49T04.0000_iTp0.40_ACFep00_aFep04,-0.10320319319945559,-0.07201024783658831,0.2548607064923822,0.054713423344083176,0.1459385448779436,0.892803498097069,1.0966023919325618,0.8886345909555206,0.7339916644323986,0.6977944429689847,0.3420164466117165,0.1518761247118361,0.11973749558982114,0.8020248584818076,1.2412951716207747
Mbi2.80Zm1.49T04.5000_iTp0.40_ACFep00_aFep04,-0.10142762693579715,-0.0703816506055458,0.2666307848351084,0.10377191185858259,0.14272977232259612,0.9237622076796937,1.1207414338134372,0.9126656328740438,0.7524111774330875,0.7147893765659564,0.34941413193563026,0.15681650666938335,0.12331621436552595,0.8228521790199987,1.2440911781098447
Mbi2.80Zm1.49T05.0000_iTp0.40_ACFep00_aFep04,-0.09839538882235342,-0.06777231906433318,0.273489299949712,0.15141744780452665,0.1428959846781948,0.9443455741344524,1.1328397239639418,0.9227410811317763,0.7661587038657761,0.7266186105251011,0.35625120057075765,0.15957807318394163,0.12478451742725481,0.8347156614979759,1.2362742550228234
Mbi2.80Zm1.49T05.5000_iTp0.40_ACFep00_aFep04,-0.09923688382097264,-0.06835668307299218,0.2834782424762517,0.1638815269319529,0.13452660687258164,0.9750617062385475,1.1441755697553622,0.9394520237952129,0.7836972230010332,0.7390466954698515,0.3623781965651423,0.162096343441492,0.12469371045928572,0.8511761123435354,1.233893647381755
Mbi2.80Zm1.49T06.0000_iTp0.40_ACFep00_aFep04,-0.10093965636613202,-0.06975443353182642,0.2918747329330414,0.1651434906618523,0.13108722616107316,0.9925944519779447,1.1515797822372202,0.9570475052430981,0.7956539926635723,0.7501049296350121,0.36928077427849654,0.16560696507453848,0.12720931807154764,0.8656054158315102,1.2382881850941454
Mbi2.80Zm1.49T06.5000_iTp0.40_ACFep00_aFep04,-0.09805402184626977,-0.06748827615136047,0.2946233089488098,0.1924491472782076,0.13802043185140822,0.9926363095461836,1.1462427789043672,0.9620772900840321,0.8005814741204297,0.7550758197304575,0.3749806665910948,0.16637354052018818,0.12784721374547167,0.8706106289546098,1.23687562021131
Mbi2.80Zm1.49T07.0000_iTp0.40_ACFep00_aFep04,-0.09545157129267087,-0.06534911131540665,0.30198442816484933,0.23544211993779823,0.14145491526944887,1.0095080999444026,1.1575820648708959,0.9791378787226547,0.8128812924464838,0.7658046273655803,0.381729608754383,0.16945730782315438,0.129716196644044,0.8848821342210935,1.2404467113245894
Mbi2.80Zm1.49T07.5000_iTp0.40_ACFep00_aFep04,-0.09294827095276804,-0.06324030597345219,0.30874049742897797,0.27804103952869214,0.14439491997144988,1.0301095400089635,1.1773172616029441,0.993056576174272,0.8263202708128379,0.77645949157502,0.389306024875386,0.17226173603242106,0.13284805918430273,0.89817520453223,1.2391678501041137
Mbi2.80Zm1.49T08.0000_iTp0.40_ACFep00_aFep04,-0.08882413348238276,-0.05995073718249716,0.307964343064074,0.30632053694650657,0.15485078526436122,1.0234616921765314,1.17155715870812,0.9887544088251392,0.8256923757995475,0.7781479223540071,0.39436478171437783,0.1718815950277966,0.1337673675499196,0.8962389392770532,1.2329836205805
Mbi2.80Zm1.49T08.5000_iTp0.40_ACFep00_aFep04,-0.08708601388201684,-0.05858327466304394,0.3107801759423663,0.31819420680995697,0.15890224839193146,1.0231309567361595,1.1653917847886224,0.9948370959295249,0.8287085967892946,0.7828649623226757,0.39956473429072903,0.17145292787122676,0.13452873936083887,0.9009218103206282,1.2346158080152574
Mbi2.80Zm1.49T09.0000_iTp0.40_ACFep00_aFep04,-0.0915288273144403,-0.062180052787073815,0.3105812282346635,0.2734825709172667,0.15268181882980963,1.011854699455169,1.1450924928412902,0.9971770402323563,0.8256199088056099,0.7805323819471089,0.39967193776016136,0.17205589454158948,0.13530921861972325,0.9003889981425374,1.2416967506425334
Mbi2.80Zm1.49T09.5000_iTp0.40_ACFep00_aFep04,-0.09518733252192954,-0.0649292723277412,0.3119640166147076,0.24067313475585933,0.1475165732903312,1.012246909644163,1.1432098760574227,1.0047030866090523,0.8298844021182576,0.7844431770620273,0.4017004926768609,0.1740174010241681,0.1364022922366787,0.906092731124359,1.2447326051621015
Mbi2.80Zm1.49T10.0000_iTp0.40_ACFep00_aFep04,-0.09585388038797162,-0.06505464916622558,0.31139150749287775,0.24510003169455952,0.14517507847568908,1.010404399984594,1.140515964091737,1.0085228218616122,0.8338640465882919,0.786367131636596,0.4034540097630334,0.17466308890700286,0.13882439534669225,0.9097023903228251,1.2449122513079172
Mbi2.80Zm1.49T10.5000_iTp0.40_ACFep00_aFep04,-0.09713259156113091,-0.06581462204678516,0.31163267449170545,0.23767812083862486,0.14397828041280555,1.0033981531179381,1.1387812044553298,1.0141855983500339,0.836074565751124,0.7898864237924483,0.4057587380467436,0.17654712671380055,0.14087536663321004,0.9136841063423498,1.247490689963882
Mbi2.80Zm1.49T11.0000_iTp0.40_ACFep00_aFep04,-0.09894853702194531,-0.06711388655818785,0.3105239125393527,0.2107652557010099,0.1434058320697199,1.0040075362994683,1.1362214718774848,1.0150190007417323,0.8388457574152027,0.7910972115130014,0.40861979373266755,0.17670472640991441,0.1404684700920922,0.9153545715679986,1.2454656636350594
Mbi2.80Zm1.49T11.5000_iTp0.40_ACFep00_aFep04,-0.09992427422524862,-0.06760780571137179,0.3127173612186563,0.21353911113546387,0.14134422546238967,1.0058372356132135,1.1421963497602672,1.0170550360740436,0.844536558251175,0.7958580912779923,0.41253379693803466,0.17862388162153423,0.14211020729308144,0.9192810937480627,1.2400126230184458
Mbi2.80Zm1.49T12.0000_iTp0.40_ACFep00_aFep04,-0.0993333485068165,-0.06729467357053749,0.31121571248076296,0.2527577005649073,0.13674573025453932,1.0633976345187282,1.200211029559409,1.028815203898298,0.8712824165474569,0.8173260201350108,0.4288644210071738,0.1800593758051041,0.1503044594514885,0.938533681846209,1.2185361408232267
Mbi2.80Zm1.49T12.5000_iTp0.40_ACFep00_aFep04,-0.09578003158272756,-0.06405038719476348,0.32529543072060085,0.31359617049275146,0.1412447465594662,1.0701733787721817,1.1980732828981966,1.0405109636410108,0.8772583554119885,0.8267545831705415,0.42791146991428686,0.18173937541012836,0.14798390713076837,0.9476724184598649,1.2212477265654471
Mbi2.80Zm1.49T13.0000_iTp0.40_ACFep00_aFep04,-0.09156922203881804,-0.060430103870073894,0.32477961138399386,0.34753722332810794,0.15033441793975727,1.0775927720095948,1.2134051232385157,1.0408704896786762,0.8822770980113791,0.830774254436242,0.43845287995539906,0.18357745442741338,0.15089110159862884,0.9504346446947598,1.2152239198100774
Mbi2.80Zm1.49T13.5000_iTp0.40_ACFep00_aFep04,-0.08926399620253418,-0.05848515477754047,0.3288326823449495,0.3710149002093708,0.15505858524977004,1.086390439801926,1.2258830064502428,1.0469395014942953,0.8881261739595153,0.836414076419792,0.44130473080303545,0.18664523732943,0.15117348273178247,0.956376145298366,1.2141665017839094
Mbi2.80Zm1.49T14.0000_iTp0.40_ACFep00_aFep04,-0.08578028661748018,-0.055867162625927655,0.3322402489484361,0.425544705458835,0.16228036898670245,1.0988269913824915,1.2338331475587605,1.0520174563046736,0.8951234227853622,0.8427189095303771,0.4441921634821808,0.18639606032261902,0.14932651191224722,0.9624182753626612,1.2107168029481954
Mbi2.80Zm1.26T00.0300_iTp0.40_ACFep00_aFep04,-0.11908097513413216,-0.07483045263164666,0.2157187913557905,-0.1328619798309193,0.29937711707473147,0.4134399604597245,0.9151653167997129,0.4831142047392993,0.4400523901269012,0.4501392476379545,0.21889840013422918,0.0884309128975495,0.12542372008277017,0.4625581365194235,1.0854161828622209
Mbi2.80Zm1.26T00.0400_iTp0.40_ACFep00_aFep04,-0.12438797177228803,-0.07955863020692594,0.15366089052735024,-0.24509771531447985,0.26459410086810364,0.35134608374191056,0.854199065553754,0.4235048618559467,0.38276513147404073,0.3998367206118557,0.19117730797117558,0.07651288454257799,0.11398996802217089,0.405126235151513,1.0822996667517826
Mbi2.80Zm1.26T00.0500_iTp0.40_ACFep00_aFep04,-0.13234083259602988,-0.08651567845165159,0.11129097433844971,-0.37961259118472956,0.22891122874316183,0.3138328115478383,0.8027238126732066,0.37933322339791903,0.34184086271246045,0.36294623654060804,0.17400741661143193,0.06755709610043795,0.10606519323697232,0.36319866161332826,1.0764476926434532
Mbi2.80Zm1.26T00.0600_iTp0.40_ACFep00_aFep04,-0.13579334180296546,-0.08934672911686262,0.09996790823488537,-0.4107737377577141,0.21729558252261788,0.3136870829474116,0.7906628003308535,0.38279374779874237,0.3367201574318848,0.3599291313346519,0.17528043572516355,0.06984973846523057,0.10451041168511709,0.362466496453836,1.0989568322864545
Mbi2.80Zm1.26T00.0700_iTp0.40_ACFep00_aFep04,-0.1382269930273766,-0.0916681602528713,0.09805108515189057,-0.4459180877269836,0.21053703554325304,0.32584044644662996,0.7915050159043389,0.38856477925827604,0.3449027585466679,0.3646599617079908,0.17830887600061382,0.0726260768702038,0.10397779510615313,0.36900760311963193,1.095223207664636
Mbi2.80Zm1.26T00.0800_iTp0.40_ACFep00_aFep04,-0.14210205591964298,-0.0951732871471982,0.1031148146487851,-0.511756967835665,0.19017770519279353,0.3462835831803001,0.7867416167457305,0.4054591575200799,0.35621926379828384,0.3744614109987743,0.18278830476416244,0.0733421215016975,0.10440752852659704,0.3827575830338967,1.109812183366403
Mbi2.80Zm1.26T00.0900_iTp0.40_ACFep00_aFep04,-0.14411242410908323,-0.09699918951353789,0.10430871601084495,-0.5550279544156542,0.17200136123648402,0.35809614829966663,0.779465314484719,0.4116748888892844,0.3692362716053353,0.3811202496948942,0.18879877797558278,0.07664606438692735,0.10233418227886806,0.3916314019428255,1.0972780996850078
Mbi2.80Zm1.26T00.1000_iTp0.40_ACFep00_aFep04,-0.14428574387008464,-0.097281259541351,0.10569705355089917,-0.5785935605779131,0.15935994773812806,0.36887345049551273,0.7890184478852468,0.4185129351420546,0.3853697378845013,0.390868744998491,0.19466723181339532,0.08113592270389332,0.1013295625441422,0.402401060743019,1.078310195566895
Mbi2.80Zm1.26T00.1500_iTp0.40_ACFep00_aFep04,-0.14807900906645638,-0.10116912025644453,0.1174154832087741,-0.6223746394202226,0.12173180549366869,0.41729464720777143,0.7855333756011961,0.47687586078518684,0.42060134528854953,0.41666011592066005,0.1997162451238372,0.09800990780873027,0.09818827312304779,0.44726767710245136,1.1391324762433517
Mbi2.80Zm1.26T00.2000_iTp0.40_ACFep00_aFep04,-0.14817205392413668,-0.10149420796096541,0.1248511030970369,-0.5991599692525537,0.11379246976635568,0.4360909435521673,0.8074584824680884,0.5449565010031849,0.445245230707473,0.4392582515106255,0.20975496707752794,0.10572742138601701,0.10250567414590261,0.4916561226192412,1.232231442744758
Mbi2.80Zm1.26T00.2500_iTp0.40_ACFep00_aFep04,-0.15457606466894616,-0.10809562060175595,0.13266613143444744,-0.6493321649988728,0.11312464993262802,0.4728355854148855,0.82738513920725,0.582641783422007,0.46992601226247704,0.45938863129482566,0.21341614876998247,0.10441888291888143,0.10175796941221837,0.5216123701542329,1.2539171473543675
Mbi2.80Zm1.26T00.3000_iTp0.40_ACFep00_aFep04,-0.15661830812043082,-0.11045145902761727,0.13966430815374056,-0.6506519136801339,0.11268131666218753,0.5178919662773153,0.8667887832920315,0.6153678060558578,0.49646586541619514,0.4843361490927283,0.22835839966302907,0.10713623507103939,0.10432705138790606,0.5508349335732188,1.2548257384319619
Mbi2.80Zm1.26T00.3500_iTp0.40_ACFep00_aFep04,-0.1613613000633091,-0.11487003268650503,0.14196612852356924,-0.7061601243562865,0.10161614049945247,0.5367494735207456,0.8723720358866637,0.632951942674651,0.5074870033587543,0.49656025725233266,0.23015161420408406,0.10981940398464754,0.10419612737044545,0.5650472327239666,1.2608010947401451
Mbi2.80Zm1.26T00.4000_iTp0.40_ACFep00_aFep04,-0.1660635141121823,-0.11921991288093728,0.1469482221428472,-0.7507979300863682,0.09088283256744298,0.5487374664672681,0.882348975678735,0.6580420953286379,0.5155233299495264,0.5005641181227258,0.2336795372850327,0.11082870932736281,0.10330128641762652,0.5800687810287593,1.2952469722504545
Mbi2.80Zm1.26T00.4500_iTp0.40_ACFep00_aFep04,-0.17020332668217392,-0.12297729676202193,0.15087232719686788,-0.7884145554555394,0.08044585598048026,0.558059365334672,0.8924906968630412,0.6976753961741756,0.5204837723378565,0.5071751223809225,0.2393326263790385,0.1103706197395803,0.1082331476268341,0.6004405791843971,1.357795665000488
Mbi2.80Zm1.26T00.5000_iTp0.40_ACFep00_aFep04,-0.17289556454061258,-0.12549012708992544,0.15583274703510303,-0.8111132867430993,0.07090788435958777,0.5704323155167864,0.9086442944109783,0.7218481626536702,0.5316687343999402,0.5187682046335185,0.24573733769813708,0.11122475494201535,0.1089118189439335,0.6173950732136084,1.3743769584452472
Mbi2.80Zm1.26T00.6000_iTp0.40_ACFep00_aFep04,-0.17381885921309903,-0.12678925387702,0.16517674323743667,-0.8237564285228555,0.06648372614679822,0.60164702183202,0.9374817810231181,0.7538018411851669,0.5584217864708942,0.5350177469891461,0.2548612758358893,0.11125249130162507,0.10822112284893372,0.6449803164011805,1.3787718810565845
Mbi2.80Zm1.26T00.7000_iTp0.40_ACFep00_aFep04,-0.17038095608976073,-0.12439121412212344,0.17351014469336426,-0.7638441807313205,0.07017276896726736,0.6377970470399648,0.9852533740041001,0.7792185820706354,0.5891278941762137,0.5513456645192316,0.2679236290441924,0.1050247089932313,0.11085770084796082,0.6714283506379739,1.366482503920496
Mbi2.80Zm1.26T00.8000_iTp0.40_ACFep00_aFep04,-0.1708175886042484,-0.12526325821471515,0.18584858536120236,-0.7562946872429015,0.0609584431273219,0.6555044841975295,0.9963316923086636,0.8182186855844957,0.6030606324810314,0.561921934018833,0.26751789122531144,0.10000330175337648,0.10663169503032477,0.6957086685799689,1.4046882916759786
Mbi2.80Zm1.26T00.9000_iTp0.40_ACFep00_aFep04,-0.16450251092069507,-0.12055782019794814,0.19498017858290484,-0.6591675460002295,0.06927792575597627,0.7074231412424169,1.0534003374954959,0.8375262451289003,0.6332304624715603,0.5841976290462584,0.27681198693882636,0.1116075023945134,0.10759557694639016,0.7203114408173454,1.3758943973187299
Mbi2.80Zm1.26T01.0000_iTp0.40_ACFep00_aFep04,-0.1603014959267992,-0.11762675920573315,0.21391146634731958,-0.5781536634864128,0.07062160298616629,0.7729601565053474,1.1536866714124507,0.8928938393196912,0.6781680834524118,0.6222501794487015,0.29471505910873536,0.13042689048657866,0.11002337154825118,0.7691242118019543,1.3732410022106691
Mbi2.80Zm1.26T01.2500_iTp0.40_ACFep00_aFep04,-0.1491155365991069,-0.10970349413322394,0.23073284342508124,-0.4581966227730321,0.10926026799569794,0.8561050293982312,1.2428567133015225,0.9237388346969906,0.7322077233050347,0.6690132961618913,0.3136720052610464,0.15066026914013825,0.10941774616879692,0.8124184070201358,1.3184769880891647
Mbi2.80Zm1.26T01.5000_iTp0.40_ACFep00_aFep04,-0.12913018440830598,-0.09348545151695867,0.24183212043204547,-0.26859807567948746,0.17132601956810167,0.9292742586865417,1.33635411547687,0.9307221673619549,0.7750615547322103,0.7070385159697624,0.33707162407987096,0.17592728393705845,0.11542446397425632,0.8388325315820675,1.2559505066633367
Mbi2.80Zm1.26T01.7500_iTp0.40_ACFep00_aFep04,-0.13068564313118985,-0.09489565164349754,0.24085966959715022,-0.29315041158464994,0.1606658528919536,0.8986490664126352,1.2626146082209206,0.910690446052143,0.7512574085666814,0.7000955579907027,0.33142273502555947,0.1736860216257394,0.11165932560993627,0.819217318006302,1.254953780419528
Mbi2.80Zm1.26T02.0000_iTp0.40_ACFep00_aFep04,-0.1294052290449305,-0.09399798971491695,0.25045210933747375,-0.27610631331040364,0.1627843036064287,0.9178037334862594,1.2739225320349434,0.9262716895895223,0.7591641606575122,0.7092248057484697,0.3353543577726049,0.1776022619923521,0.11209211350857003,0.8308069539829543,1.2616162485293771
Mbi2.80Zm1.26T02.2500_iTp0.40_ACFep00_aFep04,-0.12534313803157848,-0.09063615462870339,0.2582547252522011,-0.2183874331762673,0.1681622342733392,0.9402444095414056,1.2933471767936968,0.9429327284875059,0.7738324305115704,0.7219840803194052,0.3438290736822648,0.1822898508961215,0.11530760098162601,0.8461577059428086,1.260759888208047
Mbi2.80Zm1.26T02.5000_iTp0.40_ACFep00_aFep04,-0.124043662782103,-0.08948404141336619,0.26676488292810163,-0.18473641730775953,0.16767028882076276,0.9569830275164131,1.2943334942347249,0.9692464742035158,0.7900062017446974,0.7351855481301001,0.3510975436853914,0.1849074597300081,0.11760586048789241,0.8665062045800392,1.2709831065937527
Mbi2.80Zm1.26T02.7500_iTp0.40_ACFep00_aFep04,-0.1216315137029185,-0.08739485074313655,0.27360126586819783,-0.14213345966790208,0.16756472193564853,0.9756774601505678,1.307361503422446,0.9818750368633046,0.8020698043397554,0.7453961911345327,0.35833767635341945,0.1897823595912084,0.11981402169214049,0.8786076058216349,1.2690101620777345
Mbi2.80Zm1.26T03.0000_iTp0.40_ACFep00_aFep04,-0.1192302905364237,-0.08519459668125659,0.2792224650455848,-0.09471347099937957,0.16539359398856213,0.9955820863348366,1.3205928389878123,0.9873488545595976,0.8135368664967274,0.7571163237672283,0.3657697337399824,0.19335357079836898,0.12295668909841986,0.8874946765874259,1.2572461708032043
Mbi2.80Zm1.26T03.2500_iTp0.40_ACFep00_aFep04,-0.11687009432559661,-0.08321253824460743,0.28511069915751464,-0.05776915834247989,0.16810761224867637,1.005868912022373,1.3234438370295853,1.0012530489940097,0.8218535859273806,0.7641217164216995,0.3714322888368596,0.19688088803054846,0.12401086068198498,0.8981638101336401,1.2626338474640757
Mbi2.80Zm1.26T03.5000_iTp0.40_ACFep00_aFep04,-0.11404641658285046,-0.0808652581030097,0.29114946021701243,-0.014477985558172533,0.17155373105171295,1.0268142085724727,1.3418271685163292,1.012453369285906,0.8373041566765558,0.7772277608867142,0.37885202928298684,0.20094578321275353,0.1260624601102171,0.9114277484975531,1.2541757252020755
Mbi2.80Zm1.26T03.7500_iTp0.40_ACFep00_aFep04,-0.10944886506557874,-0.07704059153508404,0.2967925626686567,0.04506047315291031,0.17768221617340635,1.0382759486995297,1.3523977737019333,1.0267846960930884,0.8455772010799373,0.7838065898387031,0.38443338920532827,0.20362000651616552,0.12745346983129965,0.9222075126091088,1.260334982851635
Mbi2.80Zm1.26T04.0000_iTp0.40_ACFep00_aFep04,-0.11101973170876747,-0.07823523014709129,0.3006061487736533,0.04339462040505665,0.17121451309732677,1.0460781163006136,1.3571085674592591,1.0287847695302892,0.849074335678139,0.7907480672302813,0.38915114586481553,0.2049256838474829,0.12951941108688972,0.9255880807814911,1.254751450773714
Mbi2.80Zm1.26T04.5000_iTp0.40_ACFep00_aFep04,-0.10860511477307809,-0.07612453831598755,0.31011290733442504,0.0849961526439191,0.17034837451803508,1.0643814142453718,1.3626643966579413,1.0489700378918065,0.862398392157055,0.8038680670911962,0.3970533911580084,0.20652447185558423,0.13153990761744286,0.9420398282738454,1.259066378093042
Mbi2.80Zm1.26T05.0000_iTp0.40_ACFep00_aFep04,-0.10267266788812651,-0.07115845407467083,0.3178156443409873,0.16616652765544176,0.17866679185459142,1.0908130305029944,1.3841793857495226,1.0642155566911908,0.8807655297146387,0.8181098693372981,0.40672157561394534,0.211373047622711,0.13407335131165707,0.9584645129283319,1.252847097892029
Mbi2.80Zm1.26T05.5000_iTp0.40_ACFep00_aFep04,-0.09745366522580907,-0.06631840573474386,0.33367511462201627,0.2615829211054295,0.18149754569802704,1.1469727077553729,1.436088814623441,1.0932901819352872,0.9123260397438293,0.8375145366395553,0.41890658607684017,0.21686654615793952,0.13823133679195407,0.9871857530681388,1.2495883301493984
Mbi2.80Zm1.26T06.0000_iTp0.40_ACFep00_aFep04,-0.09516054577852642,-0.06459774114584081,0.33844130640388664,0.3048740306931549,0.1860233096971701,1.1476390907974785,1.4212958912287235,1.110035000942483,0.916837106209475,0.8437780334357068,0.42332572486934844,0.21991072952848228,0.14084793894484424,0.9975037855763044,1.2609626896269783
Mbi2.80Zm1.26T06.5000_iTp0.40_ACFep00_aFep04,-0.09124336026439743,-0.061240884397333224,0.3474527270339487,0.37922300903556916,0.1926548654379762,1.17567434276777,1.4457751894557345,1.1342380740563938,0.9370096840504665,0.858136082463753,0.43422983614616795,0.22492606762326672,0.14548297003244856,1.0186966455532587,1.2636723938678653
Mbi2.80Zm1.26T07.0000_iTp0.40_ACFep00_aFep04,-0.08809243165841427,-0.0586679598079681,0.35643572998954803,0.4302169347628434,0.19883500991170602,1.2008661855298983,1.4672374622219357,1.1552657366393455,0.9531795119236689,0.8716768825393909,0.44304882202151924,0.2287639091859708,0.14858277769551942,1.036731217019822,1.2661442732092543
Mbi2.80Zm1.26T07.5000_iTp0.40_ACFep00_aFep04,-0.08581574006438641,-0.056747671115754725,0.3641569779216165,0.4678845063056095,0.2029673136646503,1.2208985964077692,1.4857535068937238,1.1728527714863,0.9664613550164844,0.8819997756473333,0.4506996511593867,0.23116480743049064,0.15251085454578028,1.0515606494540708,1.2690045270955803
Mbi2.80Zm1.26T08.0000_iTp0.40_ACFep00_aFep04,-0.08322772645762488,-0.054622983045517,0.36951552379912966,0.51017638117113,0.2074862687032139,1.2312958927222208,1.491754333343397,1.1878521424042294,0.9754972576477833,0.8899827973753008,0.45713594225950605,0.2338593296076345,0.155500795163622,1.0631578046794516,1.2735082738684447
Mbi2.80Zm1.26T08.5000_iTp0.40_ACFep00_aFep04,-0.08057830147631537,-0.05231603164503626,0.37553150849604894,0.5488911365837941,0.21096452911378472,1.2499503200837891,1.5080830358374073,1.1961255683134662,0.987300055532224,0.8999083125852689,0.464528137766989,0.2358803209567608,0.15781532765647494,1.0731570344194112,1.2676136758619951
Mbi2.80Zm1.26T09.0000_iTp0.40_ACFep00_aFep04,-0.08057891598818887,-0.05199770619333334,0.3828226859393686,0.5649173008449234,0.2092723505376059,1.2526486228945726,1.5044179925585368,1.2101577396665621,0.9934200293056559,0.9016489979885938,0.4693671483974586,0.23587164491570367,0.16061282414252448,1.0821732109661906,1.2771648127186235
Mbi2.80Zm1.26T09.5000_iTp0.40_ACFep00_aFep04,-0.08438414275958657,-0.05506371312965292,0.37639377067978386,0.5425793999818731,0.2064246832078958,1.2399681850666284,1.4826488388986827,1.2121962193981903,0.991507242950829,0.9025977272100097,0.46933564451918813,0.23513577716804396,0.16146337757074758,1.0824620609208646,1.279967307509104
Mbi2.80Zm1.26T10.0000_iTp0.40_ACFep00_aFep04,-0.08589440301158385,-0.05588640827390903,0.37840732612841027,0.5160477557213163,0.2035790127145407,1.2508069001827629,1.492442550934507,1.2144514272759903,1.0004294138958938,0.9095025058430057,0.47548819718826696,0.23732012035133934,0.1637132349817866,1.0881422525944007,1.2717222166138926
Mbi2.80Zm1.26T10.5000_iTp0.40_ACFep00_aFep04,-0.08685496416928647,-0.05636445966625793,0.37620048415067514,0.5221085373680053,0.2029773624243021,1.2367366791339671,1.4774019733897281,1.2155825043376387,0.9989595716408783,0.9073424305717885,0.47537788359333616,0.23796193570645685,0.1644560076582149,1.0877199472146257,1.275330459629899
Mbi2.80Zm1.26T11.0000_iTp0.40_ACFep00_aFep04,-0.08900154975480633,-0.05796815912237022,0.3742098847564919,0.49607661145140386,0.19819199110157357,1.2236613065647803,1.4592480581315257,1.205165837784907,0.9965478125352332,0.9058095540821363,0.47601351176262274,0.23785142217784463,0.16436013123529497,1.0818438323490895,1.2670235981243034
Mbi2.80Zm1.26T11.5000_iTp0.40_ACFep00_aFep04,-0.09076576840081758,-0.05935455443768182,0.37263621562079513,0.46915286478041446,0.19577210830664576,1.2136636003747576,1.448064903322523,1.207843818416286,0.9950923479210722,0.9074536131476698,0.47855935267755234,0.2373918211940084,0.16518333235739208,1.0827174368485295,1.2697131560887898
Mbi2.80Zm1.26T12.0000_iTp0.40_ACFep00_aFep04,-0.09210724637989957,-0.06026328262635701,0.3744302447171438,0.4605800216573501,0.194746868530571,1.21183987555276,1.451683362790546,1.2085793094360118,0.9999298663847254,0.9112749871334964,0.4827141783028538,0.23868904279860204,0.16601427180141287,1.0855844235394554,1.2647302639601516
Mbi2.80Zm1.26T12.5000_iTp0.40_ACFep00_aFep04,-0.09069632951700506,-0.05876794888260677,0.37295384381650687,0.4779928262600427,0.1946101317024844,1.2359753385154246,1.4741719490244598,1.2139153212531042,1.0126864177518373,0.9193636979146387,0.4933442111265931,0.23926762150472325,0.17158153254202602,1.0943470710396628,1.2566085231535047
Mbi2.80Zm1.26T13.0000_iTp0.40_ACFep00_aFep04,-0.08806697145043685,-0.056659242977394136,0.38466205814786086,0.5336679844017892,0.19503883945933181,1.2787475009173515,1.5082835359452171,1.2259697600965485,1.033962332776363,0.9389702256503345,0.5001076600368475,0.24080489474518896,0.17370807277997857,1.1113048487445214,1.2427893238015093
Mbi2.80Zm1.26T13.5000_iTp0.40_ACFep00_aFep04,-0.08357936038826655,-0.052638847671070355,0.3856337383086329,0.5806104516957304,0.2015236812392053,1.2687984893723876,1.4985944897138557,1.2266445164379824,1.031471065775635,0.9392449524784598,0.5050459702694683,0.24087579053240854,0.17321073768991563,1.1106630015340302,1.2448719197245848
Mbi2.80Zm1.26T14.0000_iTp0.40_ACFep00_aFep04,-0.08047224648766128,-0.05001345411348798,0.3892671259876327,0.6065822130613459,0.20717116250271078,1.2760504554342125,1.5024840964520982,1.2375899180397496,1.0355888707101224,0.9447335816106817,0.512179860143967,0.24464630132872855,0.17602725503080616,1.118101382023921,1.2498872762760205
Mbi2.80Zm0.96T00.0300_iTp0.40_ACFep00_aFep04,-0.12032001219382561,-0.07566820432583429,0.18381712273844514,-0.1840896502487782,0.27849602708050725,0.4314493411096112,0.9715134800969968,0.491297316984691,0.47181817555948224,0.4746114450287,0.2397705346928618,0.12361377627649096,0.14063902402135406,0.48185812743983186,1.0382120472505119
Mbi2.80Zm0.96T00.0400_iTp0.40_ACFep00_aFep04,-0.1312751380637783,-0.08491748847917821,0.12005923218058626,-0.3311193442939645,0.2425621352924599,0.38033311977473555,0.9017105157161339,0.44231901720591144,0.41862999761089587,0.4314742949224631,0.21514132986222453,0.11673578301982544,0.12978337811509733,0.4321559517881934,1.040622947303973
Mbi2.80Zm0.96T00.0500_iTp0.40_ACFep00_aFep04,-0.13510650467572657,-0.0880993961477537,0.1126698340977746,-0.3436267762890448,0.23277044293339094,0.3906847074830367,0.8877969021843352,0.4441886798341683,0.41905797595448846,0.43078215897366173,0.2139805680182211,0.11586058764408089,0.12463806156861751,0.4331269778470058,1.0453464400612764
Mbi2.80Zm0.96T00.0600_iTp0.40_ACFep00_aFep04,-0.13575519601508346,-0.08906704161340595,0.11250461651311731,-0.3565369697148068,0.2183261517145962,0.4050634667981604,0.8811366224503359,0.46009646807319704,0.42425676645471505,0.434018726271444,0.21260591822637062,0.11883927320979325,0.12165106589846864,0.4432342991096825,1.072141688705995
Mbi2.80Zm0.96T00.0700_iTp0.40_ACFep00_aFep04,-0.13809159412998634,-0.0914476990936723,0.10570816003495809,-0.41681400440637395,0.19656015594917592,0.41126670071867666,0.8558266675595322,0.46635654180262764,0.4171258239431599,0.42842511288580193,0.20721540072563002,0.11732487580825748,0.1137775633206926,0.44272431150685315,1.1030832596592874
Mbi2.80Zm0.96T00.0800_iTp0.40_ACFep00_aFep04,-0.13837569691846302,-0.09225144060946927,0.10930990411513704,-0.42153645627063174,0.19121834344146743,0.43358114764051764,0.8922903042135074,0.4931034204930493,0.43908243333565705,0.44953098459025526,0.22128916711505991,0.12149301682899956,0.11839936153894155,0.46685722693112375,1.1098266367482683
Mbi2.80Zm0.96T00.0900_iTp0.40_ACFep00_aFep04,-0.13832465269482808,-0.0922985444453974,0.11199438307053523,-0.4224882470691963,0.1818428737607522,0.4493431314487202,0.9058952956274243,0.5074357079966136,0.4537649081374904,0.4606749697025375,0.22890530351756652,0.12522358740033154,0.12111801175991688,0.4808724495954021,1.109828475974195
Mbi2.80Zm0.96T00.1000_iTp0.40_ACFep00_aFep04,-0.1386126394230174,-0.0926787624235112,0.11510894808213502,-0.4153764321282997,0.1762665223780348,0.4727106675367117,0.9312147040208407,0.515993926241635,0.4707904594566595,0.4704179162553285,0.2343425328024588,0.12788495031751534,0.1201862919512498,0.4928196355706448,1.0964499244947865
Mbi2.80Zm0.96T00.1500_iTp0.40_ACFep00_aFep04,-0.14140884237834203,-0.09595727381996444,0.13145231921004244,-0.43460764092195087,0.15726319087855528,0.5556892007931397,1.016442614018486,0.5681856712257467,0.5319206382594468,0.5086914580075029,0.2506518004565737,0.1388251417512225,0.11811658644589447,0.5463827490172969,1.0920220383061723
Mbi2.80Zm0.96T00.2000_iTp0.40_ACFep00_aFep04,-0.14502260687121912,-0.09956786094245053,0.14266006233245046,-0.4477019999028783,0.14351461029138662,0.6194208241003561,1.0823971457599573,0.6186366575468322,0.5800674722525249,0.541455873957149,0.26832343818339266,0.145596286889967,0.1223152922751483,0.5934330359481043,1.103207810408211
Mbi2.80Zm0.96T00.2500_iTp0.40_ACFep00_aFep04,-0.15140734635085545,-0.10547270864905138,0.1418371422610013,-0.5138972506056771,0.12786790663788455,0.6183720663524486,1.0545820627024545,0.6348461896817639,0.5686512478268957,0.5364287193306813,0.2687349535969008,0.1347239278073207,0.11935985375228628,0.5960522628915351,1.14895972879624
Mbi2.80Zm0.96T00.3000_iTp0.40_ACFep00_aFep04,-0.15729138964609438,-0.11068538202213067,0.14220391986610464,-0.5785891763677293,0.10787072671195559,0.6112600132002094,1.0281897897844026,0.6450983932786616,0.5646987710719649,0.529234294561451,0.26570619891475866,0.130687742044393,0.11945218405335759,0.5982310660577959,1.1794110874692918
Mbi2.80Zm0.96T00.3500_iTp0.40_ACFep00_aFep04,-0.1624109952748268,-0.11526126859538374,0.14743104424498782,-0.6350644589487349,0.09087852065564685,0.6038663072767134,0.9976528686919421,0.6651103113187972,0.555477068245187,0.5194652470874896,0.2595606440497059,0.12600064706133518,0.11509279917436571,0.6022848266295858,1.2374809361057793
Mbi2.80Zm0.96T00.4000_iTp0.40_ACFep00_aFep04,-0.16343489736461414,-0.11641676123415473,0.15207205058353457,-0.632533795513262,0.07892612701277736,0.6276025828397042,1.0120799871164492,0.6825619098800931,0.5627005486685597,0.5295519896527356,0.2590669156809021,0.1256121445211372,0.11192106636751434,0.6146077586065251,1.2498243509310332
Mbi2.80Zm0.96T00.4500_iTp0.40_ACFep00_aFep04,-0.16840548361258437,-0.12147343692962263,0.15672977476691977,-0.7070980103668204,0.06642855908325312,0.6417798634859923,1.0095923203869677,0.701516380069401,0.5743592039640022,0.5395744693373961,0.2640553231009308,0.1294724954693084,0.10808807409371846,0.6293566655813131,1.2595298928172196
Mbi2.80Zm0.96T00.5000_iTp0.40_ACFep00_aFep04,-0.16902105246318555,-0.12209028254668924,0.16325308044297185,-0.7238607483524186,0.07167693988406043,0.6572799079141645,1.0505909221697236,0.7249109063339707,0.5935194908343542,0.5480442504917598,0.2745571006074661,0.13192121511174318,0.11463929734594723,0.6488593165499799,1.2700314140879554
Mbi2.80Zm0.96T00.6000_iTp0.40_ACFep00_aFep04,-0.1713457450718961,-0.12498449405594893,0.1771504827957212,-0.7648359051061169,0.07497103012162631,0.68113924112444,1.0799187834434238,0.7704524934876874,0.6149814612091059,0.5628742584599791,0.27950504502209045,0.12607119369272202,0.11401859999866275,0.680127256796088,1.3082289802084484
Mbi2.80Zm0.96T00.7000_iTp0.40_ACFep00_aFep04,-0.17044528393021585,-0.12451183046370996,0.189999463470191,-0.7070193821558304,0.07098921846260525,0.7239632122953114,1.1339568691086481,0.8272141391140208,0.6562893125898505,0.5935187043518184,0.29251481820909164,0.13497462742155536,0.11678136343912045,0.7268788571834134,1.3237459320164189
Mbi2.80Zm0.96T00.8000_iTp0.40_ACFep00_aFep04,-0.17141949391067218,-0.12578948711396015,0.20005418437821906,-0.6914381660677,0.05798561297109837,0.7533354977082293,1.150309859487825,0.8731117440385135,0.6793180006054074,0.611042324378649,0.30205963379030637,0.13882775802890945,0.11579622726853774,0.7592292682296515,1.353283617193208
Mbi2.80Zm0.96T00.9000_iTp0.40_ACFep00_aFep04,-0.17060419548373323,-0.12610682285205319,0.2132104533964564,-0.6393269972302633,0.07520290647976224,0.808061555020101,1.2097133390274013,0.9181089811651424,0.7154074324301775,0.6340247965018982,0.30786179405807884,0.14586321019141837,0.11608448807823818,0.7974339551326992,1.3607337389469685
Mbi2.80Zm0.96T01.0000_iTp0.40_ACFep00_aFep04,-0.16353658653037695,-0.12093807386983943,0.2232607390623163,-0.5310789818799639,0.10363590387851758,0.8871436899331591,1.314823346332409,0.9486730371075104,0.7653842927980232,0.667900072120245,0.3310905586233356,0.17165481457660725,0.1301078490585855,0.8367824443228715,1.3237750446843222
Mbi2.80Zm0.96T01.2500_iTp0.40_ACFep00_aFep04,-0.13916696446260032,-0.10135227259887399,0.25840854149555903,-0.28636715488880843,0.1950181670731535,0.9771599952616243,1.5051090160771923,1.0546035974110444,0.8340789552311124,0.7321049404904582,0.3751943216222162,0.20542499775916198,0.14491098649088452,0.9216891347580014,1.3467174580098316
Mbi2.80Zm0.96T01.5000_iTp0.40_ACFep00_aFep04,-0.12649093424677138,-0.09076598307143055,0.2829422506487796,-0.06206341910817688,0.21743978749306483,1.0934817597466016,1.5994738151125858,1.0804355386922897,0.9048184282374435,0.7909559948286289,0.41512790840990904,0.24619790324920815,0.1588802232003122,0.9711601826938284,1.2742679969648212
Mbi2.80Zm0.96T01.7500_iTp0.40_ACFep00_aFep04,-0.12701017438175366,-0.091084404709563,0.28817506443451124,-0.06303548935057494,0.21032335720313788,1.0994812718367553,1.5620408525196625,1.0684756805002185,0.9175853651744017,0.8116299218496368,0.42712445132416893,0.2569705803962972,0.16137340028832814,0.9740218783154738,1.2357925453447198
Mbi2.80Zm0.96T02.0000_iTp0.40_ACFep00_aFep04,-0.12288570574477943,-0.0875101211045772,0.30133098119874896,0.025811673022769765,0.21349592603252676,1.1435733400798243,1.6022042454887127,1.093420274802122,0.9422417199154872,0.8326462437393819,0.43992927161023715,0.26453299810169656,0.1649299362995909,0.9983549989509258,1.2321006138894972
Mbi2.80Zm0.96T02.2500_iTp0.40_ACFep00_aFep04,-0.11575066422982269,-0.08139379977349226,0.3158944795261919,0.1432272741013233,0.22488734760210058,1.196405705522949,1.6612267294471557,1.1254061469996381,0.9740546714507505,0.8576555342084317,0.4550803832596669,0.2733785444146026,0.17001437355863874,1.0293338377262058,1.2288037087118104
Mbi2.80Zm0.96T02.5000_iTp0.40_ACFep00_aFep04,-0.10937127582801212,-0.07588853317567523,0.3246136478162874,0.23396543446647178,0.23284653141002365,1.2243302841064374,1.6833636751779715,1.1517407010218874,0.992598591094105,0.871575622361124,0.4651541614150853,0.2751553475277914,0.1727121124469168,1.0508034140896887,1.235657797118808
Mbi2.80Zm0.96T02.7500_iTp0.40_ACFep00_aFep04,-0.1072737119410312,-0.07431789882631253,0.3324188551441606,0.2619347343348487,0.23633710461454335,1.237028069558503,1.686694684589315,1.1756753544943481,1.0003426455434017,0.8778158309422267,0.4700539975807902,0.2731509465235719,0.1728633022385128,1.0657127674385294,1.2519447844403926
Mbi2.80Zm0.96T03.0000_iTp0.40_ACFep00_aFep04,-0.10232466809023236,-0.07012831963809493,0.341669382538972,0.3443930945296087,0.24258539689345673,1.2646107321970506,1.7127455569925578,1.1927333027480174,1.0175644382145281,0.8921607549196516,0.4798987668468152,0.27856679459907135,0.176295761824053,1.0824982731310415,1.2491151156576008
Mbi2.80Zm0.96T03.2500_iTp0.40_ACFep00_aFep04,-0.09810874625847082,-0.066551192903332,0.35159158671679214,0.4096013383540911,0.2480526730966183,1.289198693873482,1.7341451112942672,1.2174037177767232,1.03294089802159,0.904063243382397,0.4875110763031706,0.2804682396725555,0.17893134874507127,1.1016238793001008,1.2569965048131697
Mbi2.80Zm0.96T03.5000_iTp0.40_ACFep00_aFep04,-0.09614213425553221,-0.06486148452631119,0.3589469150040142,0.44365422889782835,0.24817762291601203,1.3041895658920826,1.7394153783584927,1.2305997696177846,1.042694487392977,0.9128698741609231,0.4923729911115945,0.2811520575130285,0.18024888672734551,1.1128370037925537,1.2585622788093198
Mbi2.80Zm0.96T03.7500_iTp0.40_ACFep00_aFep04,-0.09515033265826539,-0.06391302402545367,0.36680233506473425,0.4712815973193044,0.24827638694165724,1.3261849608445857,1.756134520465581,1.2398304469743326,1.0570816883144811,0.9248177047468252,0.49886520677561275,0.2843660119249385,0.182824148408495,1.1245827164904516,1.251153768263938
Mbi2.80Zm0.96T04.0000_iTp0.40_ACFep00_aFep04,-0.09221675424514933,-0.06140354963904976,0.3743886914286999,0.5228521983131211,0.2530766924390271,1.349998922411148,1.7778510165264991,1.253488278433418,1.0711869145239241,0.9361015580642433,0.505918442972084,0.2875351385644433,0.18510450174920787,1.1381161743478299,1.2489368574086306
Mbi2.80Zm0.96T04.5000_iTp0.40_ACFep00_aFep04,-0.0862177364615867,-0.05631336256413984,0.3897235837689815,0.6204520163577796,0.2645615259683525,1.3903953177663861,1.8176089161973477,1.2833252270745608,1.0989519469340565,0.9606652035001032,0.521818785384919,0.29531086201878615,0.19010153794144677,1.1664570434636332,1.2461784237949665
Mbi2.80Zm0.96T05.0000_iTp0.40_ACFep00_aFep04,-0.08295898312434855,-0.05347948890708214,0.4015154940351961,0.6777362388248187,0.2678375652865509,1.4157389294451477,1.8327312584277158,1.3109374534964906,1.1134284963222678,0.9749046877097148,0.530330028260884,0.2983751794756633,0.19322203275594152,1.1869238492523484,1.2554868768262735
Mbi2.80Zm0.96T05.5000_iTp0.40_ACFep00_aFep04,-0.07871176178681855,-0.04979457527451935,0.40862832917722447,0.7462273106069828,0.27223199127110875,1.4346217447222234,1.8484528705044834,1.3317211286499613,1.1268017108260735,0.9861284505433587,0.5389214044496707,0.30205442095250473,0.19695973771768588,1.2033832021757356,1.2605443880708735
Mbi2.80Zm0.96T06.0000_iTp0.40_ACFep00_aFep04,-0.0738913332306143,-0.045763142037557256,0.4184524084045358,0.8238112009881488,0.2822550058722948,1.4646644774402993,1.8756096944612788,1.3510397257006725,1.1460584126705058,1.0029030616688475,0.5513302630794829,0.3066957551569469,0.20048490152601336,1.222381300973369,1.2573885030824177
Mbi2.80Zm0.96T06.5000_iTp0.40_ACFep00_aFep04,-0.06868049247103189,-0.04128726532294006,0.42422668715888334,0.8988529238587231,0.2890237698440657,1.485978762379069,1.889249340340365,1.359658583254002,1.158635654654675,1.0149045882425352,0.5592742019987772,0.30977802969853835,0.2028373407171466,1.2331382172488385,1.2511004456413024
Mbi2.80Zm0.96T07.0000_iTp0.40_ACFep00_aFep04,-0.06742805202478308,-0.039974363168093385,0.4319736828469328,0.9226524146927335,0.2859280696811127,1.4977224453987712,1.8883579078378754,1.3680779857881469,1.167459321221379,1.0225751591706305,0.5643277030139302,0.3112388675407644,0.20551225775046403,1.2416423815014788,1.2493666177742233
Mbi2.80Zm0.96T07.5000_iTp0.40_ACFep00_aFep04,-0.06577007275045585,-0.03858142066359215,0.440813372659244,0.9569764083913577,0.2900174562039691,1.5180583044972293,1.9065068606191777,1.385588731832944,1.1797736993210441,1.0325833503957411,0.5717525453157668,0.3122665929709832,0.20788574325936304,1.2560161077783112,1.2525905183436101
Mbi2.80Zm0.96T08.0000_iTp0.40_ACFep00_aFep04,-0.06400109142809593,-0.03710747536745694,0.45082632191379185,0.9950159947895093,0.2944996715393986,1.5361627787615078,1.9237429342578498,1.4035510721102973,1.192355882884287,1.0427657181206014,0.5794014302522505,0.31434654737793977,0.210489321741561,1.2707258931974739,1.255905782915144
Mbi2.80Zm0.96T08.5000_iTp0.40_ACFep00_aFep04,-0.06189519198684923,-0.03531305807591139,0.460440915420327,1.0344392286580484,0.3001481829067689,1.5565628065290402,1.9439701342198368,1.4253483517898518,1.2059241906203417,1.0534991966164877,0.5880904106366177,0.31738972447585756,0.21339428244580655,1.2876449889512338,1.261692128922315
Mbi2.80Zm0.96T09.0000_iTp0.40_ACFep00_aFep04,-0.06050570172576069,-0.03414023217890138,0.46917338898376326,1.0702533480386522,0.30332413417289467,1.5700554005186254,1.9554189742019552,1.445791463703076,1.2157698471050515,1.0611985775991943,0.5941858245095469,0.31858234342519504,0.21476035966998283,1.3019891998846185,1.2699266691771265
Mbi2.80Zm0.96T09.5000_iTp0.40_ACFep00_aFep04,-0.05996655064526072,-0.033547990206196004,0.47486760984793086,1.0991271652379524,0.30170174964291807,1.5684880022497016,1.94341559512954,1.4677230062035456,1.2186301302083176,1.0642034508634604,0.5972569917692583,0.31792354527502675,0.21501179235814494,1.3134488619457827,1.2858782334141567
Mbi2.80Zm0.96T10.0000_iTp0.40_ACFep00_aFep04,-0.06125204239550443,-0.03373698345517008,0.47417931691701076,1.1069898083807832,0.2922711916692926,1.5443353007019351,1.9125578657369522,1.4664880732398091,1.2101694585026643,1.0554386352360314,0.596816943598428,0.31683668068507087,0.21871098431485256,1.3081146828798953,1.2945646489281537
Mbi2.80Zm0.96T10.5000_iTp0.40_ACFep00_aFep04,-0.0644436071298801,-0.03582249240435294,0.47168185454570194,1.0956897290161125,0.2839845966480753,1.5211514640862156,1.8850140885548003,1.4735673517956263,1.2036807477891653,1.049956291089437,0.5966512041321865,0.31221255233726924,0.2203814351548383,1.307776019266599,1.307723760636154
Mbi2.80Zm0.96T11.0000_iTp0.40_ACFep00_aFep04,-0.07078972370144042,-0.04115935524335187,0.4634765170785009,1.0187477995055794,0.27857268136116337,1.5015199990643093,1.8635218369890503,1.4706166755560799,1.1998186509830324,1.0495586358955742,0.5974016632019722,0.30875337172306483,0.2191632770901216,1.3048372880550696,1.3075767094606086
Mbi2.80Zm0.96T11.5000_iTp0.40_ACFep00_aFep04,-0.07689613619859219,-0.046422975809885046,0.4620186371124643,0.936723895784024,0.27608543920022743,1.492816627974388,1.8542324742004788,1.472905175428525,1.202418654380898,1.0540307604103594,0.6013325011592299,0.3078958209093021,0.21710986081678926,1.3076128998711303,1.305506931175572
Mbi2.80Zm0.96T12.0000_iTp0.40_ACFep00_aFep04,-0.08251567377831824,-0.051223921407630095,0.459077207536605,0.8602121131649036,0.2741261759938567,1.4822061257534593,1.8462486472765969,1.4735508187901332,1.2038796013564126,1.0550858800631724,0.6041989840022997,0.3066654487309633,0.21709804947213096,1.308658221824012,1.3046244671823144
Mbi2.80Zm0.96T12.5000_iTp0.40_ACFep00_aFep04,-0.08720652650599536,-0.05534184305180219,0.45950024030023806,0.8189113756583253,0.2728970101415896,1.486212683107402,1.85682680529157,1.4814814134740741,1.21224396979792,1.0630517136874458,0.6112509019904877,0.3092940901369177,0.21983342446919552,1.3168256356109964,1.3022319905294213
Mbi2.80Zm0.96T13.0000_iTp0.40_ACFep00_aFep04,-0.086440482850055,-0.05437275581505853,0.461474133502006,0.859753635755434,0.2777313291903104,1.493107170381565,1.8708308254154218,1.4883812088860906,1.2224942415716518,1.0724856592218674,0.6195328925745054,0.3131734139629625,0.22133327574710723,1.325527015826989,1.297075593883383
Mbi2.80Zm0.96T13.5000_iTp0.40_ACFep00_aFep04,-0.08496042503436108,-0.05297083950458169,0.46908753991406504,0.9081934959683047,0.278740704237346,1.5526405882978729,1.9304626826348543,1.5111723699270272,1.25502973423107,1.0965341442872525,0.6363064184511561,0.31616792894165097,0.22753733318206631,1.3525909559245568,1.285248836939262
Mbi2.80Zm0.96T14.0000_iTp0.40_ACFep00_aFep04,-0.08043254525814453,-0.04884431857707191,0.4789685731773691,0.9717449428433984,0.28866703214701095,1.5643858299961357,1.9463897055801052,1.5222920316862147,1.2659501726085118,1.1050018763591816,0.645023385423161,0.31897089476669094,0.22717512873605814,1.3632838933191627,1.2841187845608408
Mbi2.80Zm0.66T00.0300_iTp0.40_ACFep00_aFep04,-0.11531697215757546,-0.06994668056423514,0.1961903383789304,0.04834132317304722,0.32835281367850416,0.6572900786546675,1.377813371131753,0.5878859015753799,0.6724023711336199,0.6417882589194766,0.3578938894667196,0.23528002345685797,0.180627380696296,0.6247051662876878,0.8946737073473549
Mbi2.80Zm0.66T00.0400_iTp0.40_ACFep00_aFep04,-0.12373018518718742,-0.0771227361642166,0.15759640177992204,-0.04124022136193649,0.30832728792164504,0.6083372095988951,1.2759677388423503,0.6443331644834108,0.6274354086863533,0.6121307986530307,0.3410112232416832,0.22176984064474858,0.1870496064167387,0.633653128612108,1.0396107294122086
Mbi2.80Zm0.66T00.0500_iTp0.40_ACFep00_aFep04,-0.1275549364155718,-0.08069669493938329,0.16058719220444836,-0.08128236599112296,0.29247129811630224,0.620312874137325,1.2356982028948424,0.6827073080517885,0.6309962366707859,0.619617559447507,0.3435854797999097,0.22743968066398576,0.2006128881589704,0.6546836002385877,1.091795580971206
Mbi2.80Zm0.66T00.0600_iTp0.40_ACFep00_aFep04,-0.1314715330197027,-0.08487943053882852,0.16155726038113422,-0.15846686843516272,0.25633560821210366,0.6291451825684069,1.2004634431075265,0.6831263196474884,0.6289533865322481,0.6054771119587989,0.32893369930793354,0.22032321148106962,0.18844945307669408,0.6520461479665748,1.106787819132035
Mbi2.80Zm0.66T00.0700_iTp0.40_ACFep00_aFep04,-0.132429796404761,-0.08562720894534484,0.1614136634242462,-0.1449841619781841,0.2531436472565562,0.6521308429473256,1.250874071925104,0.7030929889403871,0.6557319048741614,0.6258484572415091,0.34819284916362964,0.2318360861855668,0.19919925011279452,0.6746535918803812,1.0972280938819952
Mbi2.80Zm0.66T00.0800_iTp0.40_ACFep00_aFep04,-0.13296837162649966,-0.08617685668627166,0.1604500373504383,-0.1636572301733722,0.24856922243463891,0.6704518296084532,1.2838142593160558,0.7209358193985688,0.669972928306341,0.6366286875325048,0.3596219570473164,0.235510042411986,0.2042001969774208,0.6901279199763823,1.1035281307772205
Mbi2.80Zm0.66T00.0900_iTp0.40_ACFep00_aFep04,-0.13455360230884608,-0.08803383407623358,0.15800274492523508,-0.1973315485407285,0.23961082024603886,0.6805278374829774,1.2823963585190639,0.7290291005981933,0.6711766466108247,0.635839754475421,0.3614111196614964,0.23507135847355798,0.20174751915336836,0.6943299307012528,1.1155622836749501
Mbi2.80Zm0.66T00.1000_iTp0.40_ACFep00_aFep04,-0.13620021558280007,-0.08945458395402786,0.15954517525007406,-0.2106451337754467,0.22428289183846145,0.6862501354435728,1.2667183716622221,0.73274858946841,0.6688859054753339,0.6310631047417232,0.35648203717706856,0.22635069552505838,0.2003003690363454,0.6945251000963951,1.127349740196441
Mbi2.80Zm0.66T00.1500_iTp0.40_ACFep00_aFep04,-0.14787776948210488,-0.10064216677201493,0.16166077456308464,-0.38201650908154494,0.16844696327957348,0.6860747415005756,1.2073564110869746,0.7317589662932436,0.6390525275298632,0.6009619636767964,0.33112613335347885,0.2018969053037927,0.1688965560932978,0.6781061463338584,1.1802426043927405
Mbi2.80Zm0.66T00.2000_iTp0.40_ACFep00_aFep04,-0.15253176290553916,-0.10479916508091347,0.16297055950056777,-0.3917498579566777,0.1263213183769789,0.6906941034205719,1.1502496243031222,0.7265727982225134,0.6075529501182384,0.5772156782527778,0.31454619950681206,0.16874884785266908,0.15117027479612208,0.659742086586136,1.2265226826971376
Mbi2.80Zm0.66T00.2500_iTp0.40_ACFep00_aFep04,-0.15927026338670017,-0.11086778295513149,0.16496524166720153,-0.471210728284636,0.1119790282451274,0.7074229898950362,1.1520479732439466,0.7536916068316801,0.616681275662228,0.5778636216776635,0.3101730887563003,0.16904374022152907,0.14417773928390723,0.6757186325353604,1.2618891236487824
Mbi2.80Zm0.66T00.3000_iTp0.40_ACFep00_aFep04,-0.1637310760725858,-0.11525563070526433,0.17106057568292218,-0.5484742806264189,0.09280895839220613,0.7287890466282552,1.1580232692222465,0.780288539052996,0.6313160226610506,0.5844820527011622,0.3144027955594023,0.16852221845853663,0.13296416441574208,0.6945331771798122,1.2835824547929655
Mbi2.80Zm0.66T00.3500_iTp0.40_ACFep00_aFep04,-0.16964959196945878,-0.12068772072596753,0.18279446761839918,-0.6211846357902072,0.0751131862628111,0.7394112878638549,1.1658139507979972,0.8167220183369527,0.6431660320667765,0.5926781204265453,0.3205516859824768,0.17483531301902902,0.12965210620607373,0.7167581006785673,1.3217233203542889
Mbi2.80Zm0.66T00.4000_iTp0.40_ACFep00_aFep04,-0.17257535583870612,-0.1235487044445692,0.18830112694272844,-0.7029921157952841,0.07280950120597264,0.7596457144655852,1.1930661080725633,0.8219136206892751,0.6632287130736768,0.6059779160742249,0.326879166314568,0.17294552140906733,0.1288454424603645,0.7293430291362958,1.295161247686009
Mbi2.80Zm0.66T00.4500_iTp0.40_ACFep00_aFep04,-0.17585546864956617,-0.12687890886290476,0.19068367397929667,-0.7344418417128824,0.07800604618474077,0.7812056180977612,1.2219442308835067,0.8600134112454173,0.6868720493215162,0.6227506920616626,0.33738672371838446,0.1782242464672493,0.1352417849185462,0.7584711666324057,1.3133758052141038
Mbi2.80Zm0.66T00.5000_iTp0.40_ACFep00_aFep04,-0.176979092086447,-0.12813685658981627,0.19835098291501393,-0.7272807723034367,0.07468164092368149,0.811285023703547,1.258187301311004,0.8927871346801332,0.7165345376167642,0.6412998403723703,0.3455473973117176,0.18101842373867294,0.13760772141518018,0.7879756450547486,1.315016248155822
Mbi2.80Zm0.66T00.6000_iTp0.40_ACFep00_aFep04,-0.17840403901144855,-0.12977095141515035,0.2170302736811273,-0.6828862141703862,0.07809346616876715,0.8710386457686138,1.322324348464837,0.9528149831529895,0.7669811792040971,0.6714807867744632,0.35471982551605885,0.18690551939688854,0.13947301468587495,0.8398290195015334,1.324769101565791
Mbi2.80Zm0.66T00.7000_iTp0.40_ACFep00_aFep04,-0.17926949039582968,-0.1313419816503349,0.23108662838414543,-0.6432908886319297,0.0931088496368355,0.9111576792729427,1.3592718728233932,1.0085091854214703,0.7956064925804667,0.6882927530494785,0.3593231569397733,0.19455635087666595,0.1457533719057631,0.8786768040511025,1.3592690856761476
Mbi2.80Zm0.66T00.8000_iTp0.40_ACFep00_aFep04,-0.17633080085320982,-0.12984715876254685,0.2459688633092711,-0.6402009228165522,0.11883731614085061,0.9192281758032151,1.3854635648104836,1.0596771544673107,0.8082847284563688,0.7015815817374496,0.36797261908827833,0.20243749412836323,0.1498572427856095,0.908218593027824,1.4036701757141428
Mbi2.80Zm0.66T00.9000_iTp0.40_ACFep00_aFep04,-0.16415814224642375,-0.12002222731209469,0.2581169788663303,-0.5164100279301187,0.1620034205428547,0.9702649374364065,1.454805875622448,1.1107855476241595,0.8420636051647016,0.7265050245445608,0.38616634121295695,0.2119906304569066,0.16200016435343711,0.9483728478005574,1.4163046826074113
Mbi2.80Zm0.66T01.0000_iTp0.40_ACFep00_aFep04,-0.14231254923510217,-0.10130804771786363,0.27989716856109775,-0.23081484372701622,0.19843904748400318,1.0295032089214544,1.5326794524132794,1.1654896468783547,0.8734247603545863,0.7591682285009811,0.4016972849009419,0.23091277645812197,0.16945332796131427,0.990293577748876,1.427777351531262
Mbi2.80Zm0.66T01.2500_iTp0.40_ACFep00_aFep04,-0.14481402511157904,-0.10394083854893806,0.34294681710014574,-0.10271908590995345,0.24793190162388187,1.2648355124863853,1.8877490044237604,1.341461968572523,1.0585766751692827,0.9033897682826929,0.5065251680633805,0.31364781183463625,0.22146143533856066,1.166940742774494,1.3674667811466665
Mbi2.80Zm0.66T01.5000_iTp0.40_ACFep00_aFep04,-0.12650545892095566,-0.08861031690336996,0.37785679481457735,0.1872522221363665,0.29692475482612246,1.399839346743658,2.0147702044456883,1.4006059517649612,1.1349426414739323,0.968989855588977,0.5499365946649031,0.34707596766427523,0.23659221877734768,1.234716878424342,1.3314171949149582
Mbi2.80Zm0.66T01.7500_iTp0.40_ACFep00_aFep04,-0.10844057878713419,-0.07351539238860558,0.4171328646447236,0.48783962401485864,0.3452310768764818,1.51661591604966,2.1884639859078803,1.513596033936948,1.199352068015432,1.0249178666581236,0.5943547640647284,0.3633145832873986,0.24539228295068283,1.3196242333111983,1.3609823253391147
Mbi2.80Zm0.66T02.0000_iTp0.40_ACFep00_aFep04,-0.10339397688631283,-0.06938623457052917,0.43406034800834137,0.5889742610904267,0.35038087363216586,1.542168240721422,2.1902874538187436,1.5697854119036243,1.2108251562881251,1.0391734190103161,0.6024354576066849,0.3633782681887286,0.24329945495103464,1.3510321523328641,1.3953656941275234
Mbi2.80Zm0.66T02.2500_iTp0.40_ACFep00_aFep04,-0.0987756502052711,-0.06551866245057104,0.45525062080202505,0.695526762044645,0.362927457603534,1.5954124828721783,2.2469461956734835,1.6215445580061096,1.2385879841625738,1.0633661677453865,0.6192090122987809,0.3699421615639175,0.2465691200412581,1.3888373591357317,1.4088417500948944
Mbi2.80Zm0.66T02.5000_iTp0.40_ACFep00_aFep04,-0.09348611614596652,-0.06107166243262631,0.47430237846237094,0.8021850017504473,0.37863874997193925,1.646847656867703,2.3078466931772548,1.6688283315556574,1.2658247893812373,1.088083744712389,0.6363931735426321,0.37656330020224454,0.2504027064912201,1.4245669060518895,1.4179211361738322
Mbi2.80Zm0.66T02.7500_iTp0.40_ACFep00_aFep04,-0.09104563834486769,-0.058895504746772936,0.4852191624330131,0.8539048079389766,0.38381497965370615,1.6757455717075989,2.33351710481238,1.6960331974405138,1.2805996985566104,1.0992728434642884,0.6459403929422618,0.3777814290915555,0.2530630310195662,1.444240083557297,1.4253143120011844
Mbi2.80Zm0.66T03.0000_iTp0.40_ACFep00_aFep04,-0.09082592197961745,-0.05872475144648094,0.4938229822158081,0.8678910119518439,0.3821796171043831,1.6854709467491436,2.3326062503741043,1.7171412673225672,1.28620779495607,1.1057596318464353,0.6498166283716217,0.37634440055522883,0.2526784762875704,1.4566540723776393,1.4357563970826968
Mbi2.80Zm0.66T03.2500_iTp0.40_ACFep00_aFep04,-0.0919581218925443,-0.059486081324868975,0.5023721993221821,0.87498981284184,0.37817699241645886,1.6965040049660722,2.335788428852379,1.7395813838407186,1.2937758516377187,1.1142152136875805,0.6558437130733089,0.37691118572473226,0.25456857984076203,1.4707710529916043,1.4448403973672685
Mbi2.80Zm0.66T03.5000_iTp0.40_ACFep00_aFep04,-0.08691527461804989,-0.05509170953926483,0.5118476804094458,0.9512070666794684,0.38620434771809264,1.7236245989924077,2.354533798789573,1.7633856402224704,1.30743614291217,1.123546709064401,0.6634945257128942,0.3780863186700073,0.2566415792183381,1.4881932278938614,1.4507594233243613
Mbi2.80Zm0.66T03.7500_iTp0.40_ACFep00_aFep04,-0.08253522958524356,-0.051431888944243914,0.5228483765022722,1.0144286424012687,0.39411969762875493,1.7488488570314944,2.3789193303247314,1.7881978591193033,1.3212493507195797,1.13471253057377,0.6717602473079167,0.379961871237457,0.25939268710605273,1.50640536790024,1.4562097830098315
Mbi2.80Zm0.66T04.0000_iTp0.40_ACFep00_aFep04,-0.07778249598355644,-0.047446472175527124,0.5349938311373847,1.096572853762867,0.4021199743498455,1.7813986652606555,2.4053943964954754,1.808848661639199,1.3373141318435302,1.1476388265305362,0.6807774135460499,0.38465297628925804,0.2622309898964763,1.5241169834927897,1.4558413715990421
Mbi2.80Zm0.66T04.5000_iTp0.40_ACFep00_aFep04,-0.07425109893298505,-0.04418984368489065,0.55128834819735,1.164981517914321,0.4124192797772882,1.8237459590425722,2.444315091856274,1.832985438593052,1.3594002055206242,1.167830977947348,0.6965278445827267,0.387336680226679,0.26653307738912296,1.5470748439053918,1.4505878612005356
Mbi2.80Zm0.66T05.0000_iTp0.40_ACFep00_aFep04,-0.06785599790549597,-0.03873288194950219,0.566229839983307,1.258486632115913,0.4224303742982992,1.860299478660083,2.480056913346928,1.8649031076437788,1.3814903158162428,1.1849987049460637,0.7095361066569337,0.3895352208886286,0.26894431319105033,1.5728137190204479,1.4532718375626323
Mbi2.80Zm0.66T05.5000_iTp0.40_ACFep00_aFep04,-0.06400384847290636,-0.03537267051181562,0.5738945546957968,1.3346238500454979,0.43197004587585996,1.8775708050326478,2.495015923239027,1.8900951146603333,1.398287436099787,1.2004364751976087,0.7231188037454056,0.39551744344875106,0.27317396844098485,1.593169248437263,1.4546332578413195
Mbi2.80Zm0.66T06.0000_iTp0.40_ACFep00_aFep04,-0.059618499083244875,-0.031654605869079463,0.5846008237267005,1.4165421465259498,0.4444730932029961,1.9072848778033136,2.528284792264126,1.9148317078836552,1.4190691563856426,1.2172101649538536,0.7366481644811577,0.40109152861270064,0.2782013389253227,1.615255811652983,1.4526774096993085
Mbi2.80Zm0.66T06.5000_iTp0.40_ACFep00_aFep04,-0.05536959204233559,-0.02808522695424231,0.6003831912093233,1.5012002473848594,0.45828585590805904,1.9448236724519115,2.570550435539232,1.949458137062331,1.4443699040579288,1.2365050252786414,0.7517827005466671,0.40826816571586677,0.28233251118021857,1.6438600841242101,1.4543447109222352
Mbi2.80Zm0.66T07.0000_iTp0.40_ACFep00_aFep04,-0.05128881449942452,-0.02465560955100785,0.6139060026412713,1.5708894086652059,0.46918884453364296,1.976957020956187,2.6063120020224777,1.966804915071231,1.4633151091094863,1.249055175607083,0.7629820426494425,0.41364276270439865,0.28570272021426824,1.6613432070485106,1.4502480919759475
Mbi2.80Zm0.66T07.5000_iTp0.40_ACFep00_aFep04,-0.04808091943975092,-0.022010023976356336,0.6231645565395324,1.6406549427550983,0.4824982664140861,2.003171292500997,2.6328598672185364,1.9823824984278031,1.479937987605746,1.2597522347015173,0.7746866363742071,0.42004949298692335,0.2899134065613319,1.6767782495485668,1.4471581365562678
Mbi2.80Zm0.66T08.0000_iTp0.40_ACFep00_aFep04,-0.046633797526689925,-0.020747198762455663,0.6336329303541277,1.6772914926720743,0.4895677532761815,2.018485976780567,2.6474970532342987,2.0062803253123866,1.4937838209198744,1.2719970586415283,0.7840653471151446,0.4237580901237499,0.29452875677680906,1.6948033789383496,1.4507876167186045
Mbi2.80Zm0.66T08.5000_iTp0.40_ACFep00_aFep04,-0.045646440655612436,-0.02008114838829473,0.6439004196321365,1.710470874279883,0.49492002450689876,2.0340355563410606,2.661418272762514,2.0276501550338297,1.5058702617098922,1.2832904665082234,0.791665707532246,0.4263345759040065,0.29603250600990016,1.7108507129108137,1.4539500248371953
Mbi2.80Zm0.66T09.0000_iTp0.40_ACFep00_aFep04,-0.044386362093046354,-0.0190657828330243,0.6582521170679793,1.7499998665211298,0.5030749697667221,2.0537330007074335,2.6862646173470646,2.065164089341595,1.5210817205355767,1.2956871050745356,0.7998885410835804,0.4281098099703004,0.29784153060603474,1.7352088703626698,1.4663355193121181
Mbi2.80Zm0.66T09.5000_iTp0.40_ACFep00_aFep04,-0.043593095149139185,-0.018258079245026558,0.6706742094282432,1.7522670418984196,0.5043582557749746,2.0620599550522396,2.6976261068655876,2.082518894365728,1.5272044431318954,1.2939763187156543,0.801707280503258,0.42712183397331605,0.29483389392342124,1.7448310964557736,1.4763455943900008
Mbi2.80Zm0.66T10.0000_iTp0.40_ACFep00_aFep04,-0.042386714869707305,-0.01725310979159169,0.6830401054551658,1.7856792781080637,0.509801299227493,2.0805132488822116,2.720138330708696,2.112389897139001,1.5392499396229886,1.3016841457428208,0.8080629783322472,0.4281857894661142,0.2946922573736634,1.7637979414944056,1.4871094039248023
Mbi2.80Zm0.66T10.5000_iTp0.40_ACFep00_aFep04,-0.04209066508401828,-0.017054305009683468,0.6935409759236018,1.8032014178504183,0.5133466171680197,2.08885612487744,2.7236033287297987,2.1397633292897043,1.54891145464358,1.3103212462980178,0.8142616425066711,0.4290697969096768,0.2972433398398498,1.7808302807876968,1.4967395473513163
Mbi2.80Zm0.66T11.0000_iTp0.40_ACFep00_aFep04,-0.04573311885575773,-0.019014443866060684,0.6906419738023734,1.7634906922885096,0.4890273327189085,2.046193135913534,2.667937999825618,2.131594688204596,1.5255550488020622,1.2861927288410968,0.8037264980489808,0.4218884510172156,0.2956361754756255,1.7632363632395813,1.5162061868801935
Mbi2.80Zm0.66T11.5000_iTp0.40_ACFep00_aFep04,-0.0525974327482739,-0.02494846998313401,0.6743068686447745,1.6672624421321787,0.4707922070419916,2.001216236549424,2.608600605065307,2.1113138528809747,1.5017552588402399,1.2746289199593537,0.7925237588305794,0.4061844033476503,0.28703109136560384,1.7425288765609919,1.5209090074802467
Mbi2.80Zm0.66T12.0000_iTp0.40_ACFep00_aFep04,-0.06208624202103963,-0.03280410525387534,0.6613042809285065,1.5657755445611758,0.4615809834014955,1.9681187425805058,2.57943275137874,2.126618227241801,1.5001686473031324,1.2795775829595342,0.7956520943115546,0.4047271275214548,0.2895016405946721,1.7489809476937088,1.5300808426968173
Mbi2.80Zm0.66T12.5000_iTp0.40_ACFep00_aFep04,-0.0704157754410802,-0.039849522475561255,0.6527382677925262,1.4745854786202501,0.4486599537919451,1.9323438024266288,2.5380203683668525,2.135851894636061,1.4923090839216548,1.2778580852007784,0.7942262671596048,0.39996624731753966,0.28892195564170087,1.7490286516057387,1.542038270067782
Mbi2.80Zm0.66T13.0000_iTp0.40_ACFep00_aFep04,-0.07620598693346467,-0.04437069080686072,0.6477489646665248,1.4420443919512866,0.44230730152039976,1.918834812750397,2.5205253093649227,2.1445923841426695,1.4989532627636226,1.2846804715380171,0.7986975802502501,0.4012790580649617,0.2931631061084944,1.7566946144891182,1.540858165149882
Mbi2.80Zm0.66T13.5000_iTp0.40_ACFep00_aFep04,-0.08109403305538537,-0.04821333718298202,0.6429171816064476,1.4241089367115978,0.4381334322778467,1.9118547949837517,2.5080154308134857,2.138968441007656,1.5072448509593328,1.294176326176933,0.8078273227128182,0.408780336693776,0.297722723583905,1.759642023536165,1.5270595214063472
Mbi2.80Zm0.66T14.0000_iTp0.40_ACFep00_aFep04,-0.08134193210023458,-0.04839105936916459,0.6404815334452437,1.4396701703497006,0.4388113634920129,1.938165389969437,2.545717531702122,2.1422698601052717,1.5254794252931048,1.3113852309696272,0.8233931277096439,0.41494664693615735,0.30582075776673384,1.7718824125471113,1.5103081180668554
Mbi2.80Zm0.35T00.0300_iTp0.40_ACFep00_aFep04,-0.13267078931928472,-0.08427426043609915,0.17759475587148157,-0.13019018732065574,0.3164508835913455,0.6779370263677161,1.4757753581652937,0.6722211215232197,0.6839191254127336,0.6678227835963024,0.3880577302040487,0.2603251455805458,0.20715875791775837,0.6758070710273856,0.9945998079115944
Mbi2.80Zm0.35T00.0400_iTp0.40_ACFep00_aFep04,-0.13563595065428474,-0.08718289013532053,0.1733605103089156,-0.1793499967507387,0.287624297840105,0.7004654221512419,1.4555217530058215,0.6888676536919427,0.6949324896094098,0.6737060263825289,0.3844391473203481,0.2606903205164167,0.20487078288713098,0.6889283641236845,1.0066465990001412
Mbi2.80Zm0.35T00.0500_iTp0.40_ACFep00_aFep04,-0.13836534449616386,-0.090083580401816,0.17316237987841573,-0.24979701800135734,0.26089171316024223,0.7123565079798798,1.4059288108519015,0.722367323655558,0.6992091051120538,0.6689969717480142,0.3774960701583703,0.2630080620185372,0.20307402586821804,0.7063816374437846,1.0559335115852397
Mbi2.80Zm0.35T00.0600_iTp0.40_ACFep00_aFep04,-0.14110463738554524,-0.09266366165588479,0.17172970732801757,-0.311887885357921,0.23835530800772753,0.694217369250217,1.3466340036386626,0.7156536251501534,0.673519488687159,0.6386290430001006,0.35382545630135637,0.24864380924181254,0.1939858135373455,0.68921347272475,1.090811913236548
Mbi2.80Zm0.35T00.0700_iTp0.40_ACFep00_aFep04,-0.14563135369297742,-0.09708150633733302,0.1723780814393557,-0.40447309332261827,0.2092985848188605,0.6908422967120414,1.2978069134815358,0.7382107874191618,0.6578321079928352,0.6290121050787674,0.34461686081562753,0.23344414257392504,0.1874334041462541,0.6925761272658085,1.1473195899247306
Mbi2.80Zm0.35T00.0800_iTp0.40_ACFep00_aFep04,-0.14695569820036297,-0.09850581537190851,0.17393680018224306,-0.4034626035901244,0.1965704062653287,0.697219846415453,1.30088312921325,0.7424011267485373,0.6527688312166313,0.617853519968228,0.33406175790776327,0.23013980538965537,0.18276046711183405,0.6909112744819754,1.1685629897132628
Mbi2.80Zm0.35T00.0900_iTp0.40_ACFep00_aFep04,-0.14953755107033115,-0.1006181324585953,0.17074670449581877,-0.40842937900585513,0.18677338132672133,0.6963123484562006,1.29098909069319,0.7301297082170702,0.6498497184057958,0.6137122771809146,0.33316822855210715,0.22474644502190722,0.17756653821080023,0.6834374732539499,1.1556689909434144
Mbi2.80Zm0.35T00.1000_iTp0.40_ACFep00_aFep04,-0.1505765825366229,-0.10156376565598273,0.17361982527133601,-0.4101162360260897,0.17819693648454699,0.7028037524033749,1.3008223844210751,0.7445140348579444,0.6534348017025806,0.6119032400554537,0.32960617900658884,0.22483333682258033,0.17452149227881766,0.6912550529161794,1.176782820539454
Mbi2.80Zm0.35T00.1500_iTp0.40_ACFep00_aFep04,-0.15797964367991243,-0.10861564688688696,0.1635796369320587,-0.45645749238024586,0.14658033568775808,0.7448040323031515,1.2906692648934712,0.7702495487602775,0.6589755612447411,0.6192623841491457,0.3322895056136102,0.2053548000523068,0.16754824147012623,0.7064068889855556,1.2051739686431018
Mbi2.80Zm0.35T00.2000_iTp0.40_ACFep00_aFep04,-0.16960941580166158,-0.11925081943080264,0.16741554993441965,-0.5864191635714808,0.11398363146185281,0.771959042474403,1.2719620574005948,0.8043537165140389,0.6619104462841731,0.6288656022502228,0.33276730921809955,0.21398356509659572,0.1632843637988672,0.7245466164417904,1.2463102602923841
Mbi2.80Zm0.35T00.2500_iTp0.40_ACFep00_aFep04,-0.17707840133936795,-0.12596706967342644,0.17503726129916172,-0.6625898357020219,0.1010857809349512,0.8106402274076399,1.3255300726851194,0.835561085471839,0.6953967996937684,0.6410333903591676,0.3428239194589153,0.22124539510584992,0.15813799656281838,0.753875187930979,1.2504373093199017
Mbi2.80Zm0.35T00.3000_iTp0.40_ACFep00_aFep04,-0.18197843071091513,-0.13038959130829322,0.18681064088055807,-0.749340879917906,0.09278505710903034,0.8356654967306917,1.365722958811682,0.8625476214787386,0.7249293244208286,0.6563973685176536,0.3582804295608466,0.21672221254009352,0.1616178532963548,0.780214511120304,1.2488683899155673
Mbi2.80Zm0.35T00.3500_iTp0.40_ACFep00_aFep04,-0.1858640042261556,-0.13416509677107832,0.19773629872157802,-0.7805096986076109,0.08453388210658955,0.8572873798964818,1.3880999322923033,0.9104511080045251,0.753611338855139,0.6751689554951508,0.36529153386800584,0.21738974411341364,0.15706542377188729,0.8161674161034255,1.2744452196109484
Mbi2.80Zm0.35T00.4000_iTp0.40_ACFep00_aFep04,-0.19008048186288778,-0.1379079543631231,0.21235314870504013,-0.8127393981524277,0.076841667468585,0.8930092936597216,1.3934683034865294,0.9575541113269531,0.7821566670205196,0.6891060400890464,0.3656607918524355,0.2156002153992691,0.15218568920626963,0.8508872130317544,1.3016765893674533
Mbi2.80Zm0.35T00.4500_iTp0.40_ACFep00_aFep04,-0.18740925681386894,-0.13581165243466575,0.22551988425848926,-0.7225285434057352,0.08235093922258993,0.9454601135269862,1.4531167483017167,0.9960584332061839,0.8181851486155598,0.7115716967956122,0.3727232748879017,0.21349527789684317,0.15238056349153214,0.8861298513336568,1.3022441261747852
Mbi2.80Zm0.35T00.5000_iTp0.40_ACFep00_aFep04,-0.18728452652329267,-0.13612403400923354,0.23629475644232872,-0.7113112166218685,0.08137002032315171,0.9841371190577284,1.506881526722783,1.0392519565120728,0.8562980818667842,0.7350715634930833,0.38103354468306605,0.22287396969457554,0.15371198899335142,0.924463999269472,1.306110066309653
Mbi2.80Zm0.35T00.6000_iTp0.40_ACFep00_aFep04,-0.18909895380684588,-0.1394522081005385,0.2559735957167507,-0.7946757864971445,0.1389528410782557,1.0249581283600708,1.54991989663263,1.1043121934207836,0.8803756449643173,0.7545380923638692,0.3928540736639948,0.23129931696775885,0.16716462379871766,0.9660743528741714,1.3509118777428293
Mbi2.80Zm0.35T00.7000_iTp0.40_ACFep00_aFep04,-0.1748839759708665,-0.12793027016118524,0.28036432016677115,-0.6345063050317037,0.16214211347058932,1.0627749954935173,1.5795218489455074,1.1856331773939366,0.9059138501636144,0.7935455110874388,0.4010503557107375,0.24378658894879976,0.17542634667311288,1.0182228537817242,1.3953063008475066
Mbi2.80Zm0.35T00.8000_iTp0.40_ACFep00_aFep04,-0.16755343840197373,-0.12205191087580113,0.3114203746302635,-0.5010349878317851,0.18655114033349696,1.1380199720873283,1.6835697214828411,1.2706961330181044,0.9668439362958289,0.8375951772192917,0.42650018030826575,0.2657149993767321,0.18174217302729112,1.0874643900116672,1.4084112049009365
Mbi2.80Zm0.35T00.9000_iTp0.40_ACFep00_aFep04,-0.15722728214339846,-0.1133009700444227,0.345816287817935,-0.3065664708654574,0.21205503951106933,1.2208587657397545,1.8071749459016855,1.3563822029344823,1.0247961494706235,0.8805693357343916,0.4567208564074259,0.29070941818071727,0.19247937459706052,1.1555257623450734,1.4237501555125915
Mbi2.80Zm0.35T01.0000_iTp0.40_ACFep00_aFep04,-0.14792717465153457,-0.10534783989859431,0.37265334662091293,-0.15019008674316708,0.24059180027220214,1.315780382518332,1.9357356822469494,1.4167915821295969,1.083869049244623,0.923577259442244,0.48607411572160586,0.31654434533540166,0.207730397460521,1.2132718280448005,1.4115362149400292
Mbi2.80Zm0.35T01.2500_iTp0.40_ACFep00_aFep04,-0.11472030977563495,-0.07620088913869388,0.4726597051633072,0.56785701127276,0.3636129669492755,1.663965073954706,2.4012946108642756,1.7326523982417374,1.3097458766162502,1.116672782408588,0.6359682285636199,0.4150293826833044,0.2751531562400274,1.4750140126406297,1.4281561772510265
Mbi2.80Zm0.35T01.5000_iTp0.40_ACFep00_aFep04,-0.1081368711756564,-0.0701427093914434,0.5125936722868683,0.70031443681152,0.3927385776460749,1.7473317029821211,2.5052606506135486,1.8408563680471952,1.3672708834451637,1.1701818086081117,0.6841757276858441,0.44267469237281803,0.2958575623309437,1.5541434176611164,1.4509483261006906
Mbi2.80Zm0.35T01.7500_iTp0.40_ACFep00_aFep04,-0.09024234530048555,-0.05488611941725507,0.5697079732112688,1.005736055981076,0.44856194600570093,1.8851037063738503,2.6983674136496605,2.001543812171269,1.4544704078124924,1.229959268968015,0.731445199776468,0.46604455198131917,0.3061719804425308,1.6689406694494457,1.491224619876623
Mbi2.80Zm0.35T02.0000_iTp0.40_ACFep00_aFep04,-0.07968451240222568,-0.04591149296494322,0.609895269951692,1.1364696764921187,0.4774934497580123,1.9540034974590952,2.772612230136143,2.098618052268802,1.4955598506731154,1.2613807901119558,0.7521773125351852,0.46597724603260376,0.3073473445239844,1.7323401016437487,1.522425271855832
Mbi2.80Zm0.35T02.2500_iTp0.40_ACFep00_aFep04,-0.07329793748215667,-0.04065073880559067,0.6327342312421049,1.2425970202913184,0.4868802831965895,1.9817255678629273,2.7891258043271456,2.1460561443382224,1.5094939601546165,1.271161954219048,0.7615909908885234,0.46738442216627507,0.3075315996277907,1.7596153288792173,1.5435610952400893
Mbi2.80Zm0.35T02.5000_iTp0.40_ACFep00_aFep04,-0.06865924481982154,-0.03698222517994744,0.6577049683361231,1.3512579857377363,0.5061399993504987,2.017497793134557,2.827440398725142,2.2161523417255076,1.5334585581562385,1.2906169327079586,0.7764947008328106,0.4739701375343992,0.312513884647007,1.8021345799532815,1.5694710349597216
Mbi2.80Zm0.35T02.7500_iTp0.40_ACFep00_aFep04,-0.06341139183180505,-0.03254150475026149,0.6792165025496268,1.4535403037154238,0.5267005446130797,2.0639476599902915,2.8838776709187743,2.255332209497077,1.5537796070376044,1.3075495943880218,0.791066075085266,0.4814857233988552,0.31900697518917387,1.8299717648748155,1.5764227397346537
Mbi2.80Zm0.35T03.0000_iTp0.40_ACFep00_aFep04,-0.059385288999426813,-0.029152329112704267,0.6939773925851174,1.5149028936043565,0.5340818916940228,2.0819170757104146,2.9007142692234775,2.2863012988243474,1.5615017839078424,1.3146496104737095,0.7980536882452866,0.485394715275933,0.3198732029802186,1.8471701578733388,1.589833764168706
Mbi2.80Zm0.35T03.2500_iTp0.40_ACFep00_aFep04,-0.057173985071757936,-0.027499965711663084,0.7029629292990879,1.5558205187703131,0.5354778617929401,2.082688602238905,2.8903590823551593,2.2980451503757777,1.5591029842189146,1.3162715910117275,0.7994511546214144,0.48516515911172553,0.32103293025779955,1.851118189169839,1.5984318496601055
Mbi2.80Zm0.35T03.5000_iTp0.40_ACFep00_aFep04,-0.05478326225255915,-0.025695547172453304,0.717199099323602,1.614025556667057,0.5445540882173903,2.101878448708424,2.9135766112951678,2.3248397499717086,1.5731884217732435,1.3276521559726715,0.8069082357818251,0.48515017050732884,0.32311269838739226,1.8701812439738865,1.6028731587712517
Mbi2.80Zm0.35T03.7500_iTp0.40_ACFep00_aFep04,-0.05187155942930265,-0.023355093281170036,0.7312903437247038,1.6785904190146514,0.5546805757444324,2.1423023786379063,2.954760911390008,2.352007413810366,1.5885890972209464,1.335722008083314,0.8171542782235169,0.4916586949314368,0.3252108051073958,1.8894032547397293,1.608589051653347
Mbi2.80Zm0.35T04.0000_iTp0.40_ACFep00_aFep04,-0.048563170408070885,-0.020721496570378046,0.7506350281417646,1.7516020726061257,0.5634814526037546,2.1747998484227185,2.9783281928534273,2.3961067586553213,1.6029838462360544,1.3448498485581737,0.8254583341060948,0.49908432241662126,0.3272944674137067,1.9151333570716689,1.6256729563046672
Mbi2.80Zm0.35T04.5000_iTp0.40_ACFep00_aFep04,-0.04532248355398065,-0.01798332439652051,0.7689448004220663,1.8154564131399278,0.5674026309539488,2.2038663177925772,2.991337383788981,2.452242904886634,1.6154671805971506,1.3536991060062016,0.8311074476464707,0.5032278092840151,0.32886529508423296,1.9446800864607423,1.6518057044840928
Mbi2.80Zm0.35T05.0000_iTp0.40_ACFep00_aFep04,-0.04429241970907065,-0.01722651553753683,0.7848435786512252,1.857272430665085,0.5753171062376419,2.2230624971285913,3.0145417432737527,2.4734405784188973,1.62649026216685,1.3605728434009992,0.8429877666071008,0.5030950916425644,0.3325205649040133,1.9593014962744235,1.6561019911554158
Mbi2.80Zm0.35T05.5000_iTp0.40_ACFep00_aFep04,-0.0417077264720737,-0.015119172092202413,0.8137383097153404,1.9390170687602744,0.591927369684055,2.263535468011068,3.0635921612619486,2.539719982535389,1.6558267865550707,1.3798759903919895,0.8593988571971702,0.5087591395923191,0.3367770644798369,2.0022741588233948,1.673233626046572
Mbi2.80Zm0.35T06.0000_iTp0.40_ACFep00_aFep04,-0.040812703448453364,-0.014631654051648221,0.8403359056607778,1.9889162145815267,0.6016824504383287,2.284072488675051,3.086684009926415,2.5760421289217157,1.673746123695101,1.394696203875857,0.8707617189698535,0.5081863816183502,0.33850308351338454,2.027403292364533,1.6790552690367582
Mbi2.80Zm0.35T06.5000_iTp0.40_ACFep00_aFep04,-0.0392077937763988,-0.0133179113163255,0.8620896021572945,2.0427233323580865,0.6152870588127357,2.3053326882639684,3.113899597620281,2.6132844074253296,1.694897707708407,1.4120333956610958,0.8834126348107368,0.5137495466959583,0.3439249204185537,2.054816872821036,1.682228746296429
Mbi2.80Zm0.35T07.0000_iTp0.40_ACFep00_aFep04,-0.0378630556229841,-0.0121408286597478,0.8870652611566401,2.077207677338359,0.6260467096936981,2.323261265930745,3.14723659789925,2.6627261327879013,1.7130565451185409,1.4286117930267936,0.8927850176577417,0.5143991916088038,0.3454931062089906,2.0855044609653453,1.6951032675586795
Mbi2.80Zm0.35T07.5000_iTp0.40_ACFep00_aFep04,-0.035957775017205595,-0.010358305579766932,0.9028402042908878,2.1247279170959783,0.6382394672655403,2.3466061988895777,3.175166606159389,2.6959882316525015,1.7353020079784063,1.443010119255307,0.9049186644572169,0.5222736475688776,0.34689626492426856,2.1113288360782057,1.696490541977695
Mbi2.80Zm0.35T08.0000_iTp0.40_ACFep00_aFep04,-0.03426484885157907,-0.008834354463733355,0.9206956206798365,2.1690931208838444,0.6490373988365113,2.3696204632783315,3.2010358193397868,2.742326137018463,1.7547545488178553,1.4577504846954985,0.91341887916596,0.5276518195023316,0.3495395066157298,2.1410404716116602,1.70728207950499
Mbi2.80Zm0.35T08.5000_iTp0.40_ACFep00_aFep04,-0.032810285707861514,-0.007526513725003557,0.9471369862770005,2.1970206420904175,0.6565891114506738,2.378094559878685,3.228591139844579,2.788161576126155,1.7612419532379489,1.4532108185786916,0.9136593551707595,0.5285839611014753,0.3430841896359656,2.161053395820041,1.73476593003445
Mbi2.80Zm0.35T09.0000_iTp0.40_ACFep00_aFep04,-0.03234764085422094,-0.007094900579801998,0.9563845278764513,2.244621029647343,0.6625139751467926,2.4011224139380705,3.245717199808589,2.794600679230149,1.7729417832392238,1.4625469144300982,0.9234775103267225,0.533757637189541,0.34575603899895985,2.170664412694615,1.7274674340499068
Mbi2.80Zm0.35T09.5000_iTp0.40_ACFep00_aFep04,-0.03087364473752273,-0.00579112908154838,0.9602936254620974,2.2738916929886694,0.6658827271941667,2.419081967704832,3.252509490294213,2.806298531958626,1.7790345380721533,1.4672479553665208,0.9275923628173613,0.5355939592543121,0.34381417715424345,2.1788784886456694,1.7289305768248233
Mbi2.80Zm0.35T10.0000_iTp0.40_ACFep00_aFep04,-0.030590631313613493,-0.005510715366713802,0.9770587455312478,2.304113413025861,0.6712005984272711,2.437176729492296,3.273590795864856,2.833429154081351,1.7905195645235423,1.4751463813932564,0.9331710924707489,0.5376733970801412,0.34530682504193483,2.196157056099347,1.7352841356135085
Mbi2.80Zm0.35T10.5000_iTp0.40_ACFep00_aFep04,-0.029611468790364734,-0.004716783997721854,0.9846189864532686,2.330415566895029,0.6751704456547685,2.4494193288569326,3.28479172696189,2.843581673092529,1.7920629391659928,1.4817035952031232,0.9376837782347253,0.5375722322572284,0.3436844477046712,2.2019919007394906,1.7371927064680026
Mbi2.80Zm0.35T11.0000_iTp0.40_ACFep00_aFep04,-0.029244515332708367,-0.004421246975065357,1.0031331209098044,2.355750122477429,0.6798974832700286,2.462322497213032,3.29393187883141,2.869463769759673,1.8026920692696047,1.4880801299280635,0.943168866198678,0.5405094844229372,0.3437655074983808,2.2181038441852534,1.7439455520253175
Mbi2.80Zm0.35T11.5000_iTp0.40_ACFep00_aFep04,-0.028644270684819447,-0.0038877997157077734,1.0138989699411236,2.380556447609475,0.6825211300394632,2.473964615930233,3.3049975826790754,2.8880181454459186,1.8073911268628242,1.493553375197595,0.9450993891708128,0.5376922861360631,0.3430027893406933,2.228451259567493,1.7498132087002638
Mbi2.80Zm0.35T12.0000_iTp0.40_ACFep00_aFep04,-0.0286430006997278,-0.0037972376309253182,1.0298852876006956,2.3943429515614634,0.6849792569245936,2.4876810632145685,3.3123057356666465,2.9055052649069673,1.8136441833478505,1.5000160096579622,0.9502828491181022,0.5392430443336323,0.34350548282144566,2.239286314123078,1.7536531181076782
Mbi2.80Zm0.35T12.5000_iTp0.40_ACFep00_aFep04,-0.028014027299981842,-0.00312713418849064,1.0413654050456151,2.4130635651112082,0.6894492023956088,2.4985362617950075,3.325858664618008,2.935630798734375,1.824622425632393,1.5075129296919565,0.9555601863715618,0.5414621592372504,0.34410238994735054,2.2573792760519416,1.7620117346335236
Mbi2.80Zm0.35T13.0000_iTp0.40_ACFep00_aFep04,-0.028416005360853896,-0.00318913944568948,1.0545487956697213,2.433322515260335,0.6969645482055641,2.516434121453271,3.36620818992541,2.9619940774916325,1.8444683971773048,1.5195264559126511,0.9628132810331339,0.5432082278553577,0.3469945319625505,2.278993453041142,1.7609979841502608
Mbi2.80Zm0.35T13.5000_iTp0.40_ACFep00_aFep04,-0.028448845750548228,-0.0029412404096886783,1.059315462503756,2.4424821216335086,0.6992902685394182,2.520724294452904,3.380174220681593,2.9707914574690273,1.85433727112094,1.5255079977083466,0.9684272066006919,0.5446501493881116,0.34879388183753657,2.2880826098100018,1.7579452437466478
Mbi2.80Zm0.35T14.0000_iTp0.40_ACFep00_aFep04,-0.02900461905842146,-0.0031912219379607084,1.0659379428037634,2.449072822875383,0.7012233306879132,2.522151932498352,3.3912025912526564,2.9835024372670684,1.8590676773267416,1.52928837847572,0.9721873829463804,0.5425980903152638,0.34891508111480185,2.2958749292201728,1.7610324228812417
Mbi2.80Zm0.25T00.0300_iTp0.40_ACFep00_aFep04,-0.13416620625309159,-0.08548990133581438,0.16958052736401352,-0.19600365109981446,0.2812530325721418,0.608646862625507,1.3514428254793005,0.6897971877258211,0.6341782909969763,0.6242120816292493,0.36477870214540165,0.2330600888353056,0.2100848012167712,0.6599465856810847,1.0963166958854484
Mbi2.80Zm0.25T00.0400_iTp0.40_ACFep00_aFep04,-0.13979927454766455,-0.09054171188148762,0.17592129697447112,-0.29316410884223254,0.24727697951909128,0.6496020158281696,1.323566033632097,0.7224980204721456,0.6523212450806709,0.6377434243615758,0.36374794267796523,0.2401671311380676,0.20891554533623538,0.6843622748451683,1.1200958178081324
Mbi2.80Zm0.25T00.0500_iTp0.40_ACFep00_aFep04,-0.14375578726647337,-0.09403207413335277,0.18107557958270395,-0.3321535593743317,0.22708659038082182,0.6560779139534412,1.283828680485651,0.7489376328752357,0.6459472333746118,0.6317016065094588,0.3564750169415226,0.2307263945525505,0.19953032687652855,0.6933879490070404,1.1723685092426361
Mbi2.80Zm0.25T00.0600_iTp0.40_ACFep00_aFep04,-0.14950994727761563,-0.09929536288275297,0.17926800885204183,-0.42226645040167377,0.20189746412637927,0.6663065713169094,1.2773108852549355,0.7547583825368263,0.6486979243307629,0.6395334197143545,0.35606758582375075,0.2316710823090738,0.20569322692724432,0.6983361940012806,1.1717745978247096
Mbi2.80Zm0.25T00.0700_iTp0.40_ACFep00_aFep04,-0.15057897469962894,-0.10044263152637792,0.18439116057887092,-0.4144250403417492,0.18777431315483528,0.6899837181606359,1.2777101720548072,0.7827254701530848,0.6627556024808995,0.6423086676775579,0.35945618614899477,0.23041106922334686,0.20525647577389078,0.7171293302358057,1.199520189236425
Mbi2.80Zm0.25T00.0800_iTp0.40_ACFep00_aFep04,-0.1512635207135571,-0.10114039435679265,0.18662944281745453,-0.392617407576903,0.18581782130141372,0.7062049350700007,1.2998213310246005,0.7920080735969062,0.6735668745982353,0.6452787305788399,0.3591290223147136,0.2304246106009082,0.1996894263693253,0.7260834387473081,1.201062611859812
Mbi2.80Zm0.25T00.0900_iTp0.40_ACFep00_aFep04,-0.15426542961798276,-0.10380452853934141,0.1816325747030513,-0.42362164989744633,0.1788720311964974,0.716046868144378,1.3160707783800247,0.7869816040735422,0.6835738594905203,0.6438407060597179,0.3562029660736289,0.2308407912477323,0.1970096378447481,0.7274645416887804,1.1857359780398726
Mbi2.80Zm0.25T00.1000_iTp0.40_ACFep00_aFep04,-0.15664692209752978,-0.10608544281281289,0.1788515945746425,-0.4856593181400923,0.171276319445405,0.7351495974949451,1.3184892255502103,0.7847021600708111,0.688341727483746,0.6413076786745999,0.3520636815968115,0.22721396258179233,0.19089349700479263,0.7278798519729018,1.1803143842826822
Mbi2.80Zm0.25T00.1500_iTp0.40_ACFep00_aFep04,-0.16885573617740843,-0.11754246534827635,0.17519554542998758,-0.5434465937018026,0.13275199144706526,0.7795426213166672,1.3192531845971682,0.8175924028316296,0.6910091618588644,0.6538662180221867,0.34922183725087835,0.22976143152995812,0.17958793972045614,0.745963042105272,1.215863439932914
Mbi2.80Zm0.25T00.2000_iTp0.40_ACFep00_aFep04,-0.1801854032811805,-0.1277264248433951,0.17644324911226666,-0.6683198024312778,0.10071742098372484,0.7786788508680363,1.2856217339729903,0.8579964898809084,0.689273904859656,0.6470385446422858,0.3443054064164525,0.23386171564760974,0.1717856415629052,0.7623962286815114,1.2841255653955674
Mbi2.80Zm0.25T00.2500_iTp0.40_ACFep00_aFep04,-0.18987227999848605,-0.13604324069687557,0.1936180461389577,-0.8178613953218242,0.0808485027718043,0.8176391584351858,1.3235329141031726,0.8878604666444503,0.7285493631705879,0.6633989365306462,0.35275217610939114,0.23386812448951202,0.1686676989556242,0.794137091982575,1.275708971137821
Mbi2.80Zm0.25T00.3000_iTp0.40_ACFep00_aFep04,-0.19238095554493811,-0.13866252583071256,0.2015612464938972,-0.8547562989907753,0.0787170615998509,0.8486498901212296,1.3766599923129474,0.9196362439458838,0.7608036513237175,0.68438301576834,0.36975195825681206,0.22890383822748028,0.17002482670548547,0.824611690516129,1.2726885251388822
Mbi2.80Zm0.25T00.3500_iTp0.40_ACFep00_aFep04,-0.19601488129274636,-0.1423136827296319,0.219428128276094,-0.8435728084251435,0.07680628140603518,0.9025525211982748,1.4275661926748668,0.9753085475653673,0.810785812489945,0.7149759311260404,0.377433047527853,0.22711317347857776,0.1674292464005017,0.8744152092800372,1.278454583943009
Mbi2.80Zm0.25T00.4000_iTp0.40_ACFep00_aFep04,-0.19595348240325433,-0.14201446307668703,0.23381394103531533,-0.7961403843569562,0.06661194145257944,0.9521121574029552,1.4709309445387948,1.0112690650800644,0.848608736673954,0.7332970926208809,0.37791041563682215,0.22554712829762183,0.16347331260217254,0.9085816728188023,1.2785452159701025
Mbi2.80Zm0.25T00.4500_iTp0.40_ACFep00_aFep04,-0.19773886205429744,-0.14415483812726845,0.24300855250388265,-0.7992692064032165,0.05996044786967287,0.9835834792475721,1.5122480912215064,1.0504933053169354,0.8780702632062469,0.7591396169372983,0.3837835664915641,0.23656421020386045,0.16775955248459148,0.9420323220247427,1.2832726189324386
Mbi2.80Zm0.25T00.5000_iTp0.40_ACFep00_aFep04,-0.2024768680285993,-0.14937310694802158,0.25625437014552427,-0.8942567681509255,0.09131832904618781,1.0053895357036917,1.5297698311042278,1.0866365032791578,0.8884514074520472,0.7605877434325187,0.38496294691648825,0.23999423954787252,0.1697086009893704,0.9625591720992945,1.317902613405233
Mbi2.80Zm0.25T00.6000_iTp0.40_ACFep00_aFep04,-0.19352622732095978,-0.14313278075584127,0.27688937190575497,-0.8220057726803706,0.14930831403002273,1.0937688732812278,1.6416666129791135,1.164568414667686,0.9504964432379048,0.8075668009311677,0.41704225831524194,0.25577669138942066,0.19102718015215697,1.029714406475306,1.3248310816236937
Mbi2.80Zm0.25T00.7000_iTp0.40_ACFep00_aFep04,-0.18736648763394254,-0.1385483339008191,0.312065960952659,-0.7129023456738446,0.15401883964648544,1.1259562146699358,1.6577681899023387,1.267858001726863,0.9672660054273395,0.8477391122170184,0.4143107654916818,0.26612148675690434,0.17458495272037922,1.0880826572211872,1.39708476786267
Mbi2.80Zm0.25T00.8000_iTp0.40_ACFep00_aFep04,-0.17247845711657844,-0.12554937652891845,0.34151842752467293,-0.48459692304852536,0.1948322932323135,1.2559630759602816,1.8255793223045982,1.3559938486391159,1.0543856343049405,0.9051628179311446,0.44943001212677175,0.29247723427782385,0.18635964185322748,1.1717865728487844,1.3839860372850292
Mbi2.80Zm0.25T00.9000_iTp0.40_ACFep00_aFep04,-0.15481832728406061,-0.11003222714764613,0.3752978157156587,-0.19891346573985372,0.24279427957079852,1.392832048149714,2.0027848708527505,1.449150139829275,1.1419406914992034,0.971320168769899,0.49085374854870906,0.3195082403334152,0.2016754419721398,1.2592109360782067,1.3714824961502767
Mbi2.80Zm0.25T01.0000_iTp0.40_ACFep00_aFep04,-0.13235496987466694,-0.09019774713508374,0.42436068036138896,0.19324930300256304,0.3131075249375449,1.5722378254762355,2.2431714853492575,1.5790422737927068,1.2648122401570079,1.069500876071871,0.5694532853702006,0.38017372891890766,0.24005211724231654,1.3823308661440121,1.3528967153675386
Mbi2.80Zm0.25T01.2500_iTp0.40_ACFep00_aFep04,-0.110521610286737,-0.07085266218117606,0.5205670593887309,0.5942405147135368,0.39574069320625804,1.777904134830878,2.5387572349671945,1.8134158250993684,1.4148521522872504,1.188400341791267,0.6732611817366991,0.44651066148856944,0.2905359832846781,1.5654816894605863,1.3931924231124342
Mbi2.80Zm0.25T01.5000_iTp0.40_ACFep00_aFep04,-0.09354310862925813,-0.056094127593276755,0.609427248838545,0.8801416509684229,0.4676202428164642,1.9414107167022285,2.8006918819272353,2.0309055739449593,1.527965198676381,1.266780027277318,0.7411597887029366,0.4795487305998778,0.30945928038213355,1.7189034763669726,1.4533743935473893
Mbi2.80Zm0.25T01.7500_iTp0.40_ACFep00_aFep04,-0.07516072070562091,-0.04039039127380578,0.6629172679549544,1.1654318648622133,0.5255470386020317,2.092246740440117,2.964766503549044,2.1619796235137576,1.6035643472795535,1.3184785612111811,0.7823253201888076,0.4981034977211851,0.32154361542950166,1.8150194320971418,1.4797726735850314
Mbi2.80Zm0.25T02.0000_iTp0.40_ACFep00_aFep04,-0.06483754814025149,-0.03180816595323646,0.7192447594929605,1.3957601338487855,0.5637214344106184,2.1762846258271304,3.069543712344796,2.3148991306062965,1.6563596041849324,1.365989387068812,0.8152585193987396,0.5148324539050992,0.33140707574726835,1.9094752247712956,1.5318542877115058
Mbi2.80Zm0.25T02.2500_iTp0.40_ACFep00_aFep04,-0.06247938218421022,-0.030171801518987983,0.7357759532138843,1.4220280860490313,0.5676607604617089,2.1848098023189424,3.0515952158812425,2.3447412798417817,1.6553651179186202,1.3707684185027478,0.8192941263485085,0.5102966344674895,0.3314239167314881,1.9221231357564879,1.5496614750283728
Mbi2.80Zm0.25T02.5000_iTp0.40_ACFep00_aFep04,-0.05771133072527402,-0.02610867484190656,0.7656016200703294,1.5124500843364328,0.5745577995842103,2.196996648058905,3.063900866187079,2.4173102872322723,1.6639715810915863,1.3771009784642148,0.829969111125638,0.5175784842494693,0.3376035432871788,1.956570506820762,1.5897748178592361
Mbi2.80Zm0.25T02.7500_iTp0.40_ACFep00_aFep04,-0.05355992277617489,-0.022691611290967535,0.780293835071749,1.5798642122709918,0.5754192473989752,2.2004091316241903,3.066640548696018,2.4486224130856438,1.660688529384745,1.3795417086404003,0.8343329317477517,0.5195813571677237,0.3432490314174797,1.9681567214898965,1.6108138011785615
Mbi2.80Zm0.25T03.0000_iTp0.40_ACFep00_aFep04,-0.049784437083331905,-0.01937655086928915,0.8083243557638434,1.6613775781266997,0.5915536037712452,2.2330236966117214,3.11507774957583,2.501146202238088,1.682882871603956,1.3961116331087253,0.8468404836637956,0.528619748493551,0.3485696646946492,2.0020749738167134,1.6246512934075434
Mbi2.80Zm0.25T03.2500_iTp0.40_ACFep00_aFep04,-0.04783599341562848,-0.017917616226607935,0.83086801291891,1.7124958066092784,0.6002103112743012,2.2634744935360183,3.1500021434251813,2.5387566179594834,1.697083817791216,1.4016870524569225,0.8566251873605029,0.5352024929539643,0.34936036006265064,2.024475101262755,1.638557172674202
Mbi2.80Zm0.25T03.5000_iTp0.40_ACFep00_aFep04,-0.046730024610659414,-0.017175520404355268,0.8471675451310307,1.7524278174574208,0.6071182964146322,2.2736766548939045,3.1501797360564616,2.577105953132828,1.707310115973389,1.407541437275857,0.8610859361605017,0.5367461320767007,0.3475802504908987,2.045387269618483,1.654721523049488
Mbi2.80Zm0.25T03.7500_iTp0.40_ACFep00_aFep04,-0.0449886065883249,-0.01587950421422321,0.8655903551617865,1.8065889349877162,0.6185896279387204,2.284954444041041,3.16185811436338,2.617873203420076,1.721822468983673,1.4186070414369114,0.8713013695860149,0.5407105845245355,0.3484272964238656,2.070085657807485,1.6672071095583836
Mbi2.80Zm0.25T04.0000_iTp0.40_ACFep00_aFep04,-0.04343741386747177,-0.014653394450613302,0.8848708421738715,1.8585629140470512,0.6286139844427667,2.3091277601169664,3.1895419332303323,2.664036106764227,1.736919703803664,1.4312949318253043,0.8809672003955493,0.5441252594542443,0.35195851295997543,2.097437027835412,1.6817270375593418
Mbi2.80Zm0.25T04.5000_iTp0.40_ACFep00_aFep04,-0.04064330951192455,-0.012455551750222844,0.9217995918795282,1.950016115233964,0.6482880950526569,2.346037153851603,3.2389730327943593,2.743457210264612,1.7660648039324234,1.4494757137125527,0.8953050249506451,0.549563922997838,0.35281439013704896,2.1452108534854135,1.706373902123235
Mbi2.80Zm0.25T05.0000_iTp0.40_ACFep00_aFep04,-0.038946578018009735,-0.011223891110927309,0.9462660610617956,2.015554475102709,0.6542607002656121,2.370193271568511,3.2470934427958595,2.7981605778644743,1.781323528090884,1.4567076960248269,0.901764810806597,0.5550011590203187,0.3536836505544142,2.174878766722356,1.7283098180306382
Mbi2.80Zm0.25T05.5000_iTp0.40_ACFep00_aFep04,-0.03674411285719429,-0.009356850203083198,0.9773554219226249,2.096881790325548,0.6673210922591145,2.401474267094442,3.2845399338938535,2.8639065437455704,1.8043913901938302,1.4759313209866498,0.9137701934331777,0.564228958159113,0.3590398229867174,2.2145469528138344,1.7461126821360482
Mbi2.80Zm0.25T06.0000_iTp0.40_ACFep00_aFep04,-0.03563633458904972,-0.008559865436913403,1.005045980035096,2.1572958164642966,0.6738978248307639,2.425175642821061,3.303270546429844,2.9212557397849284,1.8171310711646724,1.4840519930583167,0.9216634296200197,0.5700300047652535,0.3616001155073823,2.244072637937463,1.7698235347469373
Mbi2.80Zm0.25T06.5000_iTp0.40_ACFep00_aFep04,-0.03485978159101284,-0.008039157953470186,1.0282757615958962,2.200154667061233,0.6763921220369545,2.4454590982590747,3.3073521362097367,2.960929941355761,1.8252572835659826,1.4919039556418168,0.9267793822786166,0.5712845123995177,0.3624140864254548,2.2645284064616744,1.7852191846199716
Mbi2.80Zm0.25T07.0000_iTp0.40_ACFep00_aFep04,-0.03361636086787123,-0.006993636195002593,1.054039029261506,2.2567544393694066,0.6876162612255865,2.471327935974453,3.3416434191353765,3.005645168560701,1.8427563720384585,1.5082196411857562,0.9403867187989021,0.5736359440425618,0.3674008483419891,2.292843681542563,1.7938923804284435
Mbi2.80Zm0.25T07.5000_iTp0.40_ACFep00_aFep04,-0.031497210560184924,-0.0049690790393601605,1.0803531156048787,2.3011958397146604,0.7030215271066501,2.4946997994032847,3.3776957432618677,3.050933352118362,1.8665117840112846,1.525083223540716,0.9527380791792657,0.5797596943618035,0.36951370493828534,2.3244211827593673,1.7991141898280345
Mbi2.80Zm0.25T08.0000_iTp0.40_ACFep00_aFep04,-0.030358266338488125,-0.003963674234723142,1.0996067989761433,2.338073483294475,0.7152269809446309,2.515096599356482,3.408025838628921,3.0742666905698464,1.8827067275381886,1.5403236299880907,0.9659127245564995,0.5823573000218762,0.37161509479293525,2.3437621538805815,1.796225197834077
Mbi2.80Zm0.25T08.5000_iTp0.40_ACFep00_aFep04,-0.028920802276606573,-0.002680855352952468,1.1241330550588793,2.3866722209350204,0.7261741519205882,2.538386220196685,3.435697031350384,3.118344280044988,1.9002511982896269,1.5529677046496253,0.9754659847715389,0.5863827159392917,0.3740380347123126,2.371162498853699,1.806050741463722
Mbi2.80Zm0.25T09.0000_iTp0.40_ACFep00_aFep04,-0.027709962802049293,-0.00149205184972076,1.1506189042466237,2.4198210100941435,0.7350395291394018,2.557164437017427,3.4572401405285564,3.166786918635039,1.9165306372735027,1.5612384957961762,0.9847822474534753,0.5908182000937491,0.3733433178155536,2.3987927150177484,1.8211599433225463
Mbi2.80Zm0.25T09.5000_iTp0.40_ACFep00_aFep04,-0.026231770049965037,-2.4679655500542594e-05,1.1684127985410178,2.4571376145200374,0.7447021158602849,2.582646928421072,3.4929953346199243,3.20336904331004,1.9369907702726998,1.5742560153399598,0.9934873420456426,0.5956366048542783,0.37578361077242506,2.4247770517928573,1.8246333789102211
Mbi2.80Zm0.25T10.0000_iTp0.40_ACFep00_aFep04,-0.02513121589686628,0.0010275353093356432,1.188807392351085,2.497531147667911,0.7514066335881048,2.6051306830078036,3.511571028828254,3.24885806389747,1.9540769724113232,1.5851581626750504,0.9997152913501107,0.5987589398862523,0.3780400476121075,2.4521257250216677,1.8359097035909047
Mbi2.80Zm0.25T10.5000_iTp0.40_ACFep00_aFep04,-0.024875657724993977,0.0011557165846619896,1.204977518207142,2.534632466265485,0.7569943655676374,2.625626430889935,3.5295860838509774,3.2706683221963835,1.9651353933494329,1.5952704467344145,1.0060194987509348,0.5984889465332844,0.3802856838444311,2.467506539368687,1.837244667658089
Mbi2.80Zm0.25T11.0000_iTp0.40_ACFep00_aFep04,-0.024296380553310137,0.0016112915847229271,1.2196164343262812,2.579311961098427,0.7661393795778286,2.637341290355242,3.543850699338699,3.295534062984846,1.972756779180198,1.6055705985367315,1.0132954240607641,0.601021121158926,0.3806422141928105,2.4824315268215598,1.8419410607910822
Mbi2.80Zm0.25T11.5000_iTp0.40_ACFep00_aFep04,-0.02457975510396341,0.001309930276306087,1.232659639805604,2.609517317766164,0.7727442037100329,2.6576390858879053,3.5681534991020993,3.321070041161566,1.9855475996096237,1.6161809989829377,1.0202462671743897,0.6024844154752076,0.3821957391494662,2.5001337544080773,1.844153411480994
Mbi2.80Zm0.25T12.0000_iTp0.40_ACFep00_aFep04,-0.024461405190052934,0.0013100391992237415,1.245388526804608,2.641588792682021,0.7792502840819352,2.6731358265478473,3.584323262279689,3.343954641526468,1.9929932039180795,1.6235631491251705,1.0257373362107878,0.6033077496349406,0.38358403703155064,2.513678344133993,1.8492479116011045
Mbi2.80Zm0.25T12.5000_iTp0.40_ACFep00_aFep04,-0.024350800042638676,0.0014049686731860845,1.256021657079672,2.665598628320095,0.7834672893585224,2.689194101476608,3.5959916712272517,3.354620171437739,1.9995728148492307,1.629248421399076,1.030408074505968,0.6021474714311241,0.38493073659214194,2.521896894895514,1.8488759589083241
Mbi2.80Zm0.25T13.0000_iTp0.40_ACFep00_aFep04,-0.02417809224813229,0.0015830043919910007,1.2643715526714066,2.6897845420723128,0.788077549073924,2.701992628860631,3.6032060237148653,3.360543761466792,2.0030095786824305,1.6322033015282233,1.0347551345309107,0.6012997081694793,0.3867445503634839,2.526319524883293,1.8488841628840482
Mbi2.80Zm0.25T13.5000_iTp0.40_ACFep00_aFep04,-0.024377952144072464,0.0013685752763266327,1.275335080731619,2.7137484038010653,0.792858878099342,2.7137876464122135,3.618815817103974,3.372796217103516,2.007992169733258,1.6390906626786392,1.038872299856243,0.6006174433833124,0.38850339307123016,2.534593479032897,1.8495857495361634
Mbi2.80Zm0.25T14.0000_iTp0.40_ACFep00_aFep04,-0.025307008959226527,0.0006940279202313326,1.2741374277039104,2.698662832292693,0.7914535212452085,2.7114168537281205,3.6230752876025103,3.36883859573618,2.0039466900721212,1.63635094964868,1.0382864194599366,0.5979186899187207,0.38444001660619886,2.530657849706683,1.8508588742730163
Mbi2.80Zp0.06T00.0300_iTp0.40_ACFep00_aFep04,-0.13843168334459563,-0.08880466701504018,0.18016867683507587,-0.2106985722159451,0.2465550019639794,0.6196841761617804,1.3494955141375327,0.7188928538052475,0.6240943463764657,0.5851851186472747,0.3296067077580056,0.2145790164577124,0.2055532300681397,0.6639464792414003,1.1889606573136249
Mbi2.80Zp0.06T00.0400_iTp0.40_ACFep00_aFep04,-0.14487158893790647,-0.09464318037298855,0.18489426210015822,-0.2782240269774062,0.21935095888656092,0.6920926226421689,1.4090328371381424,0.7276972745380318,0.6777155752688472,0.6373181672547451,0.35786039691373284,0.23999366437084194,0.21826595442002913,0.6963767612408105,1.1067355171306208
Mbi2.80Zp0.06T00.0500_iTp0.40_ACFep00_aFep04,-0.14982727096499446,-0.09901763674970283,0.19819481431128286,-0.32000624237024355,0.19507749114357015,0.7409290557547833,1.4277439954771822,0.7701429127973104,0.7077268108930213,0.6663587633735806,0.3768972081383003,0.2556355467926132,0.22689305575615093,0.7322091102916994,1.1209533484963088
Mbi2.80Zp0.06T00.0600_iTp0.40_ACFep00_aFep04,-0.15379492076479404,-0.10272258637939984,0.2135087431805031,-0.2894945562921789,0.19438452267144712,0.7814585685279757,1.479148596704266,0.8150234769134249,0.7464979127061941,0.6921381306536571,0.38541633463562697,0.2655194995030751,0.22175666110293976,0.7720155858025514,1.1330502675436724
Mbi2.80Zp0.06T00.0700_iTp0.40_ACFep00_aFep04,-0.15742954763314485,-0.10587646729274403,0.2179507304288356,-0.30916842540689826,0.19583512110738527,0.8159311075480816,1.5256473993848525,0.8507560559388294,0.7740696768115914,0.7175164758755558,0.3982696467465321,0.2778766354218215,0.2270991008859293,0.8031642617646391,1.140740083174091
Mbi2.80Zp0.06T00.0800_iTp0.40_ACFep00_aFep04,-0.16168542906427436,-0.10963245455814125,0.22116640784200461,-0.34844725060580245,0.19433239746984826,0.8471719930473394,1.5687608111950773,0.8705536127717631,0.8027490433176792,0.7375578521273489,0.4108775274984663,0.2922752664231667,0.22852923358730087,0.8264051066190381,1.1303638454728093
Mbi2.80Zp0.06T00.0900_iTp0.40_ACFep00_aFep04,-0.1646004705561496,-0.11221151641003618,0.22277990141425555,-0.3576929686046449,0.1837454942249364,0.8459014484362873,1.5642489216191284,0.9029852889788084,0.8082686545883074,0.7438991516458993,0.4194485606303619,0.29799513157624047,0.23074568687350483,0.8447365178891528,1.1635150340730065
Mbi2.80Zp0.06T00.1000_iTp0.40_ACFep00_aFep04,-0.16842787798301495,-0.11571355737328085,0.22506786215929406,-0.39632993764729885,0.1648416554606147,0.825857245275846,1.5055186589922798,0.9450947510514213,0.7964452422619196,0.7368120260497101,0.4205244917947858,0.2964886056173187,0.23117952348980525,0.858449583181846,1.232793439932135
Mbi2.80Zp0.06T00.1500_iTp0.40_ACFep00_aFep04,-0.18328868383379204,-0.12878752887638406,0.21406821061681147,-0.5736472570137661,0.10361677762748028,0.8182170364089068,1.4114719837461651,0.999794105883885,0.7709893506470987,0.7112220436014913,0.3994703058253894,0.293261348959333,0.20822595966214064,0.8683888576609922,1.3490573743574983
Mbi2.80Zp0.06T00.2000_iTp0.40_ACFep00_aFep04,-0.19517970655897648,-0.13908856364439087,0.22558272133699514,-0.7502168334390993,0.07112852529897497,0.8342330267291925,1.38937387125844,1.0268582680916294,0.7855061782088198,0.7072343512319822,0.3864358561053791,0.28137240838408545,0.19252779799522252,0.8854935196700418,1.375802757196259
Mbi2.80Zp0.06T00.2500_iTp0.40_ACFep00_aFep04,-0.20146368579773666,-0.14515874787351607,0.24889625853233643,-0.8194539984740661,0.06764482261505894,0.9111667620870881,1.504321182976708,1.0972596791556906,0.8695205766788762,0.7654101780965824,0.41393376685087935,0.2831662893105272,0.2022252942313509,0.9602623334658528,1.3422705224067892
Mbi2.80Zp0.06T00.3000_iTp0.40_ACFep00_aFep04,-0.20178297056466898,-0.1451989534203897,0.2720110088978667,-0.8005223126457838,0.05580348946109624,0.9970684851087301,1.6303870321284986,1.1600968800624913,0.9522845526900332,0.8193254748683964,0.4353293522639179,0.2913737512356752,0.2084214233713013,1.0303172440212236,1.3096526459169977
Mbi2.80Zp0.06T00.3500_iTp0.40_ACFep00_aFep04,-0.20557613234259303,-0.14889553979605044,0.2997355686358524,-0.757429436534286,0.0799900934449891,1.0935761415091287,1.718829423272391,1.2198623537767586,1.0213094658433945,0.8514259688785755,0.4313153776084503,0.3006395382433969,0.20968779992707479,1.0898767425012401,1.302759942658811
Mbi2.80Zp0.06T00.4000_iTp0.40_ACFep00_aFep04,-0.2018900655071144,-0.14649975867423098,0.31637258642225613,-0.7439792954604885,0.14532401227374903,1.2168239015523732,1.8880007946475041,1.2703369587235822,1.1120300012454145,0.8913804693548592,0.47604076917552185,0.31717843072846147,0.24133763110790032,1.1550623439068148,1.26817442293087
Mbi2.80Zp0.06T00.4500_iTp0.40_ACFep00_aFep04,-0.19936532752541455,-0.14538344651777121,0.3430184061750065,-0.7439764870461041,0.14610459488110883,1.2538784325846424,1.9336887478290632,1.3555066699232252,1.1374713479689165,0.9314542052727668,0.4728699081727374,0.324056285268296,0.23069329367766458,1.2098172870009523,1.3103484248617432
Mbi2.80Zp0.06T00.5000_iTp0.40_ACFep00_aFep04,-0.19155822616842783,-0.13908930140432443,0.3782618227940482,-0.6659428891928963,0.1690946057743825,1.3450554680136249,2.0603612898805883,1.4293484075624467,1.2015627335193764,0.9747965325798256,0.4895114989570049,0.33995074253402635,0.2277938896063561,1.2754199173000866,1.3135224774945726
Mbi2.80Zp0.06T00.6000_iTp0.40_ACFep00_aFep04,-0.1717434052434572,-0.12209652241584898,0.43259535154076223,-0.4087360973711743,0.24324932517118467,1.5241274417374262,2.305473964501865,1.5419508653803973,1.3214043723437137,1.053493103927806,0.5458182381230284,0.37653815730500423,0.24796888472891898,1.3863155961189684,1.2985409945369006
Mbi2.80Zp0.06T00.7000_iTp0.40_ACFep00_aFep04,-0.15243779176271235,-0.10538218050869018,0.4879051944915395,-0.11809627698658381,0.31146977675151233,1.6842319008857274,2.5317165436982325,1.6621679746354296,1.43243385155526,1.1290111746172375,0.6010877702543681,0.4220491259507829,0.2695601303538788,1.496572960483773,1.2978361492451511
Mbi2.80Zp0.06T00.8000_iTp0.40_ACFep00_aFep04,-0.1337439339787273,-0.08900596125399224,0.557371357289641,0.1765406509956543,0.3758452744253883,1.83224612530336,2.737578606864813,1.8189439757986738,1.540501098981687,1.2111046206917029,0.6636104809313059,0.46893697598859285,0.29692824627853814,1.6230595018514304,1.3220963765219813
Mbi2.80Zp0.06T00.9000_iTp0.40_ACFep00_aFep04,-0.11433388126640187,-0.07173592818719128,0.6334652437770976,0.578728564308121,0.44237049756954216,1.96908710819382,2.9490381329466744,1.993656845066366,1.638951034322335,1.2982021499175225,0.7318631063284545,0.5320676996964104,0.3346962321487834,1.75422112958129,1.3575436621854842
Mbi2.80Zp0.06T01.0000_iTp0.40_ACFep00_aFep04,-0.09461320512414285,-0.05389637680270379,0.7431993480728433,1.0090078943666176,0.5410774349136366,2.1721311728857007,3.2641883167312185,2.243084295819581,1.7853108215980809,1.429691942241989,0.8456891981549008,0.605316389050186,0.39319004601230617,1.9445440063112067,1.3953856096474344
Mbi2.80Zp0.06T01.2500_iTp0.40_ACFep00_aFep04,-0.074968019168791,-0.03694295061560449,0.83844314294188,1.3585478316122934,0.5766488162728631,2.27639559592556,3.3679494738135274,2.408961631690254,1.8089137829533073,1.4698849243168122,0.870608566346585,0.6075571377435275,0.3903429146868104,2.031975835159634,1.4694172145114213
Mbi2.80Zp0.06T01.5000_iTp0.40_ACFep00_aFep04,-0.06358465321580355,-0.02757858762132849,0.9374187516972567,1.6397361903605834,0.639385765444588,2.4128247036775257,3.5730431998752805,2.6222939704925117,1.8880522532075237,1.5413144162506713,0.9284703380137854,0.639339311651718,0.41920139907706566,2.167126772615458,1.5293167650146944
Mbi2.80Zp0.06T01.7500_iTp0.40_ACFep00_aFep04,-0.0589401652801807,-0.02411090985605754,1.0058555269138432,1.6918846870263282,0.6550751885964172,2.4457689455901366,3.5935386624938763,2.793887985945974,1.9256415066943466,1.552211522151768,0.9463886033188608,0.6397671456315789,0.42149254581222784,2.2556366368541494,1.606673981202094
Mbi2.80Zp0.06T02.0000_iTp0.40_ACFep00_aFep04,-0.049925210539577276,-0.01685850991123791,1.0931574959130645,1.9159982393804709,0.7131998809540603,2.549110244378985,3.727421987371684,2.9622291028831134,2.0005585635960723,1.6085693103213667,0.9921810504432795,0.6699270858374415,0.4367623327538065,2.366640540168141,1.6415207254310082
Mbi2.80Zp0.06T02.2500_iTp0.40_ACFep00_aFep04,-0.04471974137229801,-0.012613240113974595,1.1507194189870804,2.110476522916252,0.7519122282809388,2.6097783925026414,3.808545759294121,3.0748482243966406,2.0460074831732924,1.6443965431769112,1.0216472050346201,0.68355875115541,0.4444867255814333,2.4383175602715736,1.6664019453922254
Mbi2.80Zp0.06T02.5000_iTp0.40_ACFep00_aFep04,-0.043301103523367815,-0.011947262635723023,1.1870746202331852,2.1765955045680174,0.7588480793295123,2.6116554701464376,3.809850140766443,3.153668186404279,2.0589996224777214,1.6498904859784582,1.025550774128701,0.6853163924739042,0.44014177880735955,2.4763172563372806,1.7005994214894595
Mbi2.80Zp0.06T02.7500_iTp0.40_ACFep00_aFep04,-0.040816174292738615,-0.009843163069900861,1.2252729882881108,2.2733427720817394,0.7760681341764276,2.6454784401331666,3.8439092843171596,3.22904554617315,2.0891066409362558,1.664071961287926,1.0373420084260006,0.6883731673944341,0.44048692709339493,2.5222079056642905,1.7206991131514904
Mbi2.80Zp0.06T03.0000_iTp0.40_ACFep00_aFep04,-0.03809215346270978,-0.007602121316663519,1.2600592319518042,2.3544432200589283,0.7954420350333977,2.669220047161698,3.8834748498912948,3.3005178627484493,2.1090653533797563,1.681776885363089,1.0532863157735406,0.7001884684531053,0.4471211293229666,2.5624463644314264,1.7413111149901073
Mbi2.80Zp0.06T03.2500_iTp0.40_ACFep00_aFep04,-0.03609485299737347,-0.005813180730413836,1.298325148458344,2.4356137488257383,0.8122242948004945,2.698727885196044,3.917008585364712,3.3701341626295727,2.1323833707504516,1.7010719791418116,1.0673696539912005,0.710059085043301,0.45196279228259684,2.6037312484247788,1.7582749008537626
Mbi2.80Zp0.06T03.5000_iTp0.40_ACFep00_aFep04,-0.034329510302943234,-0.004219921202428455,1.3299078420132944,2.498700547804412,0.8275326981281677,2.724199649550409,3.9411585076962417,3.4358439358602837,2.150833268463119,1.7179950460595004,1.0781816305198335,0.7171519185665952,0.45722070204946835,2.6407425773127593,1.7761676955076968
Mbi2.80Zp0.06T03.7500_iTp0.40_ACFep00_aFep04,-0.03306786723812564,-0.003113013682271442,1.356795088968806,2.5435478908429108,0.8369591418263165,2.742928006234439,3.953494652355494,3.4826601196864893,2.1637131989195724,1.7294946274113407,1.088032396697457,0.7214970439381103,0.46198272763170956,2.6668430159451018,1.7890954066886597
Mbi2.80Zp0.06T04.0000_iTp0.40_ACFep00_aFep04,-0.032342559591792774,-0.002596718192130871,1.3826185244445937,2.578615680757763,0.8464212640360237,2.756864809620657,3.971047902740222,3.5348373005394484,2.1723459078397775,1.7361904334508156,1.0953055351999603,0.7241411860038444,0.46286268224703353,2.692062875489537,1.808778014008308
Mbi2.80Zp0.06T04.5000_iTp0.40_ACFep00_aFep04,-0.03057596775214441,-0.0010761841225390254,1.429052234351008,2.6525398169037837,0.8624263715288335,2.7849527185010454,3.9988717043926845,3.621629234315796,2.1973374564276176,1.754979751486668,1.108731177597245,0.7285010935099089,0.46586705997229017,2.7403222443552977,1.832661218114626
Mbi2.80Zp0.06T05.0000_iTp0.40_ACFep00_aFep04,-0.02812511728672688,0.001169051259945882,1.4786322737198228,2.7344452197929954,0.8795550230359435,2.813157977522722,4.031101743204331,3.706908674801959,2.221561046946541,1.7721657340703314,1.1243609393409069,0.7363270299705166,0.4705655854357781,2.787235377410335,1.8563656845139092
Mbi2.80Zp0.06T05.5000_iTp0.40_ACFep00_aFep04,-0.026468185497934484,0.0026305392970997904,1.5157634601974708,2.7953858437215464,0.8917863914657712,2.834184440576256,4.045852311952304,3.780087735253882,2.2412897317255616,1.7843677432075673,1.1335069783055678,0.7417879946418249,0.47136767713442096,2.826420769933618,1.8779976979122766
Mbi2.80Zp0.06T06.0000_iTp0.40_ACFep00_aFep04,-0.025301767080645125,0.0036537932162771522,1.5482811242653152,2.838588394292908,0.8990862665936935,2.8473871377937474,4.058888226964278,3.838799555399973,2.2545244021990696,1.795038926129548,1.142713788354978,0.7422900654797316,0.4746834487299632,2.8567084088598578,1.895907901252339
Mbi2.80Zp0.06T06.5000_iTp0.40_ACFep00_aFep04,-0.0245101965608446,0.00430238105652107,1.5882015173744284,2.8965156734486146,0.9132975291483081,2.869370813209484,4.087426276029214,3.9023772371591967,2.2816027097649973,1.8142501647332394,1.1582547138884511,0.7450796270124652,0.48026017012176775,2.8970699711016246,1.9055260805173617
Mbi2.80Zp0.06T07.0000_iTp0.40_ACFep00_aFep04,-0.022980364744030958,0.005781568550647186,1.6183506947542623,2.9507045152018603,0.9221533535227677,2.882196621175716,4.084430757133999,3.9521212922953732,2.286583534128418,1.8198093144103866,1.1665790591365337,0.747400024984382,0.4822269243717541,2.918959735720435,1.9248627386937287
Mbi2.80Zp0.06T07.5000_iTp0.40_ACFep00_aFep04,-0.022036148771002885,0.006611693734058222,1.6436790240603498,2.9994691348849605,0.9336756545057926,2.9039644169695222,4.107805508075246,3.9947691481678103,2.3063077242695287,1.8324926021475914,1.177639959742541,0.7497940526701998,0.4866204184804123,2.9467249573369356,1.9303995520972645
Mbi2.80Zp0.06T08.0000_iTp0.40_ACFep00_aFep04,-0.02092833506792426,0.0076496879369511075,1.6710519859123336,3.052969612227085,0.9439082061391741,2.920177058044324,4.124066074562941,4.041152407327388,2.3246705553013505,1.8446155412050629,1.1868258640257778,0.751814971529207,0.4883640046692215,2.9750890537187296,1.9385344703082896
Mbi2.80Zp0.06T08.5000_iTp0.40_ACFep00_aFep04,-0.0195383680258069,0.008995312263035241,1.7054988187272415,3.118539741621271,0.9584221990282582,2.94211939231642,4.143482104170344,4.095462366295099,2.3460305522338674,1.8603008422089848,1.1975167882955982,0.7555227914197561,0.4908908313600772,3.008501166282768,1.9472846916939417
Mbi2.80Zp0.06T09.0000_iTp0.40_ACFep00_aFep04,-0.01860328642985637,0.009925419820411702,1.7339845351872178,3.1698447413839848,0.9658894933246684,2.95121045737253,4.159930135790696,4.139977675364231,2.354030864180932,1.8668909006741863,1.2072182172498578,0.7577990048468493,0.49248697470526803,3.0300075287353065,1.9616462498002896
Mbi2.80Zp0.06T09.5000_iTp0.40_ACFep00_aFep04,-0.017351600503616605,0.011088698282617285,1.760932829665652,3.214336350362539,0.9751793975709838,2.97310769940915,4.177410209052922,4.178472416969304,2.367119486136016,1.8792392875837027,1.217931734945204,0.7598030825052249,0.49651320511440505,3.0528899707994257,1.9680260852330442
Mbi2.80Zp0.06T10.0000_iTp0.40_ACFep00_aFep04,-0.016109223909438242,0.012284089560926212,1.7863854996977255,3.2587380891533977,0.986431817248329,2.9927366332198972,4.195280875004361,4.214861152571669,2.3842053083092725,1.8917008074922237,1.2268776048774215,0.7626602948356178,0.4989264257214897,3.076988733992859,1.9714470048796267
Mbi2.80Zp0.06T10.5000_iTp0.40_ACFep00_aFep04,-0.014916124583065238,0.013489992562590786,1.8131024710650514,3.3093887694323474,0.9945126991047324,3.010310086725451,4.204219191604235,4.25163098533091,2.4016119565090586,1.9037563409692329,1.2356228696572262,0.764721034837299,0.5015052168020465,3.1013049298456723,1.9750370660838208
Mbi2.80Zp0.06T11.0000_iTp0.40_ACFep00_aFep04,-0.014137552790140607,0.014418591403390482,1.8381205688080973,3.3588095042325117,1.0034369874143425,3.0258926544611984,4.223599255811835,4.28858226534327,2.417084578409567,1.914594966876706,1.2465214078875255,0.7671861919404036,0.5067256304786026,3.124495960402421,1.9801013535316108
Mbi2.80Zp0.06T11.5000_iTp0.40_ACFep00_aFep04,-0.012641871245443744,0.015801388179995365,1.8549309789318809,3.3783395483887046,1.0146926339606694,3.0459076451716363,4.240865335022597,4.315605278358237,2.431546969265377,1.9291691656768462,1.2557934756542966,0.7688622419045182,0.5095777346958565,3.144286712576727,1.979310344820423
Mbi2.80Zp0.06T12.0000_iTp0.40_ACFep00_aFep04,-0.011623442135276663,0.016867663426098536,1.8796322157488474,3.417806135437757,1.0243170418885552,3.0650997020158868,4.276031446302479,4.346301408555751,2.449625666903153,1.9407023092473517,1.26368377470851,0.7725888132939033,0.5117053621704684,3.166618050973644,1.9799438366181672
Mbi2.80Zp0.06T12.5000_iTp0.40_ACFep00_aFep04,-0.010828397423751603,0.017777717526973852,1.9034009925809356,3.4483785923765105,1.0323853702304253,3.0823750730796187,4.3017187687710825,4.373770270925162,2.4612223420569665,1.9474570553998194,1.2718416822435372,0.7755447500808054,0.5148176059445835,3.1836512898653857,1.984163454229962
Mbi2.80Zp0.06T13.0000_iTp0.40_ACFep00_aFep04,-0.009179696328959529,0.0194450150094128,1.926355148091597,3.4753005275739888,1.0443378076397745,3.104001730257588,4.332499978675717,4.40183442954379,2.4803932160458153,1.9624707367124086,1.280188396484198,0.7816399882929544,0.5174924669948772,3.2062335748998803,1.9815301464772688
Mbi2.80Zp0.06T13.5000_iTp0.40_ACFep00_aFep04,-0.008133731179619538,0.02059655083132931,1.9456267636018174,3.4804299541723607,1.0522722183042061,3.1158227829902865,4.343065234387209,4.423643421975047,2.4927414800849994,1.9683390477127245,1.2859699043084192,0.7865035784100949,0.519228503038162,3.22140715019719,1.9832161264117965
Mbi2.80Zp0.06T14.0000_iTp0.40_ACFep00_aFep04,-0.006973062050910322,0.02183747603396293,1.9670316316461676,3.4991982320564436,1.0618534094698404,3.1307177722093504,4.354521065709449,4.451158335387339,2.50499342354329,1.9778602005824626,1.2924923850057344,0.7912438592056561,0.5206141540953395,3.239312179199083,1.9858593247087808
Mbi2.80Zp0.15T00.0300_iTp0.40_ACFep00_aFep04,-0.14014356331947175,-0.09021393736622292,0.1832558060021207,-0.186686372204938,0.24772918230629265,0.7078105449191585,1.51352455971513,0.712390616746384,0.6920407735039779,0.6297717044511658,0.3559598198002438,0.23209234995818928,0.22072059025624607,0.6932406373751122,1.077899669775336
Mbi2.80Zp0.15T00.0400_iTp0.40_ACFep00_aFep04,-0.14423124024987877,-0.09397382729187276,0.19916574423001243,-0.20225267754339016,0.23990269030105418,0.802511378764789,1.6474791421873702,0.7594909391348987,0.7694850309451672,0.7032144712686865,0.39867763113309523,0.2687166597949488,0.24184603397515142,0.7551979738540084,1.0314268973313085
Mbi2.80Zp0.15T00.0500_iTp0.40_ACFep00_aFep04,-0.1501895836974049,-0.09906024017210009,0.21280867257241098,-0.21467681856691917,0.23518185296628272,0.8530491879656714,1.7042621342031117,0.8074822520566373,0.8207347124802402,0.7505863365184567,0.4246915776466205,0.28873400843751507,0.25048270561915476,0.8042813654229936,1.027775008259699
Mbi2.80Zp0.15T00.0600_iTp0.40_ACFep00_aFep04,-0.1555600206263048,-0.10414951523167072,0.2267401488027156,-0.27177663649535,0.2353306959129763,0.8946521312187371,1.7445357173013845,0.8423404346277413,0.8507558447927515,0.7811473397533575,0.4463508600939894,0.31408883161678147,0.25442105636670614,0.8367846268401384,1.032341186174015
Mbi2.80Zp0.15T00.0700_iTp0.40_ACFep00_aFep04,-0.16019413280309952,-0.1080931615443967,0.23006491086039874,-0.334126277718777,0.2249191013147224,0.8969612074816472,1.7345753572807838,0.874535850156167,0.8629912846377373,0.7856818105952952,0.44360271346712865,0.31509686833517664,0.25142831815808525,0.8577797170241979,1.0608966115657454
Mbi2.80Zp0.15T00.0800_iTp0.40_ACFep00_aFep04,-0.16378808071929857,-0.11104387411730215,0.23380602038068674,-0.3489209961992561,0.20344538736187262,0.8811451266732216,1.684000714037253,0.9280081466158998,0.860683522265019,0.7841578351952099,0.4468947754835221,0.32101796731683707,0.25265366405897377,0.8825172583200168,1.128386202604756
Mbi2.80Zp0.15T00.0900_iTp0.40_ACFep00_aFep04,-0.16895872192186778,-0.11569622972895578,0.23411277382661358,-0.402654780259756,0.1801691117237289,0.8539803687111553,1.5938306112845124,0.9684495264354085,0.8390325331704283,0.7752492416811618,0.4447895762491533,0.31782645606803706,0.2531461857453039,0.8917762095113135,1.1998518988724176
Mbi2.80Zp0.15T00.1000_iTp0.40_ACFep00_aFep04,-0.17253015651955153,-0.11880959202002492,0.22657213709217972,-0.4501975863714725,0.1643024405784163,0.8479572961462701,1.562472121273448,0.989121634285651,0.8192995468103981,0.7628314854082017,0.4443437346967904,0.31315837855280876,0.2514172777658089,0.8914863139613816,1.2503662644156848
Mbi2.80Zp0.15T00.1500_iTp0.40_ACFep00_aFep04,-0.18706500330809445,-0.13135537835786604,0.23349402636596292,-0.6381287719567276,0.11413725135615843,0.8596103156642901,1.4747091382918192,1.043122534180835,0.8321311139887296,0.7444061262622699,0.4196550289273756,0.30603283237215745,0.2245941520861612,0.9178194273234507,1.3233084605280367
Mbi2.80Zp0.15T00.2000_iTp0.40_ACFep00_aFep04,-0.19923348662619866,-0.1420192965957499,0.2498586611660584,-0.7912388526000278,0.08334633632787003,0.9065464873318443,1.539788448510512,1.0852056380741237,0.8814169931842336,0.7647838258891265,0.4275846766134468,0.3063534535736313,0.22132052473951644,0.9597285130139908,1.3184365181946411
Mbi2.80Zp0.15T00.2500_iTp0.40_ACFep00_aFep04,-0.20530661470963343,-0.14724652737749436,0.26870291358483206,-0.8676966104306447,0.08151028284979225,0.9944104676516908,1.6487501473266026,1.153400092356429,0.9609074057527861,0.8167960146147798,0.4529602571667273,0.3092113239849691,0.2276108663898508,1.0304220614989503,1.297629378603487
Mbi2.80Zp0.15T00.3000_iTp0.40_ACFep00_aFep04,-0.2063393493043838,-0.14856373017796792,0.2915461394626426,-0.7845349738766484,0.0757764521136159,1.085571184746115,1.7739611541808777,1.223736301238339,1.0379929008655178,0.8691914361136005,0.46206292971245905,0.3158328696321885,0.22628302523499727,1.1010860178857362,1.283291056360786
Mbi2.80Zp0.15T00.3500_iTp0.40_ACFep00_aFep04,-0.20462813026666749,-0.1475592475576063,0.319756117821599,-0.756053317881665,0.132423015783948,1.223888347331173,1.9287581232488253,1.2901044247223512,1.1379809367271772,0.9105681983262545,0.486799582416478,0.3346306247502062,0.24733999034877116,1.1772706194021938,1.2595298815604947
Mbi2.80Zp0.15T00.4000_iTp0.40_ACFep00_aFep04,-0.20023427548672892,-0.14493955801304365,0.34631504988960793,-0.7496856417891147,0.16634320079953022,1.322138526852279,2.0722375065707346,1.3649009721041514,1.2070950404562666,0.9588306872492091,0.5132251420159868,0.3528673910040394,0.2589707855721619,1.2460679925959677,1.2603395902684913
Mbi2.80Zp0.15T00.4500_iTp0.40_ACFep00_aFep04,-0.19200418107412265,-0.1380064040327855,0.3918051764385959,-0.6704282927703833,0.1771258297212458,1.4139269926439368,2.1885437207126803,1.4496645046906962,1.2651262702672093,1.01084274179082,0.5141453993360714,0.3664671961137891,0.24493104198359736,1.3155962231845217,1.273887734859665
Mbi2.80Zp0.15T00.5000_iTp0.40_ACFep00_aFep04,-0.18182585603172663,-0.1295963134011433,0.4174880265633007,-0.5561381044212077,0.2284129899041142,1.514333179592519,2.3482897894167514,1.5056179140597619,1.3357828958816358,1.0531652568483458,0.5490298215202104,0.3855049275822677,0.2605252513561649,1.3755125178964507,1.2604860531102025
Mbi2.80Zp0.15T00.6000_iTp0.40_ACFep00_aFep04,-0.16268895914986412,-0.11370051287407305,0.4732800894585628,-0.33194707024549647,0.31588238970035576,1.7231696594504726,2.652909701123725,1.6199493055335528,1.486744450348721,1.1537776536483826,0.6152659785812045,0.4296524664631102,0.2914530658966587,1.5024718390524827,1.2269916643237686
Mbi2.80Zp0.15T00.7000_iTp0.40_ACFep00_aFep04,-0.14054610708288454,-0.09399945442580616,0.528664811472181,0.006732235827852135,0.37451391317667504,1.877923219305219,2.8536524325659935,1.7512401883970952,1.6008749707446028,1.231551971053021,0.667448455903582,0.46685044219459493,0.31063363974789115,1.6193887942956682,1.2365651255143448
Mbi2.80Zp0.15T00.8000_iTp0.40_ACFep00_aFep04,-0.11881619907430396,-0.07477673644293971,0.6169429027428187,0.46405976573241325,0.4292115566100596,1.9858929151421771,3.025390450351867,1.9336479679975578,1.6569703878325477,1.288854248455726,0.7154117764199039,0.5156769160791022,0.32096763019082797,1.7334045853448248,1.312805890872001
Mbi2.80Zp0.15T00.9000_iTp0.40_ACFep00_aFep04,-0.09989395235171047,-0.058042887813245916,0.6951381452904446,0.8862716946823008,0.4946078944296217,2.1171275426623493,3.213167793885897,2.1225106551998825,1.7519586305954922,1.383432012028289,0.7878814596690106,0.5765249995662872,0.3650896425897122,1.8707042502787283,1.3539050773103714
Mbi2.80Zp0.15T01.0000_iTp0.40_ACFep00_aFep04,-0.08337773584012889,-0.04309909013223265,0.7976926760979421,1.304179694343266,0.5705103741864561,2.2489495292224837,3.433215110584196,2.351851581424552,1.8535184321197216,1.483018702923077,0.8785459953810162,0.6372673614217969,0.4150727508323945,2.0286003428601562,1.409755975273678
Mbi2.80Zp0.15T01.2500_iTp0.40_ACFep00_aFep04,-0.06850732860022195,-0.031068115854437577,0.8997381687757489,1.586488495084077,0.6257189129904637,2.3657691696687206,3.5894054539598934,2.5719275762752405,1.9142260338779198,1.5427338456576782,0.9299726486195506,0.6680350726808505,0.43867872633122384,2.1577127804328713,1.487970740708017
Mbi2.80Zp0.15T01.5000_iTp0.40_ACFep00_aFep04,-0.05993110616492773,-0.024643343311031535,1.0274493530554558,1.7871913419063121,0.6858262071434864,2.4991812583484894,3.736429397069553,2.8134104524754284,1.9857025470098766,1.599651260730214,0.9744793607515724,0.6788924466009084,0.45272889485329765,2.298365179544288,1.5693906952233363
Mbi2.80Zp0.15T01.7500_iTp0.40_ACFep00_aFep04,-0.051981179165893475,-0.018272509521949403,1.110517628046258,1.9550901185058538,0.7328952830944344,2.5945601070679305,3.8440395367596496,2.986693155823224,2.044936223596482,1.6507039264171182,1.0119335317226914,0.7058018791408553,0.4582800886799561,2.4037285142148193,1.6163333195804968
Mbi2.80Zp0.15T02.0000_iTp0.40_ACFep00_aFep04,-0.04503088664708679,-0.01233318496187286,1.195433606788275,2.1758641759770847,0.777630971078338,2.6588343852171907,3.95254336507582,3.1680375229327824,2.1169220446050545,1.7003716001740514,1.0534503456343671,0.7308286679528739,0.471065014388197,2.517337321010021,1.659834331721214
Mbi2.80Zp0.15T02.2500_iTp0.40_ACFep00_aFep04,-0.039509693111612273,-0.007637605236632531,1.2695487593084487,2.3569324636084383,0.8154214977620458,2.7150987546552003,4.035646472742602,3.315102652887658,2.1689465006563906,1.735886773213191,1.0845015245005483,0.7468177164645117,0.4828292019885736,2.6054369713988077,1.6979483734026284
Mbi2.80Zp0.15T02.5000_iTp0.40_ACFep00_aFep04,-0.037351735866771194,-0.0059055104653966475,1.3049695621234114,2.451183003092173,0.8301982852899756,2.730931231304124,4.049028814849179,3.4023715409276365,2.187008297841353,1.745786652286977,1.0925314634426129,0.7477302733185206,0.4819202298562189,2.6496563552141774,1.7302562600252598
Mbi2.80Zp0.15T02.7500_iTp0.40_ACFep00_aFep04,-0.035848359406944745,-0.004869959961419305,1.338772518824882,2.5173798702686208,0.8400850685244765,2.7399705140250834,4.052156142389168,3.4640627976397873,2.2015364085043583,1.7511834518066978,1.095769695028006,0.7513001379921073,0.48049498781177347,2.6813142508629033,1.7527489526501308
Mbi2.80Zp0.15T03.0000_iTp0.40_ACFep00_aFep04,-0.03343286973759397,-0.002776538591268283,1.3877301217410007,2.6126375415124325,0.8603431130371716,2.7695794171569967,4.094361935774381,3.5572319896385016,2.2289476780537703,1.775409972060972,1.1137420042918849,0.7663703461635142,0.4905287634909495,2.7344376221536257,1.7766804568700658
Mbi2.80Zp0.15T03.2500_iTp0.40_ACFep00_aFep04,-0.031013864109220857,-0.0007007146441149433,1.4328869207985069,2.7091072252489523,0.8797201652686581,2.8053318146721415,4.136192666853558,3.6401131314510105,2.255695511489068,1.799173169502298,1.1316736664828233,0.7764465409452151,0.49862923698213113,2.783107044258944,1.7954283691185022
Mbi2.80Zp0.15T03.5000_iTp0.40_ACFep00_aFep04,-0.029481328053907088,0.0007610716536073279,1.4722606303952082,2.775354174775504,0.8965318483921423,2.8316264504946838,4.173249603909033,3.711054285640844,2.275747874797523,1.8143081267138075,1.1447088200076003,0.7829004370914284,0.5039691682173604,2.8224004103762246,1.8146716251657973
Mbi2.80Zp0.15T03.7500_iTp0.40_ACFep00_aFep04,-0.02794158580825732,0.002199372350936698,1.5012290995081212,2.8209332183367546,0.9095347142075139,2.850861840999465,4.199152070619594,3.7665372208492705,2.2906172089235657,1.8264000409819376,1.1555619076335348,0.7856594655296126,0.5074857150694985,2.852738583971173,1.8297408012734087
Mbi2.80Zp0.15T04.0000_iTp0.40_ACFep00_aFep04,-0.027059596448497765,0.002981810613394602,1.523106993735753,2.8448713263059533,0.917051548815401,2.8632571226609946,4.203916762082253,3.8016150480855764,2.300751089808996,1.8327672598764635,1.160940068719599,0.7887663458431168,0.5102238493402097,2.8720068839193513,1.8394088166439906
Mbi2.80Zp0.15T04.5000_iTp0.40_ACFep00_aFep04,-0.025026064207881372,0.004676823862379368,1.5701195003393362,2.9221853237660467,0.929616307620678,2.8876161349720375,4.235799677900187,3.882107670005703,2.3295798339961125,1.8496318395929114,1.1737866511576953,0.7949254795973149,0.5138247801825795,2.9192432238800343,1.8578181596012944
Mbi2.80Zp0.15T05.0000_iTp0.40_ACFep00_aFep04,-0.02270955983516188,0.006744126292842703,1.6209753968375842,3.0030506261401353,0.9467377198939932,2.9174637543710467,4.265815783226169,3.9657619834066806,2.357477519394367,1.8702265202307264,1.19027265088164,0.8011002742290347,0.5186480343849652,2.9678518673055843,1.8760830683684084
Mbi2.80Zp0.15T05.5000_iTp0.40_ACFep00_aFep04,-0.020967349122697626,0.008241068585351095,1.665526447433933,3.071759279506594,0.960365165138479,2.9449519953736463,4.282797721556734,4.040182314295782,2.3828457612352816,1.888278899155682,1.2040455431070685,0.8062870401970735,0.5209724566283922,3.011254227261863,1.8918587658014918
Mbi2.80Zp0.15T06.0000_iTp0.40_ACFep00_aFep04,-0.019520732888395495,0.009512960957736582,1.7003106352991684,3.1216053053210575,0.9692428469331115,2.962122980620083,4.286236294461098,4.09302153815319,2.4010452610464266,1.9012933465122517,1.2142307302468696,0.8066782129619644,0.5239182822001728,3.0421688430403733,1.90269614342407
Mbi2.80Zp0.15T06.5000_iTp0.40_ACFep00_aFep04,-0.01890606720257461,0.010209841751976556,1.7326957341306441,3.1516023880966317,0.9775718112912508,2.980102223105622,4.310381026756632,4.1370623459361,2.4187203341731345,1.9126217648192159,1.2237736978699922,0.8065470129126717,0.5277501445098527,3.0692252517806367,1.9102911990713232
Mbi2.80Zp0.15T07.0000_iTp0.40_ACFep00_aFep04,-0.01723918058663405,0.011833684912989117,1.7662852600324155,3.2119945709166284,0.9930519453025459,3.0077087638548385,4.339182859076254,4.182358430229512,2.4404825532498204,1.9271860114279853,1.2359258759816438,0.8124980007610518,0.5321879859626595,3.099334048972697,1.9151445986781446
Mbi2.80Zp0.15T07.5000_iTp0.40_ACFep00_aFep04,-0.01565008402173535,0.013403264585952236,1.7970943425289387,3.272733270799341,1.0059595694565957,3.0286842387378488,4.359703506291963,4.235615357982393,2.4586762653454075,1.9421018356240773,1.2483380200020395,0.8145848755310114,0.5365715054672713,3.1307130154558362,1.924939299733969
Mbi2.80Zp0.15T08.0000_iTp0.40_ACFep00_aFep04,-0.014837620861615565,0.014188771413702533,1.8262039200482552,3.315531181624711,1.015625838211637,3.0441151623888563,4.376578557488006,4.2819724146297,2.475540703247971,1.954182596202727,1.257269259290984,0.8151845100270656,0.5392325244947597,3.1583403099567433,1.9332911449167403
Mbi2.80Zp0.15T08.5000_iTp0.40_ACFep00_aFep04,-0.013138243985028079,0.01587996301929812,1.8634952843122348,3.3907315653608907,1.031244533691197,3.061310722286821,4.403473729851731,4.342947775042172,2.4933247506033545,1.96401977724817,1.2672170810163876,0.8181650987825648,0.5437630479698743,3.1913525186528604,1.948670446228893
Mbi2.80Zp0.15T09.0000_iTp0.40_ACFep00_aFep04,-0.011522329480179032,0.01746764253258919,1.8921607235317177,3.447679205382461,1.0436283135704905,3.079229422722045,4.422748709381868,4.385727919989419,2.511117911457933,1.9767780874078187,1.2792799981622307,0.8193175680476611,0.5488390816716703,3.2182151250093436,1.954469497999885
Mbi2.80Zp0.15T09.5000_iTp0.40_ACFep00_aFep04,-0.010448752994078629,0.018546004289935282,1.9249829641577083,3.501746867193938,1.053801002420466,3.092580759383672,4.438109949485606,4.4334069981765,2.5261972461624205,1.9862865236088227,1.2895081160023947,0.8208854028612296,0.5524424231575339,3.2449098965453533,1.9649519973348282
Mbi2.80Zp0.15T10.0000_iTp0.40_ACFep00_aFep04,-0.009190442086258705,0.019760890546893718,1.9579220672410067,3.5444937834516983,1.0644961005104072,3.11337624550027,4.4514083799201885,4.473847740068881,2.5433179974875513,2.0001560665020586,1.2999573515032248,0.8247367928973518,0.5544508317864031,3.270781377233205,1.969351063551757
Mbi2.80Zp0.15T10.5000_iTp0.40_ACFep00_aFep04,-0.00812150537651435,0.02089184656068073,1.9889058828625035,3.5808109315045673,1.0758962713643068,3.1308199186673145,4.471518975161464,4.521050625634874,2.561385489913192,2.015035421868321,1.312024215411706,0.8284258592108384,0.5579160581801834,3.2997775838559407,1.9758019259093524
Mbi2.80Zp0.15T11.0000_iTp0.40_ACFep00_aFep04,-0.006670590703219555,0.022494268268803665,2.020962007336747,3.6205470234688875,1.089288223731121,3.149475087657279,4.486888743381285,4.5606063901891085,2.5815772726632735,2.0283057594742577,1.322112603023158,0.8337841768851161,0.5608425411841818,3.3267171203573134,1.9786213048769812
Mbi2.80Zp0.15T11.5000_iTp0.40_ACFep00_aFep04,-0.005107366932851293,0.024070653120302075,2.043854096712265,3.644712016728909,1.102263509215566,3.1697274546560537,4.51419200972269,4.58788861039311,2.5980587695001853,2.042526973939557,1.3311158346565384,0.8408731648724649,0.5634151500200718,3.3475309107466003,1.9772885855536109
Mbi2.80Zp0.15T12.0000_iTp0.40_ACFep00_aFep04,-0.0037899803064999115,0.025527172697415064,2.0718874773062006,3.6872503848119,1.1137536470155958,3.186183814848961,4.539015631572362,4.619152078906067,2.6175382890607906,2.0536526496809704,1.343272357449552,0.8456771953591903,0.5673060793397996,3.3706822518560746,1.9777192324106918
Mbi2.80Zp0.15T12.5000_iTp0.40_ACFep00_aFep04,-0.002812474629830094,0.026461345218971585,2.0886253849625613,3.713341405103277,1.1239521961411931,3.207609009451507,4.558012909090877,4.634550227020313,2.6276257179488325,2.064948922553627,1.3553687431538317,0.8487687617757352,0.570727425290469,3.3834438497024832,1.9752696897002648
Mbi2.80Zp0.15T13.0000_iTp0.40_ACFep00_aFep04,-0.0013365493532681392,0.02792519739015818,2.1021965160183633,3.7360332209968043,1.1329375822997476,3.222511631333943,4.565265633658077,4.644954061476109,2.641143752597611,2.0740749210462592,1.3645436218233338,0.8491246139532272,0.5738565450117845,3.395654424752356,1.9701966686887669
Mbi2.80Zp0.15T13.5000_iTp0.40_ACFep00_aFep04,0.0007453560758054265,0.030137598707314483,2.121486186870998,3.7729499383330065,1.147491752309018,3.2412865217983735,4.591989580418967,4.67156131941524,2.6619370618855767,2.0889012689304116,1.376057807077414,0.8513095647746437,0.579428168479656,3.4184572684794188,1.966626095909632
Mbi2.80Zp0.15T14.0000_iTp0.40_ACFep00_aFep04,0.001809160638505606,0.03115041156284596,2.141266472784507,3.794820954821525,1.1563848580804028,3.2538590784581745,4.604154137354056,4.700157073391176,2.674561691927403,2.0954324484158278,1.379650268396174,0.8538803555302383,0.5804357621605113,3.4363789807950527,1.9707181749506175
Mbi2.80Zp0.26T00.0300_iTp0.40_ACFep00_aFep04,-0.13890852384085028,-0.0891168651252277,0.1864038052691125,-0.18224823472160626,0.2578014611207877,0.7820118412491748,1.6803022123506193,0.705654465535204,0.7641559036699537,0.6840073667848449,0.38534998252629055,0.2514617760063499,0.23280572233660934,0.7234597551773332,0.9745509776858126
Mbi2.80Zp0.26T00.0400_iTp0.40_ACFep00_aFep04,-0.1449424699460808,-0.0946402819222976,0.20393344445657421,-0.20046194348068974,0.25210745373519583,0.8508557407944446,1.7560139524785658,0.7669763419742812,0.8317544999007486,0.7563150174866682,0.4197361476447391,0.29740692996709495,0.25173015025209705,0.7885018327442594,0.9659228813056725
Mbi2.80Zp0.26T00.0500_iTp0.40_ACFep00_aFep04,-0.15116437165457453,-0.10022406134321137,0.226700174373957,-0.23308641256079093,0.2513790819831586,0.9147467545446281,1.855227652248132,0.8286357772945058,0.8905938807422368,0.8084644744895456,0.4592749742050363,0.32998465551621087,0.2622992987442318,0.8478929476022736,0.975405906151428
Mbi2.80Zp0.26T00.0600_iTp0.40_ACFep00_aFep04,-0.15665187284041177,-0.10473515819919939,0.2354290105274952,-0.30418761142255263,0.22742872912721568,0.8831471520000987,1.7540316354357144,0.9223497046667285,0.8802817001278689,0.8122574339156717,0.47296531781539924,0.3424755614794178,0.27532541726017257,0.8912686243878374,1.0899005950464493
Mbi2.80Zp0.26T00.0700_iTp0.40_ACFep00_aFep04,-0.16261449426148394,-0.10997856913423691,0.23792779291877383,-0.3676941211641841,0.21064471560447795,0.8644246308031918,1.6744915916608996,0.9618172400321807,0.8728110258832614,0.8026157650025703,0.4677170675231475,0.34041515350505597,0.2715109818997477,0.9058589783190788,1.1481459473662214
Mbi2.80Zp0.26T00.0800_iTp0.40_ACFep00_aFep04,-0.16736273932073337,-0.11381135616461069,0.244956231179167,-0.37547808996297993,0.19383385530795172,0.8543423721828466,1.6349895599577389,1.003328480912166,0.8719980236675237,0.7964954434237334,0.46686944540113545,0.3407214977361727,0.2736227588816295,0.9239531175797185,1.2026759477354187
Mbi2.80Zp0.26T00.0900_iTp0.40_ACFep00_aFep04,-0.1717242714358162,-0.11779277098204247,0.23426960048541945,-0.4237581000755482,0.16715883634670514,0.8424705450459442,1.5793881369256506,1.0241572301047712,0.8414818250837992,0.7811764854932803,0.4632748536902556,0.3315364594143731,0.27126704692312203,0.9189756761121464,1.2623202598217262
Mbi2.80Zp0.26T00.1000_iTp0.40_ACFep00_aFep04,-0.17502504233340577,-0.1205974097055372,0.2323446805843625,-0.4694069562164058,0.15276848068251386,0.8471978535503549,1.5526235274177653,1.0293034653026112,0.8342527541652786,0.7721607626558606,0.45300204896231366,0.3288042211232485,0.2663445938368872,0.9169536685311189,1.281492535420711
Mbi2.80Zp0.26T00.1500_iTp0.40_ACFep00_aFep04,-0.18979599839090686,-0.13313050648808225,0.2529936415189461,-0.6529267538305199,0.10855806394193668,0.8817780759100524,1.5394051690870425,1.098211409473021,0.8755963189285826,0.7768352168976621,0.440031948144858,0.3264319182802106,0.24232468387477177,0.9649978798953143,1.3292065488497182
Mbi2.80Zp0.26T00.2000_iTp0.40_ACFep00_aFep04,-0.20083832663939885,-0.14273284573788741,0.2649127974378973,-0.8095471624341426,0.08988786390944749,0.9541382948634465,1.6411595461099846,1.1421569932562798,0.9393311300393737,0.812165254456742,0.4678867722934844,0.32224225278634017,0.24751639733049546,1.0159702105916895,1.3042070807184276
Mbi2.80Zp0.26T00.2500_iTp0.40_ACFep00_aFep04,-0.2033051367856099,-0.14516500723051,0.2783041033110187,-0.7847316108892256,0.08928196128731894,1.0795047270338336,1.7837190716358216,1.2047949897953925,1.0269135190894976,0.8636707451255018,0.49329542322514874,0.32574810501127455,0.25449559164162827,1.087267916117452,1.2745213345945652
Mbi2.80Zp0.26T00.3000_iTp0.40_ACFep00_aFep04,-0.20472394859027718,-0.14656093566314815,0.31776026292671516,-0.7363361349429294,0.11747918391197217,1.200561171701569,1.9039271234927968,1.2877861621275133,1.126249238420523,0.9098401553044614,0.4937429402562541,0.3424470710439881,0.2541733968965699,1.1714671869147002,1.2649603363156219
Mbi2.80Zp0.26T00.3500_iTp0.40_ACFep00_aFep04,-0.2009874774142706,-0.14453797320767367,0.3498036891906388,-0.723186358881585,0.1805712886410247,1.3484320941780985,2.1381793387393015,1.3691518000580438,1.246555578116149,0.9722122454581341,0.5448084801179182,0.3702550493817868,0.28209693072349595,1.2655239494700132,1.2341550887036337
Mbi2.80Zp0.26T00.4000_iTp0.40_ACFep00_aFep04,-0.19447989633743948,-0.13957228169730931,0.396656226675949,-0.6451981487565558,0.18496613958880523,1.4240118506122492,2.2407849015206676,1.471342335074159,1.2952828553091253,1.0310400808458162,0.5449623822430716,0.3858907139984341,0.26914878391002384,1.3405009728778876,1.2649510626465856
Mbi2.80Zp0.26T00.4500_iTp0.40_ACFep00_aFep04,-0.18292059095901872,-0.12997968735289261,0.43040596181880236,-0.5229843216111603,0.24077293750952392,1.5432342925083098,2.4333065146980926,1.5413069229086231,1.379827313292957,1.0913182249583262,0.5839965119029988,0.40920539700836456,0.28838971873647007,1.4150005989216463,1.2474432598569936
Mbi2.80Zp0.26T00.5000_iTp0.40_ACFep00_aFep04,-0.17358066292382332,-0.1225791240474122,0.4612462236400692,-0.42154216238970876,0.28869493841999033,1.6379769909737265,2.5902938394317756,1.6093731710205113,1.4473415872894355,1.1334359938364964,0.6123376661952148,0.4255045055859837,0.29984225389163205,1.4791413632887351,1.247200210347751
Mbi2.80Zp0.26T00.6000_iTp0.40_ACFep00_aFep04,-0.1499648141888104,-0.10242768466048716,0.4931612771724464,-0.09418864246302025,0.38234441577158373,1.8329270080114797,2.9307068042926714,1.7219261129652266,1.5772954897207687,1.2192896871460255,0.6907856377102413,0.46505315752002174,0.34484091933233735,1.5947970467741153,1.231449073826829
Mbi2.80Zp0.26T00.7000_iTp0.40_ACFep00_aFep04,-0.1257277892508134,-0.08031027940393301,0.6055246364042488,0.3149647878586601,0.4196729171463178,1.989927064139824,3.0796738877823033,1.8929507599795452,1.7122241132367955,1.327925392959342,0.719317243750315,0.5194479369254188,0.33439947443292506,1.7428331937154946,1.245301098594998
Mbi2.80Zp0.26T00.8000_iTp0.40_ACFep00_aFep04,-0.10421481126411217,-0.06148611064108353,0.700141052979537,0.7814538937441688,0.48607757793489564,2.1233272257807787,3.2861444967172586,2.105060979215621,1.7966784784836685,1.4140105425413207,0.7817475030935273,0.5779668389529089,0.3615735143523383,1.8858861954176032,1.3112830083703313
Mbi2.80Zp0.26T00.9000_iTp0.40_ACFep00_aFep04,-0.08653054009252201,-0.04588233300684591,0.7916270034772668,1.182389876657301,0.5503185862822015,2.257290495596793,3.501817570010884,2.2946511552886752,1.884806841252849,1.4993070161908566,0.8524575381813589,0.6424461234543027,0.40771897536020946,2.019229967703794,1.3561311775851481
Mbi2.80Zp0.26T01.0000_iTp0.40_ACFep00_aFep04,-0.07258103682054944,-0.03374880631320359,0.8734781166771708,1.5159185028517541,0.6095229573910262,2.373215745945669,3.673249799757916,2.4743682781348513,1.955428196156916,1.5668072815619922,0.9167321016157213,0.6826114257283674,0.44496974688108415,2.1375696351274653,1.4049987820447012
Mbi2.80Zp0.26T01.2500_iTp0.40_ACFep00_aFep04,-0.060350060112598504,-0.02396783756184585,1.0258833196309418,1.8607070543621993,0.7045320426497992,2.5428372385779388,3.89024147836107,2.819896132253189,2.0616051058317044,1.664002917427083,1.0066222391790982,0.7185093093638331,0.48317689983962736,2.3451177240505694,1.513791099143397
Mbi2.80Zp0.26T01.5000_iTp0.40_ACFep00_aFep04,-0.0530941355109705,-0.018889780638616703,1.1481663100216606,2.0893276927056905,0.7662028770001383,2.651244672960095,4.047493547051549,3.04883962626257,2.1352662802407005,1.7274800707013798,1.051642234273164,0.7476996338063666,0.4743803029603131,2.4823310650490993,1.578586502589792
Mbi2.80Zp0.26T01.7500_iTp0.40_ACFep00_aFep04,-0.04570376573372562,-0.012566741584117361,1.251454924133233,2.3143814797956725,0.815960671014887,2.7228118978772917,4.151872341089335,3.2702091173093844,2.204620877207466,1.7853627757316148,1.0921125031789676,0.7672717521376797,0.49834362452292114,2.6125990940800436,1.639209280920487
Mbi2.80Zp0.26T02.0000_iTp0.40_ACFep00_aFep04,-0.03958243239729389,-0.007022563894400548,1.3274131985320026,2.4928747180883795,0.8487144941979586,2.77179283004741,4.214994246985487,3.4360978607890065,2.265465247086882,1.8161096076608598,1.1213735131648024,0.7803778549877368,0.510490791060387,2.7114630557735446,1.6837117941336257
Mbi2.80Zp0.26T02.2500_iTp0.40_ACFep00_aFep04,-0.03348103378394305,-0.0016229135367416606,1.4131987628434246,2.6959596789190687,0.8868973710969896,2.825090850342732,4.288571845497459,3.6131788860748877,2.3224562551930505,1.8607353705442389,1.157958031318257,0.7947770816599512,0.5278844646056927,2.815018909817067,1.7274747175551937
Mbi2.80Zp0.26T02.5000_iTp0.40_ACFep00_aFep04,-0.030852531709620323,0.0006642035254448626,1.4669042508577372,2.8005920423839075,0.9096801172679083,2.8607991611894072,4.32684059261892,3.715434674092199,2.3477841030656834,1.883389196320006,1.1767324494618037,0.8075483494346547,0.5369124387925891,2.8705257986811716,1.756219568993608
Mbi2.80Zp0.26T02.7500_iTp0.40_ACFep00_aFep04,-0.029997403249907906,0.0011235466024441029,1.4895581784040526,2.844315763304004,0.9155036650931847,2.872843054824128,4.315682473389546,3.7750250611231957,2.355434199068104,1.8882885140856682,1.1745342937704575,0.8050702061875654,0.5350401862241064,2.8979383817237285,1.7791101428103164
Mbi2.80Zp0.26T03.0000_iTp0.40_ACFep00_aFep04,-0.027209376927066244,0.003571147476216514,1.5398584102024657,2.952101313918849,0.9365678332716381,2.9122703393475775,4.369487206405717,3.864171601751881,2.3869856713347635,1.9138356750675727,1.195932902853609,0.8172627280812161,0.5473475429655111,2.951573998200948,1.7969458810393437
Mbi2.80Zp0.26T03.2500_iTp0.40_ACFep00_aFep04,-0.024544549485162763,0.006056732568563418,1.5776174748191825,3.022350987681656,0.9525286067769405,2.9413958291609332,4.398164737814995,3.9330386992602047,2.409688456734748,1.9331801123565173,1.2110947284618152,0.8228967219621014,0.5536198029409787,2.9920967131744867,1.8112630565208119
Mbi2.80Zp0.26T03.5000_iTp0.40_ACFep00_aFep04,-0.02193113248883799,0.0084068557319594,1.6169294791032376,3.103244488615231,0.9673001533570064,2.9675809297743534,4.426503948729083,4.000798336735956,2.4369196541263447,1.9555563344620324,1.2263933669225793,0.8304710262834114,0.5603443075191253,3.034862365867324,1.8216597413987026
Mbi2.80Zp0.26T03.7500_iTp0.40_ACFep00_aFep04,-0.019765187961670785,0.010466230511065008,1.6527212661816333,3.173819339115944,0.9847172228815976,2.9930326303604686,4.4620826151535375,4.066151578896271,2.461389337666162,1.9746950015400162,1.2414266472047377,0.8383322329227006,0.5677193063399961,3.0747796209666047,1.833216534212194
Mbi2.80Zp0.26T04.0000_iTp0.40_ACFep00_aFep04,-0.018286395273598075,0.0118313461478182,1.680727721571896,3.2071577496900976,0.9969239316410932,3.009884563073358,4.4852083108521885,4.121347346671996,2.482767995956223,1.9906345970645891,1.2521826917517718,0.8450412078356337,0.5710237930348482,3.1087680104458957,1.842600687495431
Mbi2.80Zp0.26T04.5000_iTp0.40_ACFep00_aFep04,-0.016788052937400762,0.013143691987601406,1.7231150747719528,3.2596835549663514,1.0078987874365675,3.03216067097442,4.500386265713711,4.195283195559628,2.5101588294115915,2.010861085183125,1.2634018960154199,0.848019541471797,0.575252324744023,3.153460390293839,1.8559012235342967
Mbi2.80Zp0.26T05.0000_iTp0.40_ACFep00_aFep04,-0.015108432571383397,0.014792107889361483,1.7740464664518691,3.3266755391858216,1.0239696063991754,3.063283620225968,4.525935363562862,4.268577078377651,2.5375199102843173,2.0313641493149515,1.2813044321874267,0.8550289535192248,0.5802218445164624,3.1979119998438064,1.8685425249123273
Mbi2.80Zp0.26T05.5000_iTp0.40_ACFep00_aFep04,-0.012973952024327976,0.016866132130754788,1.8218744851729334,3.4109869430362725,1.0426935912669315,3.0953667493651538,4.556919480105888,4.342886444623784,2.5716486044198916,2.05705885567867,1.300506590528381,0.8621530303972185,0.5857626499846732,3.246942024128649,1.8765007216642324
Mbi2.80Zp0.26T06.0000_iTp0.40_ACFep00_aFep04,-0.012846886691982955,0.016884472917049375,1.84984226788657,3.4487035063961127,1.0507125937517294,3.109165736472087,4.560599078190318,4.388806639828368,2.592719340516255,2.072516916070758,1.3118020230834342,0.862611226346864,0.5863016581419004,3.277145840151156,1.8814938401593941
Mbi2.80Zp0.26T06.5000_iTp0.40_ACFep00_aFep04,-0.011537489796625316,0.018223926360110554,1.8820663756043061,3.5092760306315025,1.0622545892733446,3.1230578234169624,4.576633557671648,4.4351764533118665,2.609962066330983,2.085109226992288,1.3216280560018188,0.8662298614318362,0.5913645301783836,3.305125430807654,1.8892903541716208
Mbi2.80Zp0.26T07.0000_iTp0.40_ACFep00_aFep04,-0.010196715470977056,0.019716580357982086,1.9162629263710003,3.5642470983294716,1.0768510518845331,3.144132383948883,4.60507325666894,4.48456681935714,2.6308898246323134,2.0978216536614918,1.333871214640301,0.8705646939048552,0.5944601176199221,3.3360214117977236,1.896739456379455
Mbi2.80Zp0.26T07.5000_iTp0.40_ACFep00_aFep04,-0.008684857836908033,0.021345914588165493,1.9580537218389578,3.6347513132063165,1.0927879485524437,3.1636382543382124,4.634761322246237,4.54540651847915,2.6499196937304332,2.1094815896633468,1.345122435267417,0.8740004817898123,0.5995534228479968,3.370035489817799,1.9100749223809776
Mbi2.80Zp0.26T08.0000_iTp0.40_ACFep00_aFep04,-0.007377583220242319,0.02258735033299823,2.0028488906545148,3.705850399751341,1.1064141544712622,3.1779489112122152,4.644210259389343,4.610358514547386,2.667648668490542,2.1215506875345573,1.357533731358156,0.8760793489122086,0.6023148577084536,3.4049755739562437,1.9253149312931728
Mbi2.80Zp0.26T08.5000_iTp0.40_ACFep00_aFep04,-0.005836725501160295,0.02421599819275857,2.038278469734043,3.7657024902308347,1.1189772628823915,3.197655048062409,4.660426354267214,4.654291966673497,2.6841053457926196,2.1347360372033912,1.3684651780943964,0.8790253923534341,0.6049656731718482,3.4317154462325266,1.9317058175423039
Mbi2.80Zp0.26T09.0000_iTp0.40_ACFep00_aFep04,-0.004213639335675015,0.025900968213192363,2.073920743879539,3.814657409715235,1.1299253511701233,3.218404322527385,4.690133168925823,4.700802082092552,2.700356448894348,2.1481025136180207,1.3812878306238572,0.8830034362212241,0.6116132490427842,3.4593281156451736,1.9390912116359114
Mbi2.80Zp0.26T09.5000_iTp0.40_ACFep00_aFep04,-0.0025867826652315466,0.027635844559288074,2.1084615969786396,3.8489901651383414,1.1418272912279241,3.2386533843596674,4.7173999234072,4.745810273626337,2.7176037317885613,2.16173251934515,1.3916513919326519,0.8874151197801973,0.6161435052654245,3.486914840218477,1.9452687945101756
Mbi2.80Zp0.26T10.0000_iTp0.40_ACFep00_aFep04,-0.0007979312794453136,0.029580854708718463,2.1437299538799177,3.883842414964511,1.1571855283442407,3.259924585574809,4.741373382645484,4.79528238661228,2.7340933538085865,2.1742645228915682,1.3991536596613372,0.8947313016828978,0.6190341669879824,3.515548214688011,1.9539253278068247
Mbi2.80Zp0.26T10.5000_iTp0.40_ACFep00_aFep04,0.00043234622486814554,0.030906881774858775,2.174554798963017,3.9271642475100688,1.1680532085095727,3.2804767075295667,4.757306953027786,4.83621101492457,2.7509938216364294,2.1868794651122205,1.4098999030365507,0.8984021193291768,0.622124216107924,3.5412564612114283,1.958823458634752
Mbi2.80Zp0.26T11.0000_iTp0.40_ACFep00_aFep04,0.0016603011945109198,0.0321752802096163,2.202894303656376,3.968338002816049,1.1780684903099818,3.301968379060179,4.764007379815934,4.8669770444076645,2.7657905095571116,2.1962605093809042,1.4208116424675936,0.9015724248611527,0.6256882114231649,3.5615881116864836,1.9616795659022872
Mbi2.80Zp0.26T11.5000_iTp0.40_ACFep00_aFep04,0.002210230517524192,0.032872642354016254,2.2331912825810605,4.001942335534208,1.1862233613406359,3.312541213125994,4.777733479786638,4.905315312669856,2.7842149485713725,2.207698536722361,1.4312521438204664,0.9041898745609417,0.6282256956896302,3.586866833566296,1.965304618007104
Mbi2.80Zp0.26T12.0000_iTp0.40_ACFep00_aFep04,0.0035837836522915213,0.034333498516832164,2.262213944157373,4.033402566596769,1.1979732350891488,3.331542003751149,4.791126787642438,4.934919732122198,2.800408568567772,2.2189010703714547,1.441383219375973,0.9082791038475628,0.6309268129006871,3.6078078540030223,1.9663738988476258
Mbi2.80Zp0.26T12.5000_iTp0.40_ACFep00_aFep04,0.00449099712521388,0.035339239047168396,2.285658532138542,4.063942954602879,1.2074795517163899,3.343603829682334,4.802631611264329,4.963904266193461,2.8120776482971452,2.2279970996818865,1.4496563995373815,0.9113894371168684,0.6318298653824188,3.6258894985464383,1.9697740666183121
Mbi2.80Zp0.26T13.0000_iTp0.40_ACFep00_aFep04,0.005405482009122015,0.036424125153865214,2.308071399730966,4.094031830301715,1.2179290615839267,3.3567025104120547,4.812855396364443,4.9902879132769415,2.8270810329810265,2.2418739322482724,1.4610227041669512,0.9124214396616346,0.634276802572963,3.645579483525982,1.9689612346166114
Mbi2.80Zp0.26T13.5000_iTp0.40_ACFep00_aFep04,0.0067992171048629315,0.037890894674270564,2.332730147116813,4.128539773726885,1.2314024842885718,3.371887987599302,4.840764584441943,5.020627672904613,2.8438101075076876,2.255584237905008,1.4717182795346098,0.9186725986943638,0.6375584531752008,3.667532966472445,1.9691074401496564
Mbi2.80Zp0.26T14.0000_iTp0.40_ACFep00_aFep04,0.007737274295811798,0.038625185797247316,2.352213187035161,4.1483792317102814,1.2398702457114357,3.382119239888204,4.859501985750482,5.046476618144907,2.8501917416132776,2.2592552490858813,1.4770284391877884,0.9178401068683744,0.6365491273446496,3.680818491507515,1.97535139412587
Mbi2.80Zm1.79T00.0300_iTp0.40_ACFep00_aFep06,-0.10703702042480083,-0.06395398931147456,0.2588602694676092,-0.02000784157511555,0.3489682456283122,0.40594661590842995,0.8307507746652865,0.48733622163887147,0.4077560078949407,0.42715558081276706,0.21188397178011445,0.06281483696969005,0.12346297935197767,0.4487331326265991,1.167395993133069
Mbi2.80Zm1.79T00.0400_iTp0.40_ACFep00_aFep06,-0.1127560306183995,-0.06929340026015735,0.1685397717778417,-0.14745152070583853,0.3062127357397214,0.2963943857963407,0.7330041722434347,0.3918640950412059,0.30604122370231646,0.3419501180658315,0.16109455867720596,0.04429655469232199,0.1063956793550821,0.3519468155299099,1.2094732437996534
Mbi2.80Zm1.79T00.0500_iTp0.40_ACFep00_aFep06,-0.11439398422158782,-0.07033969592415436,0.159789155716292,-0.13899935287019727,0.29538307849784917,0.2995617859599327,0.7121812011102365,0.39207669822770086,0.30576675325129493,0.33976253010673824,0.1603916167677806,0.04658888872315333,0.10528651736020105,0.35159084969131216,1.2147448871354807
Mbi2.80Zm1.79T00.0600_iTp0.40_ACFep00_aFep06,-0.12080195002735844,-0.07650100104617322,0.08520522091524224,-0.2886945387649842,0.256202914570416,0.21586744169201472,0.6350238499507211,0.3075347978137918,0.22634510169946498,0.27311931043593407,0.126086952696034,0.03055748467783411,0.09256563361769823,0.27136084868446797,1.2314582994971126
Mbi2.80Zm1.79T00.0700_iTp0.40_ACFep00_aFep06,-0.1232649506584406,-0.07839473136049739,0.08127550844604828,-0.2994361491106179,0.24746128031155978,0.22329038384364647,0.6271262612847732,0.3134855557265627,0.23238045139084615,0.27540419306148045,0.12772278819416905,0.0324544274137086,0.09236739054219577,0.2768110636933146,1.234718533344678
Mbi2.80Zm1.79T00.0800_iTp0.40_ACFep00_aFep06,-0.12510388209395523,-0.07986528788207542,0.0755438415295671,-0.3233047218158511,0.23234496649908848,0.22828629775312656,0.6228766781472003,0.3089202113940823,0.235132702169035,0.2780056315372011,0.13245037907808174,0.03698252917383121,0.09339397758190211,0.27630716981775805,1.2040426181487913
Mbi2.80Zm1.79T00.0900_iTp0.40_ACFep00_aFep06,-0.1259425971791684,-0.08033993088999698,0.08127610907562757,-0.34133554927958176,0.22447860124016372,0.26648735694128334,0.6776160077824056,0.37038426843303845,0.27822115395340546,0.2933085941925146,0.15604861440357107,0.02723704761041161,0.0891806799523176,0.32343998007971264,1.2961154502791474
Mbi2.80Zm1.79T00.1000_iTp0.40_ACFep00_aFep06,-0.12738334029990833,-0.08165369547763554,0.07641914172062236,-0.37639401103611536,0.20350480368598198,0.2717743515895268,0.6325590468261338,0.29176367093192196,0.2969014256326245,0.2930574929469824,0.15819672495456213,0.025522590698245518,0.09043600635297393,0.2937873793619557,0.9890982634329052
Mbi2.80Zm1.79T00.1500_iTp0.40_ACFep00_aFep06,-0.13350765050174174,-0.08747250157380823,0.08385633821260702,-0.4972076060677612,0.1477070178916366,0.3080403275217665,0.6331981864192986,0.3733845289008921,0.3263287238014033,0.3063909695963463,0.17151669371918743,0.020509706358486056,0.08408278108710111,0.34606596350158614,1.1802525914620758
Mbi2.80Zm1.79T00.2000_iTp0.40_ACFep00_aFep06,-0.1381336171054488,-0.09187119818888041,0.0861160259406214,-0.5903436172892389,0.1075042188598287,0.3174375096707547,0.6039182829803669,0.38695080543298016,0.33515276026140034,0.3076308692195941,0.17619571892199584,0.017827600127036502,0.08396730531885335,0.35595749396894144,1.203984630863787
Mbi2.80Zm1.79T00.2500_iTp0.40_ACFep00_aFep06,-0.14204937806767098,-0.09534411123204645,0.08732379481994497,-0.625080907297036,0.08235287578697767,0.32676340717289254,0.601353150489713,0.3982882736982341,0.345147046581997,0.3128237110338356,0.18130644959429437,0.01935688501000396,0.087207418303269,0.36587333848041825,1.2106564587807456
Mbi2.80Zm1.79T00.3000_iTp0.40_ACFep00_aFep06,-0.1462708561929073,-0.09863988231569894,0.09173464381498588,-0.6574945008084127,0.07132232982652444,0.33067307413253233,0.585162775633261,0.4209733406567124,0.3504756986572221,0.31666543056157415,0.1789695317659574,0.017803107039824836,0.08552142251966202,0.37888734956485853,1.262021848809293
Mbi2.80Zm1.79T00.3500_iTp0.40_ACFep00_aFep06,-0.14859561643395597,-0.10094537276902378,0.09246900347730463,-0.6776394964056853,0.06304243557502129,0.34973697530642156,0.5940072131053908,0.43814530214472097,0.36547101957130973,0.3245778412361556,0.18854290766482112,0.023808015810021683,0.09058777384667935,0.3938433789992702,1.2698964581494194
Mbi2.80Zm1.79T00.4000_iTp0.40_ACFep00_aFep06,-0.15194513781011237,-0.10428334834791929,0.09625529148123545,-0.7193823663753584,0.06720363238171884,0.3583730624962096,0.5953197899875916,0.4603798071570763,0.3761961590425586,0.3278695113941183,0.18550621313683788,0.019095642344160405,0.08828365109762591,0.40861167823529426,1.3077751877080974
Mbi2.80Zm1.79T00.4500_iTp0.40_ACFep00_aFep06,-0.15751819879823628,-0.11013082714464827,0.1037562193562744,-0.8354307532160474,0.06488656148684747,0.32731295002429384,0.5455659307938129,0.47815391876628516,0.36816614121444446,0.3231530318169973,0.15568866542818888,0.01900462137720779,0.06940947856498007,0.41232704092208117,1.3833087159135924
Mbi2.80Zm1.79T00.5000_iTp0.40_ACFep00_aFep06,-0.16130649025643962,-0.1131491535596555,0.10496516343514888,-0.8850241649850733,0.04964425319391395,0.3343150984729121,0.531233607795678,0.4883334793649093,0.37754844823152595,0.32513879952502917,0.15922540565269216,0.02170469141352824,0.0692262137317813,0.4209553411518676,1.3899027794342202
Mbi2.80Zm1.79T00.6000_iTp0.40_ACFep00_aFep06,-0.16499156512574095,-0.11686703094010573,0.10878720647954015,-0.9301047436522152,0.03187995657272982,0.34085489995147744,0.5206167995679233,0.49339210541686684,0.3844998317168826,0.3341475872008015,0.1579325648685437,0.021704052387780302,0.07088015528901971,0.42749623334204073,1.3731131356735071
Mbi2.80Zm1.79T00.7000_iTp0.40_ACFep00_aFep06,-0.16348974386030504,-0.11617257096862739,0.11392639389429679,-0.8823086508092,0.02368986575266812,0.34395038527403593,0.5278444552926435,0.5279388015718087,0.3851385370982015,0.34473908596638836,0.15688606522910462,0.028033139058836035,0.07862954872271997,0.444249496484387,1.4466501914529561
Mbi2.80Zm1.79T00.8000_iTp0.40_ACFep00_aFep06,-0.15852006706263602,-0.1120967765498033,0.1161010333231374,-0.8232351516596221,0.024864919376614357,0.3459551312099774,0.5324326427566295,0.5460375391482782,0.3848522962617439,0.35151342925406703,0.15901251698369603,0.0328894841693158,0.08562048178667928,0.45282071990429607,1.4830607135219087
Mbi2.80Zm1.79T00.9000_iTp0.40_ACFep00_aFep06,-0.14931956889352602,-0.10442285050418851,0.12567711819983662,-0.7173194558369897,0.03690644049938134,0.3961974688808783,0.6282902635491995,0.5829070894122846,0.42579190453988225,0.3886996840260611,0.17850995039678288,0.03819625528000258,0.09179150987714124,0.4920804310748214,1.4313397402632377
Mbi2.80Zm1.79T01.0000_iTp0.40_ACFep00_aFep06,-0.13876183102680026,-0.09649440120368119,0.13592880006881397,-0.6036865697668152,0.05093486066686303,0.46470860932511804,0.7015170696162649,0.6040417032419756,0.4713691678758374,0.42135806535123715,0.19870361277224974,0.04421449963100243,0.09863200842134809,0.5256121891523087,1.3532503115390706
Mbi2.80Zm1.79T01.2500_iTp0.40_ACFep00_aFep06,-0.13664138452471866,-0.09710810005789516,0.1480651324681548,-0.5569031026641806,0.0352894055958875,0.5131124416065196,0.6953742526297507,0.6388926215818569,0.48458831686330806,0.44733422989750055,0.19995197118926378,0.0452459846466818,0.08790276831817077,0.5503957839487834,1.3711281560952253
Mbi2.80Zm1.79T01.5000_iTp0.40_ACFep00_aFep06,-0.13199405073232,-0.09359966960219511,0.15822604383066588,-0.5200441792658623,0.03375204937731621,0.5398163960775242,0.7019114395985274,0.6522405861323242,0.5040395475522665,0.4649164068153374,0.21030512076720898,0.050904603013912204,0.08441189201043478,0.5671067746558809,1.34627499463175
Mbi2.80Zm1.79T01.7500_iTp0.40_ACFep00_aFep06,-0.1277610702040371,-0.0903462271763268,0.1604745382875258,-0.48851318502083824,0.03488610043560762,0.5353418492256631,0.6793269762333863,0.6616748540273449,0.49681836940704965,0.4642653036194799,0.20793383397079707,0.05197409598355209,0.08126282280157766,0.5680679091804394,1.3769349591460185
Mbi2.80Zm1.79T02.0000_iTp0.40_ACFep00_aFep06,-0.12258352886828977,-0.08632496579159898,0.16287664757421721,-0.4424883997367426,0.047360930743310645,0.5449559668468528,0.6812132103210827,0.673529040004736,0.49945614847318065,0.466603889803074,0.20922367889108953,0.052710930016715944,0.08097787812007776,0.5746326427703757,1.394383399206776
Mbi2.80Zm1.79T02.2500_iTp0.40_ACFep00_aFep06,-0.11554599194870616,-0.08060954030061739,0.16590610874252917,-0.38254973613826126,0.06289274781323233,0.5481260740445241,0.6815868695495206,0.686676171923921,0.49798551525452506,0.46743674955212755,0.20961189620617562,0.05365615396302633,0.0818966139002637,0.5797251043653985,1.4225405751574278
Mbi2.80Zm1.79T02.5000_iTp0.40_ACFep00_aFep06,-0.10825022027529868,-0.07459038947263757,0.16780337205597254,-0.3297289107511045,0.0798109610579266,0.5498632917427803,0.6753571281050419,0.7000381377972825,0.4934837571064899,0.46503046417799443,0.20975786249999234,0.05297662104792583,0.08193727543072514,0.5829925394918803,1.4606734511652344
Mbi2.80Zm1.79T02.7500_iTp0.40_ACFep00_aFep06,-0.1002584010807926,-0.06782113822086154,0.17537024145860108,-0.23490091477595404,0.0875606920354493,0.5783583815534489,0.6877257375815962,0.7145833837740261,0.5005984494918745,0.4726567259076524,0.21268923115412586,0.057663709638757395,0.08535925014474845,0.5934042975590021,1.4684399360747
Mbi2.80Zm1.79T03.0000_iTp0.40_ACFep00_aFep06,-0.09792346013647098,-0.06582182375220169,0.1814676504561579,-0.1957942178567691,0.08437626025040024,0.5830546908372112,0.6748534913178978,0.727261996983499,0.49887617022880737,0.47673131903948446,0.21070367342878318,0.059575120704387544,0.08443730314791947,0.5985852064429964,1.4908905579003857
Mbi2.80Zm1.79T03.2500_iTp0.40_ACFep00_aFep06,-0.09369292371712369,-0.062411784442939704,0.18170960125140795,-0.16133235130811302,0.08983157218420867,0.5808959931674132,0.6699511159305597,0.7338014213594691,0.498603846478706,0.47818630192046235,0.2135526090778607,0.06039836247185081,0.08441139345157027,0.601399312221481,1.5024750660355737
Mbi2.80Zm1.79T03.5000_iTp0.40_ACFep00_aFep06,-0.09302594262840282,-0.06181591300608482,0.18518188852991035,-0.15365976512129698,0.08900907120562146,0.5864774438226034,0.6777355499525467,0.7431394608824535,0.5027374557078127,0.480875264501967,0.21591143414260036,0.059696303188133897,0.08412703380625143,0.6074989529570585,1.5110407696312846
Mbi2.80Zm1.79T03.7500_iTp0.40_ACFep00_aFep06,-0.09031163428882591,-0.059691293474323184,0.18691393490897934,-0.12618778624974436,0.09159951701235523,0.5891597939121251,0.6778291704282792,0.7493241557184749,0.5064342192228438,0.4847541542938971,0.21880161210182747,0.0602160091771318,0.08367903638020861,0.6123191020770438,1.5119712372328769
Mbi2.80Zm1.79T04.0000_iTp0.40_ACFep00_aFep06,-0.09010466334183954,-0.059487404680067114,0.18217917323474453,-0.13554224213378924,0.0947809554858881,0.5709066286714994,0.6604298930463036,0.7481820800177021,0.5004178824365138,0.481855688969832,0.22026616163077334,0.060087914803815694,0.08092131694765686,0.6086994989438375,1.523368034724809
Mbi2.80Zm1.79T04.5000_iTp0.40_ACFep00_aFep06,-0.0882764772221885,-0.05816996622905528,0.19573098881437673,-0.08937738461122428,0.08988819838277994,0.6039903549966827,0.6761865927432716,0.7723415118903435,0.5201468452280852,0.4992116645044178,0.22673635548110754,0.06571057584116291,0.08457618349717966,0.6302409462194151,1.5153481420251627
Mbi2.80Zm1.79T05.0000_iTp0.40_ACFep00_aFep06,-0.08796013921758547,-0.05795875734114003,0.1993108376675217,-0.083272667266617,0.08908858672880218,0.6119436084978339,0.6786121237137501,0.7797868376250712,0.5278905837389916,0.5072515607454189,0.23120221588475276,0.06658391472473695,0.08358770787350171,0.6380719380553959,1.5066275521290304
Mbi2.80Zm1.79T05.5000_iTp0.40_ACFep00_aFep06,-0.08815019672062753,-0.05815834214891558,0.20453021472600996,-0.07757496641072792,0.08690083108685034,0.6218468427748959,0.6844043515731711,0.7898749635797235,0.537255334181373,0.5159234961879059,0.23560468054958456,0.06764365085414875,0.08338035017668095,0.6478014215693219,1.4999826065679038
Mbi2.80Zm1.79T06.0000_iTp0.40_ACFep00_aFep06,-0.08779691188778851,-0.0577361716242298,0.20929012465172092,-0.06143221647653076,0.08573574514415189,0.6314848347085007,0.6897934976173564,0.7981020392216674,0.547248500795968,0.5238901756397533,0.24114632064697186,0.07134587579067327,0.08574800901540025,0.6569172648842992,1.490193672918992
Mbi2.80Zm1.79T06.5000_iTp0.40_ACFep00_aFep06,-0.0870821874434065,-0.057125405840069254,0.21412716788798636,-0.05312197043540406,0.08533319555141679,0.6397265093509685,0.6955305184181667,0.8053928086277112,0.5552074365291665,0.5293684791984083,0.24519990042698256,0.07116154164394722,0.08547021413305318,0.6643290854392576,1.4851755362600378
Mbi2.80Zm1.79T07.0000_iTp0.40_ACFep00_aFep06,-0.08551441853309524,-0.05572646897130016,0.2182785847266317,-0.034335334944266056,0.08575419959606238,0.6463165299444842,0.699364626990244,0.8094162711234802,0.5629775242150369,0.5349747531764406,0.24931902897876868,0.07308692566430242,0.0858106643195451,0.6703258288267073,1.4744106602638447
Mbi2.80Zm1.79T07.5000_iTp0.40_ACFep00_aFep06,-0.08373549180931307,-0.05422136722918386,0.22176901811562327,-0.015692715898806112,0.08652559768574208,0.6520812870893118,0.7035751806846336,0.8145429135017833,0.5685782590460431,0.5392038163764269,0.25313969123380764,0.07402178087344273,0.08541498230905716,0.6755974417691704,1.4705833061816689
Mbi2.80Zm1.79T08.0000_iTp0.40_ACFep00_aFep06,-0.08214112409756413,-0.05285171552628278,0.22674025313183624,0.003097976052916813,0.08866765764513855,0.6598933453185591,0.7118753687940542,0.8253344152493649,0.5761838823177583,0.5456939186545667,0.2581239031193166,0.07600176120812177,0.08637829163303479,0.6844693937760652,1.4713445876797855
Mbi2.80Zm1.79T08.5000_iTp0.40_ACFep00_aFep06,-0.082457064699092,-0.05258301945077638,0.24545854520014565,0.025051252531752194,0.09428626548489971,0.6846385523701113,0.7297850985239654,0.8703307671112521,0.6008907051281152,0.5665526410020748,0.27344596056723747,0.08490659086129455,0.08927346725723373,0.7173602551789671,1.4910030024089844
Mbi2.80Zm1.79T09.0000_iTp0.40_ACFep00_aFep06,-0.08386077555211574,-0.05338864041939639,0.24325286878048813,0.012009063779897158,0.09309567148879534,0.6760460021386244,0.717036240164623,0.864219924029027,0.5980338277853251,0.5597038583686323,0.27090811694279676,0.08125993087913483,0.08660238355320338,0.7124307704636077,1.4929460004018595
Mbi2.80Zm1.79T09.5000_iTp0.40_ACFep00_aFep06,-0.08472777495268576,-0.05388489612149928,0.24575037947852008,-0.010396679978671497,0.09208909170341373,0.6767470296624706,0.7168508769976213,0.8758358812654233,0.600942095954147,0.5615814971381127,0.27545678872187485,0.07984704822465524,0.08540861299991265,0.7188004530251505,1.506783839002768
Mbi2.80Zm1.79T10.0000_iTp0.40_ACFep00_aFep06,-0.08741133907761912,-0.05628763847085297,0.2489199032434352,-0.019447724980501454,0.09118334263744349,0.6891574458172455,0.7275367066588753,0.8996366141202283,0.6087431309095859,0.5683380091594081,0.27974842438551173,0.08419289403826928,0.08659573606389345,0.7331232022120171,1.5285889536340658
Mbi2.80Zm1.79T10.5000_iTp0.40_ACFep00_aFep06,-0.0910873526747829,-0.059397918580160775,0.2531120004423473,-0.07048281191013442,0.09011762141456602,0.7011136404623018,0.7394140187260254,0.9168628148745246,0.6161420364344006,0.5749180863728449,0.2853544768597517,0.0840864345362168,0.08415903074574582,0.7445365296327203,1.5395743629020893
Mbi2.80Zm1.79T11.0000_iTp0.40_ACFep00_aFep06,-0.09113673380686982,-0.05930235468801019,0.2553970350141338,-0.07387894358016955,0.0898000971657539,0.7071394968930819,0.7435750660884832,0.9215249722399665,0.6225563060852004,0.5788766150806758,0.2899686893950598,0.08633457108988885,0.08529741846346972,0.7499537608357397,1.5340431513158712
Mbi2.80Zm1.79T11.5000_iTp0.40_ACFep00_aFep06,-0.08931617574018155,-0.05778735919277253,0.2577300775862538,-0.0160055220206538,0.08514054134881799,0.7508316308134523,0.79060000530467,0.9337571268174544,0.6452253262517238,0.5997806279980117,0.3015652735644553,0.08839528427118497,0.09063612203530977,0.7685064344212948,1.500004274887431
Mbi2.80Zm1.79T12.0000_iTp0.40_ACFep00_aFep06,-0.08621783931735272,-0.054924684697367714,0.26351813581864353,0.022915992219325526,0.08911846544640574,0.7539050952877917,0.7919712774614571,0.9411497281712391,0.6485667716262696,0.6043531148325922,0.30456156308607835,0.09000651728335508,0.0896856995545545,0.7737875502465587,1.5023302580522027
Mbi2.80Zm1.79T12.5000_iTp0.40_ACFep00_aFep06,-0.08452298034208564,-0.05355565009627,0.2651399042358556,0.0325042251740771,0.09495491176644119,0.7639869172192381,0.7999350501638579,0.9436723961343396,0.6545733418348632,0.6085512219177905,0.31347245681338365,0.09324576390380208,0.09400530652877034,0.7781660804515423,1.4941873877121914
Mbi2.80Zm1.79T13.0000_iTp0.40_ACFep00_aFep06,-0.0825464235069168,-0.05197210447858373,0.2692227234937298,0.05723607427383319,0.09610569815599485,0.7654221231255237,0.8030414041508283,0.9516876548310527,0.655358994166026,0.6116331162261971,0.3131389607839491,0.09495152895209956,0.09263311807606445,0.7823332527288784,1.502278738794101
Mbi2.80Zm1.79T13.5000_iTp0.40_ACFep00_aFep06,-0.08009878487192536,-0.05005485004332019,0.27368964972057086,0.091731685891459,0.1023135930408061,0.7727240122465708,0.8207243503316151,0.9751535240340029,0.6585313123648714,0.6178731628266755,0.3168161794568883,0.09735234061760242,0.09375227079108207,0.794397701000284,1.5279694532372492
Mbi2.80Zm1.79T14.0000_iTp0.40_ACFep00_aFep06,-0.07755559274713168,-0.04804601855450556,0.2791659959606156,0.1261596646552651,0.1066308871902427,0.7870717842556625,0.8461501140192502,1.0010442451196013,0.662998380297841,0.6248331524671863,0.3206252534809144,0.09833136709758722,0.09386219894454421,0.8080800023818032,1.5546198701476397
Mbi2.80Zm1.49T00.0300_iTp0.40_ACFep00_aFep06,-0.11781580720170279,-0.0743171864399392,0.2258483912030903,-0.16121921524831334,0.30807380651024535,0.40828640336102123,0.9230831583933601,0.5249679210601366,0.424943494337993,0.4257371214033497,0.19603963788958736,0.06713034248029585,0.11536268753211963,0.4724387355423064,1.2342303594225965
Mbi2.80Zm1.49T00.0400_iTp0.40_ACFep00_aFep06,-0.12379271207825462,-0.07909984912316406,0.19194181530546867,-0.23132223291316734,0.2774649014752031,0.37869064495124677,0.8710429934721041,0.48984157944895457,0.39991971263200926,0.40182276779082193,0.18147572811318333,0.06422112435473518,0.10970145578492634,0.44289763878459704,1.2219424351585233
Mbi2.80Zm1.49T00.0500_iTp0.40_ACFep00_aFep06,-0.12912724252514532,-0.0844158431776662,0.11097185890588956,-0.38094565686954684,0.24055203539782516,0.28825403331811317,0.7924556011868127,0.3995005582929931,0.31102369574244354,0.3254248569840339,0.14201572942436597,0.045819774197901855,0.09610270117104432,0.3547746555761268,1.2554056618765979
Mbi2.80Zm1.49T00.0600_iTp0.40_ACFep00_aFep06,-0.13338727026560476,-0.08766418054035394,0.111348376131311,-0.3896895155350236,0.22384480801851037,0.3044691734515798,0.7787874562428111,0.4218013206304168,0.3179073145327877,0.3329331146233371,0.14644340831059058,0.04439387918823976,0.09528007182073087,0.36860322537666623,1.296174305512402
Mbi2.80Zm1.49T00.0700_iTp0.40_ACFep00_aFep06,-0.13478321246455563,-0.08863004247306834,0.10445301387128987,-0.3980983647665363,0.21209011130109046,0.3114649723059792,0.7670608693782154,0.4235685752246652,0.3230790972311524,0.3347817194771638,0.15456956896944546,0.04849667510694735,0.09773607354406279,0.3717984326860298,1.2877148614627643
Mbi2.80Zm1.49T00.0800_iTp0.40_ACFep00_aFep06,-0.13769503633249647,-0.09089103840893112,0.10794619864113893,-0.4269016446971306,0.1843539408670171,0.3373172220787731,0.7712734605795912,0.44473265174947163,0.34492368253677425,0.3509925859368915,0.16714840861926547,0.058221938789864106,0.10148060532818795,0.3926252093873103,1.2781211530659908
Mbi2.80Zm1.49T00.0900_iTp0.40_ACFep00_aFep06,-0.14011138986455252,-0.09331392957113596,0.11295982080979533,-0.49148564874824197,0.1689730661916938,0.355017421444117,0.7741248561239242,0.46873171632262484,0.361496056309522,0.365614925892838,0.1791644246091971,0.06520460431339943,0.11069580863127346,0.4122926720963757,1.2892989592946997
Mbi2.80Zm1.49T00.1000_iTp0.40_ACFep00_aFep06,-0.14172162108723818,-0.09454709718058028,0.11443985104475209,-0.5056981196259868,0.16207639648194494,0.3664057368021323,0.782479346784518,0.48046304682002927,0.3714803046276996,0.3713330771944481,0.1855659426562336,0.0700014784182118,0.11161154260102749,0.422448520579175,1.2936305634167127
Mbi2.80Zm1.49T00.1500_iTp0.40_ACFep00_aFep06,-0.1487211884703262,-0.10127042213491179,0.12812768629030566,-0.6439111485611437,0.10469024956531034,0.4026757466916643,0.7640107584327442,0.5521844744874728,0.4118247236051089,0.4038189221053917,0.20131814788350047,0.0855534271113042,0.11962013144766637,0.47556853174124497,1.353984616667906
Mbi2.80Zm1.49T00.2000_iTp0.40_ACFep00_aFep06,-0.15569780833847638,-0.1070799098144609,0.13225161054010026,-0.6985708514368805,0.07834548131258412,0.4099856477716206,0.7499822920344098,0.5748752915742961,0.41582498886426195,0.4061634152012316,0.20259585444035053,0.08915313495494008,0.11657792563089955,0.48733185379551447,1.3987430691990437
Mbi2.80Zm1.49T00.2500_iTp0.40_ACFep00_aFep06,-0.15590384520185024,-0.10737012616565894,0.1331831790365153,-0.6962251572757885,0.07544950381594492,0.41822625840352,0.7296860317050634,0.5961030335677123,0.42634949536152383,0.407410633932802,0.2003320780264908,0.08776725153722174,0.11271942111827338,0.5009861914015928,1.4299149422562083
Mbi2.80Zm1.49T00.3000_iTp0.40_ACFep00_aFep06,-0.16330756680920624,-0.11455000895097475,0.13910440046934022,-0.7893399243108821,0.0733776662696731,0.43456228382143236,0.7176490098902178,0.6192151439775959,0.43632281207475815,0.4181887762374547,0.18948250272464956,0.08391423481775687,0.10197079019465932,0.5167529481369715,1.4492843688653485
Mbi2.80Zm1.49T00.3500_iTp0.40_ACFep00_aFep06,-0.16509477176615192,-0.11623005088798447,0.14278509447841695,-0.8310881739417726,0.0612121841352149,0.4482228211799304,0.7190902591663816,0.6287888283237039,0.4529555562431092,0.42316036730548756,0.195402233014605,0.08274405822919428,0.103050415123217,0.528741549860724,1.4354009815889985
Mbi2.80Zm1.49T00.4000_iTp0.40_ACFep00_aFep06,-0.16772452580563568,-0.11892908380518416,0.145070604979166,-0.8522537730892261,0.055412225685457644,0.4551198505533643,0.7279840818312876,0.6439834017557436,0.4616595395182181,0.4312836120095923,0.19688858394585415,0.08583409352091337,0.1025630908306642,0.5402072145352697,1.4423838755107738
Mbi2.80Zm1.49T00.4500_iTp0.40_ACFep00_aFep06,-0.1701371248969063,-0.12129944503080312,0.14897888954258431,-0.8550022433610558,0.04395608555722268,0.46449688445364645,0.7284519982553135,0.6600132794316729,0.4756941027858119,0.4392597184427069,0.2034672658478423,0.0873626101586221,0.10279019885199085,0.5542844171429937,1.44272478920404
Mbi2.80Zm1.49T00.5000_iTp0.40_ACFep00_aFep06,-0.17025448240103283,-0.12174968870852898,0.15049171356057234,-0.8501993227595761,0.04003696922364384,0.47696679410739373,0.7462249319324112,0.6797644008353545,0.4823206073463568,0.44687029873401,0.20780093041662148,0.08648535204749937,0.10306080478466648,0.5666718437342871,1.4631318416638934
Mbi2.80Zm1.49T00.6000_iTp0.40_ACFep00_aFep06,-0.17097031982508082,-0.12292891886408827,0.1562043870419247,-0.8324707109986422,0.031580820807484394,0.4942176872862311,0.7640509398386868,0.721484611816412,0.4965529879545683,0.45906727905920347,0.21275070830600754,0.08421453996689353,0.10395251030946102,0.592184631989037,1.5099818133221203
Mbi2.80Zm1.49T00.7000_iTp0.40_ACFep00_aFep06,-0.1701695583808088,-0.1229440676391825,0.16701918292876758,-0.8189884786692301,0.03190014692067801,0.5225618371506567,0.8047402095896636,0.7673923961513517,0.5183393962058863,0.4745636948806307,0.22257922600763352,0.08457983110398994,0.10546148184169879,0.6231882797203311,1.5457548738449534
Mbi2.80Zm1.49T00.8000_iTp0.40_ACFep00_aFep06,-0.16758704985985928,-0.12154624829335606,0.17714524323497274,-0.7783225697262955,0.031242622527702334,0.5608384928198031,0.8477308364548729,0.8016146907975079,0.5467883233317692,0.495299794207372,0.2314154031485969,0.08009505480118413,0.10390736517136678,0.653266288400263,1.538477749253098
Mbi2.80Zm1.49T00.9000_iTp0.40_ACFep00_aFep06,-0.1607511283925052,-0.11656529742272582,0.18955646049795585,-0.6989008883593903,0.03654223499812863,0.6088814575738495,0.8978316125085815,0.8355583170856794,0.5689434235374904,0.5135472916617365,0.23516523359498318,0.07881314317427407,0.09985132699419072,0.6800184805175997,1.543769947129568
Mbi2.80Zm1.49T01.0000_iTp0.40_ACFep00_aFep06,-0.1554352480747351,-0.11269556801772734,0.20508649791754807,-0.6158803249990769,0.042165829145128675,0.6742584631019145,0.9868243623111355,0.8684116002719422,0.6165477055736728,0.5484592644405892,0.25320537887751776,0.08796308483211118,0.1025008302336836,0.72032014954907,1.4908264458903815
Mbi2.80Zm1.49T01.2500_iTp0.40_ACFep00_aFep06,-0.1471409249694836,-0.10632790947692718,0.22883834339144415,-0.5206365908316355,0.039995306636842656,0.747111440474778,1.024056657793987,0.905645802207529,0.6594860289896398,0.5863105028061674,0.2699004586254283,0.11008283075901001,0.10084306415362285,0.760726523461297,1.4539224971224582
Mbi2.80Zm1.49T01.5000_iTp0.40_ACFep00_aFep06,-0.13970364220196138,-0.10063956159918576,0.24259517657380575,-0.45120728256138465,0.061568427960237794,0.7815985610191021,1.0440194081292387,0.930988890021822,0.6798048841366783,0.6047919470380064,0.27520288867217674,0.12022506180807872,0.10078181517192973,0.783158129256617,1.4494647151986042
Mbi2.80Zm1.49T01.7500_iTp0.40_ACFep00_aFep06,-0.1336455400554859,-0.09607395226946631,0.24794187055516728,-0.3923223223951673,0.07592568292360805,0.7950380230036979,1.048131417257406,0.9451881269313277,0.6807952658638788,0.607843569308862,0.27692620428788933,0.11981904255767838,0.0996878883363594,0.7900460369415641,1.4669558314291002
Mbi2.80Zm1.49T02.0000_iTp0.40_ACFep00_aFep06,-0.12651314970289057,-0.09040329871116398,0.2512965735522859,-0.3391218965033471,0.09800164703849541,0.7948184754301235,1.0493742591489847,0.9557018969099429,0.6755811219291432,0.6047218375063572,0.27683205192660343,0.11917251728492534,0.09807210812071926,0.791639097716882,1.4929308565080914
Mbi2.80Zm1.49T02.2500_iTp0.40_ACFep00_aFep06,-0.12159664690651523,-0.08619633432621435,0.25856197705904904,-0.29137742199780925,0.10731518550583505,0.8216583060444894,1.0766831345873156,0.9705230163399462,0.6903741090256974,0.6154291941559454,0.2854907629540674,0.12330035595783383,0.09967551169281398,0.8060136156044622,1.4864765833800961
Mbi2.80Zm1.49T02.5000_iTp0.40_ACFep00_aFep06,-0.11236162731266683,-0.07871126992892065,0.2618944860219513,-0.20239382318093735,0.12147580676361627,0.8096852480989232,1.0528448100442707,0.9810667790766203,0.6771881811523768,0.6109961750316453,0.2834799356218631,0.11939487244091432,0.09706397041124351,0.8038556896627534,1.5231776016638277
Mbi2.80Zm1.49T02.7500_iTp0.40_ACFep00_aFep06,-0.10778216756211599,-0.07465788145885519,0.26213097073381325,-0.14807068076484964,0.12542594584617872,0.806414173424157,1.0484654897063206,0.978495637421377,0.6804019225798972,0.61337602158847,0.28834648016993353,0.12115729965869332,0.09665153419015221,0.8046158328404489,1.5126175891804188
Mbi2.80Zm1.49T03.0000_iTp0.40_ACFep00_aFep06,-0.10475166842557271,-0.07227031256377399,0.267884232091335,-0.12061089148043772,0.12877546088648978,0.8219163685632358,1.0519029724098337,0.992679893221419,0.6892785965715681,0.6216071351689396,0.2935589615753597,0.12460289332935141,0.09736180346987966,0.8157350647742624,1.5145178091204092
Mbi2.80Zm1.49T03.2500_iTp0.40_ACFep00_aFep06,-0.10127758310996995,-0.06945624566591613,0.270407901566765,-0.09064149096301558,0.1324460291042075,0.8239728163898837,1.0429145823777943,0.9991267232163624,0.6920273600462926,0.6252765889486283,0.2968166543377119,0.1257353818967638,0.09622601794989928,0.8202128592282671,1.5169266348570172
Mbi2.80Zm1.49T03.5000_iTp0.40_ACFep00_aFep06,-0.09728728383838701,-0.0662989177832271,0.2731079603810698,-0.060840959238283934,0.1383964505756327,0.8296169758110572,1.0428666710301073,1.0044472806650242,0.6955824490650163,0.6306181154302233,0.30081367355737887,0.12891424244024174,0.09668383982253079,0.8248666497858681,1.514774322309723
Mbi2.80Zm1.49T03.7500_iTp0.40_ACFep00_aFep06,-0.09429822558369727,-0.06345467679078849,0.2793108474719603,-0.0029462039524529356,0.13501484003218645,0.8355729768005805,1.0555461753486581,1.0156917832758139,0.7039271386613722,0.6351979524967092,0.3066240564924522,0.12842164440304157,0.09726262182876753,0.8339225762975717,1.5169483269071435
Mbi2.80Zm1.49T04.0000_iTp0.40_ACFep00_aFep06,-0.09060020664837465,-0.06050952735189248,0.28157453838387875,0.025558648978039007,0.1399813471350639,0.8406487040219313,1.0530143844237805,1.0177501101818405,0.7076822361830803,0.6380823494677499,0.31075265803864144,0.1297559703883753,0.09755627551178857,0.8369048882546769,1.5125232466860354
Mbi2.80Zm1.49T04.5000_iTp0.40_ACFep00_aFep06,-0.0876024501406798,-0.058281554439720065,0.29102215779166496,0.07273704210553779,0.14282659021487185,0.862969210272599,1.057871158437494,1.0423372881693571,0.7204897129683366,0.6481438693030488,0.31627184050568957,0.13289003947356007,0.09935659251086386,0.8543294667927254,1.523179471366607
Mbi2.80Zm1.49T05.0000_iTp0.40_ACFep00_aFep06,-0.08149041342274127,-0.05275655053429939,0.2926681107364221,0.1462919133460739,0.14583967656943791,0.8618168366874787,1.0544876638135035,1.0369572269703937,0.727591951306685,0.6501032628067037,0.3216339484137061,0.13411482219156035,0.09989730266580994,0.8555600765810512,1.5053506992658376
Mbi2.80Zm1.49T05.5000_iTp0.40_ACFep00_aFep06,-0.08035756708416054,-0.05187563417547971,0.29733437104311267,0.15505094784959722,0.1449517275622132,0.8740568316912076,1.0586204466074092,1.0377781144589695,0.7360687826084902,0.6558372134114151,0.3266189501144134,0.13581088439862743,0.10035325254490177,0.8605594428504919,1.4911612097748712
Mbi2.80Zm1.49T06.0000_iTp0.40_ACFep00_aFep06,-0.07856488338764911,-0.050518661822650655,0.3025332453519961,0.17659269490497953,0.1465335119463586,0.89429589961852,1.0672521664974137,1.0432829809413067,0.7468718683657956,0.6631145112940187,0.3308963438638887,0.13742276476905319,0.1010050028057758,0.8687528844065037,1.4798483105815794
Mbi2.80Zm1.49T06.5000_iTp0.40_ACFep00_aFep06,-0.07688863005914044,-0.04900703164381657,0.30806648189284125,0.19926108592615283,0.14649518726579008,0.9087917545524922,1.0752412431263878,1.0494918994216902,0.7574496298711694,0.6702208810114454,0.3357157661499021,0.13931337953706244,0.10149019363257707,0.8770999991328002,1.4702158396097613
Mbi2.80Zm1.49T07.0000_iTp0.40_ACFep00_aFep06,-0.07459666332678667,-0.04700611929556725,0.31109536266161714,0.22178393315646827,0.14760091578671963,0.9191509327737692,1.0809485401816463,1.0477686823742431,0.764602982840022,0.6746153939719011,0.33914734935677876,0.14024723295344724,0.10123466930323222,0.8801857361901281,1.4560246023194927
Mbi2.80Zm1.49T07.5000_iTp0.40_ACFep00_aFep06,-0.07230462474362682,-0.045169778705834156,0.3147454324977689,0.2510223416141345,0.14882927075624466,0.9271797001243255,1.0863136253996073,1.0537184231276744,0.7703398749293899,0.6785745962198794,0.3436489883321954,0.14130529969360936,0.10145161461246852,0.8858029036668725,1.4544936145083458
Mbi2.80Zm1.49T08.0000_iTp0.40_ACFep00_aFep06,-0.07099811243567662,-0.04399831153683714,0.3200085468129621,0.27044045071612777,0.14950831837366194,0.9381745680149126,1.0921739244504065,1.0630181009640913,0.7786176438896325,0.6846468614735646,0.348066785286677,0.14296303681847541,0.10288960620064154,0.8942676943941794,1.4529404589093609
Mbi2.80Zm1.49T08.5000_iTp0.40_ACFep00_aFep06,-0.07414335023539433,-0.046664229770910726,0.3300333138157564,0.25675423083886484,0.14463665631497763,0.9536607365139004,1.1048528458750848,1.0955497819123527,0.7890994210432624,0.6947600853729781,0.35272307565366523,0.1467580065771283,0.10443013349636186,0.9140890196352299,1.476621980955976
Mbi2.80Zm1.49T09.0000_iTp0.40_ACFep00_aFep06,-0.07932797686081246,-0.05086708823548384,0.32963103469959487,0.20843235368205892,0.13672881958610145,0.9456569770787548,1.0857738110556858,1.0941373442815687,0.786084058280636,0.6922982069285516,0.35177765045459924,0.1455599454286862,0.10214219083242687,0.9117849720504156,1.4801819123915843
Mbi2.80Zm1.49T09.5000_iTp0.40_ACFep00_aFep06,-0.08505866730715113,-0.05529486689499359,0.3299371418972201,0.17145523485033198,0.12838156309962423,0.9411240961787462,1.0805258252700807,1.104052347316129,0.7883189493089823,0.6926070560419787,0.3513087026591303,0.1469841316380141,0.10502353825459149,0.9169283085926972,1.4910297250867472
Mbi2.80Zm1.49T10.0000_iTp0.40_ACFep00_aFep06,-0.08977365809324062,-0.059059097600120194,0.3326600448931629,0.13753732224072202,0.12360483101312968,0.9446399717756555,1.0866398850098034,1.1178963713784307,0.7923408283054536,0.6973291956701547,0.3533443527008355,0.14870210978358014,0.10433801869406557,0.9252109231069201,1.500864424183023
Mbi2.80Zm1.49T10.5000_iTp0.40_ACFep00_aFep06,-0.0929229754425511,-0.06112082155444358,0.33355148875482615,0.10247963578160205,0.11728376835761557,0.9339089555632978,1.0838893574947872,1.1229782236118029,0.7957871557119409,0.698015106728909,0.35625941756878815,0.1494339533656798,0.10578672432134427,0.9289288452655813,1.5035165655417788
Mbi2.80Zm1.49T11.0000_iTp0.40_ACFep00_aFep06,-0.09571360613196556,-0.06347783864501405,0.3344393720309133,0.06716349711229738,0.11894020746465622,0.9362634443823444,1.083231353460179,1.135177002973559,0.8000346006745735,0.7042641574179433,0.3602442856854756,0.15116693098520392,0.10496522197996495,0.936877946660635,1.5092440871426203
Mbi2.80Zm1.49T11.5000_iTp0.40_ACFep00_aFep06,-0.09598572702592184,-0.06350371448411371,0.3353201467811438,0.06298602698063088,0.11864911591962032,0.936538353809983,1.0859061388141042,1.133391184873508,0.8040032587494141,0.7069336499696719,0.3626710391097453,0.1509947156793718,0.10448202719198035,0.9383204203156499,1.5002495184717586
Mbi2.80Zm1.49T12.0000_iTp0.40_ACFep00_aFep06,-0.09436892569703242,-0.06244117267728135,0.3330891934383412,0.10166499867465772,0.11821709361556798,0.9861702049541288,1.1373549190111734,1.149287983623554,0.8297878438280183,0.7284813723329818,0.38010393579147655,0.15403429415313943,0.11410501431188268,0.9597211631352757,1.4750827029169906
Mbi2.80Zm1.49T12.5000_iTp0.40_ACFep00_aFep06,-0.09045300516684547,-0.05888243653951571,0.3462936900441155,0.15837289267716037,0.12136007391805231,0.9907828259334407,1.1317621725650229,1.1578933740108528,0.8362984458015158,0.7351734187235994,0.37756559699111786,0.15427440314479354,0.10928731686328183,0.9672428182339204,1.4736418769555988
Mbi2.80Zm1.49T13.0000_iTp0.40_ACFep00_aFep06,-0.08533748912296546,-0.054481874520667564,0.34494663589923796,0.18992198986952238,0.133270330364736,0.9911757601774535,1.1387113200877774,1.1606319698915717,0.8373554913968039,0.734840883214589,0.38767962710301845,0.15679839586297029,0.11244544321723468,0.9687861831286536,1.4764465668971543
Mbi2.80Zm1.49T13.5000_iTp0.40_ACFep00_aFep06,-0.08309413247510128,-0.05257248314857895,0.34786509927317183,0.20605337918831865,0.13788914396421015,0.9951101763686316,1.143099853361741,1.1640712736690282,0.8402896131538115,0.7377971715164371,0.3895367875766651,0.15996280634123455,0.11290685324896198,0.9719828281677086,1.4752943690764997
Mbi2.80Zm1.49T14.0000_iTp0.40_ACFep00_aFep06,-0.07931591950368759,-0.04970874173424253,0.3540405445467333,0.2585435049823094,0.14721330007519112,1.0049832824129987,1.1528690846751342,1.1876947924256718,0.8445156346012705,0.7463369001255972,0.3930891268967481,0.16253031784118094,0.11335858295105634,0.9850771732570776,1.493155105830832
Mbi2.80Zm1.26T00.0300_iTp0.40_ACFep00_aFep06,-0.11602729370816961,-0.07234859266622053,0.22799572696433903,-0.12156223102940432,0.29893121267127903,0.4328843023054116,0.9394305884819876,0.5498372870870278,0.4534837809548012,0.45257774753787583,0.2202368195978929,0.08672194746407022,0.1230699630922824,0.49920216745371165,1.2136864214988503
Mbi2.80Zm1.26T00.0400_iTp0.40_ACFep00_aFep06,-0.12121843698066202,-0.07686594367214107,0.16578701459988107,-0.22362959590280662,0.26048325266114153,0.3679490115199498,0.8674817872264488,0.4939059314533409,0.3945696919579001,0.4009791262677095,0.19185423854305766,0.07369241216195996,0.11028717558541423,0.44245530323878995,1.2416734715411875
Mbi2.80Zm1.26T00.0500_iTp0.40_ACFep00_aFep06,-0.1286527662512432,-0.08355013895296566,0.12193179978548786,-0.3661231104418832,0.226492550904263,0.32503576637597414,0.8174745442735362,0.4391973583686212,0.35272450503983815,0.3631393765532447,0.17334557273682166,0.06353219958367799,0.10039023538162234,0.3952169560901691,1.2270415358607891
Mbi2.80Zm1.26T00.0600_iTp0.40_ACFep00_aFep06,-0.13061359199449357,-0.08509680059117196,0.11300453898539628,-0.3776186298884592,0.2168123637068138,0.3316658419221586,0.8090519203122906,0.4447786474277993,0.3520894279868329,0.3619427225698563,0.17576507828467466,0.06436047674892284,0.099352373103778,0.39727694290515736,1.2458224663442152
Mbi2.80Zm1.26T00.0700_iTp0.40_ACFep00_aFep06,-0.13319780813407403,-0.08737839589692002,0.11216927901847126,-0.4251557901769633,0.2071926125961265,0.3431828299768423,0.8131945531328776,0.4531879820958184,0.3571720853224486,0.3644123834376511,0.1799966068277149,0.06715289807840365,0.09993791544546435,0.4034660296904365,1.2560912872044834
Mbi2.80Zm1.26T00.0800_iTp0.40_ACFep00_aFep06,-0.13694785966250875,-0.09075581825121976,0.11707167173364239,-0.49312904118683387,0.18666502183606637,0.36052031865717044,0.8032401518823512,0.46991326638960146,0.3712109304368421,0.3763550314176134,0.18478072083969668,0.07261770070347918,0.09962838960978185,0.4184659838070032,1.2571820825654163
Mbi2.80Zm1.26T00.0900_iTp0.40_ACFep00_aFep06,-0.13881455939547904,-0.09235109266743885,0.1198452867292887,-0.5285793675089941,0.17095202582838573,0.3763421086761846,0.8112785182634563,0.497994827005849,0.3879545802680322,0.3891391810270704,0.19578937662007997,0.08014531040169323,0.1035109029386539,0.439732365309542,1.2816853044242489
Mbi2.80Zm1.26T00.1000_iTp0.40_ACFep00_aFep06,-0.14008304817014477,-0.0935751049848085,0.12564826800679751,-0.5636178645842578,0.15443593664528138,0.3894847537837409,0.8196453696264563,0.5254638097641525,0.403452514607881,0.40064628856467926,0.2008610453712293,0.085659379597155,0.10761876418889875,0.45998566903874616,1.3069632927967128
Mbi2.80Zm1.26T00.1500_iTp0.40_ACFep00_aFep06,-0.14340691704333117,-0.09714612779534451,0.1352604351260895,-0.6121971264021089,0.11865156677476421,0.41830922400331805,0.797206210420225,0.6001056913012429,0.42457554019650656,0.4219741344176296,0.2077212231360859,0.10071363086931778,0.1109368401950915,0.5043342987577809,1.417768405793259
Mbi2.80Zm1.26T00.2000_iTp0.40_ACFep00_aFep06,-0.14370365100423588,-0.09740178137176356,0.14358222538272156,-0.6069401712102127,0.1107786003889329,0.4354969717553306,0.8175737899471928,0.6696463878693037,0.4431260546926404,0.437395602855619,0.21852887072595376,0.10874616666883515,0.11353052783477069,0.5437492956419497,1.5210219581285016
Mbi2.80Zm1.26T00.2500_iTp0.40_ACFep00_aFep06,-0.14836106317359266,-0.10231567131957954,0.15072560135735208,-0.6396343181378725,0.10595345129158852,0.46944107602600943,0.8315026695312401,0.6941139488773583,0.4689738724734529,0.4569806365303222,0.2188144241402971,0.10218387982870637,0.10846490132541572,0.5684983713978166,1.4992398484546468
Mbi2.80Zm1.26T00.3000_iTp0.40_ACFep00_aFep06,-0.15190808833248298,-0.10603351630088004,0.15769776167994523,-0.677011044083849,0.10055923677124239,0.5077005218810969,0.8667777701311278,0.716236729143559,0.49470086184015144,0.4797074954487954,0.22884055692591113,0.10116619581963095,0.10352003307082519,0.5927192111548696,1.4700956201490567
Mbi2.80Zm1.26T00.3500_iTp0.40_ACFep00_aFep06,-0.15757870646038297,-0.11142195345913689,0.16132173701947572,-0.725534903431024,0.08921445249881843,0.5315953578585909,0.8789885265694122,0.7449326139135708,0.5099576807598267,0.4931220914292391,0.2323974170560861,0.10300209294338634,0.10223629211771763,0.6134920715339467,1.485290870312081
Mbi2.80Zm1.26T00.4000_iTp0.40_ACFep00_aFep06,-0.16061883453902065,-0.1141067823504218,0.16667894774828448,-0.7544884349305615,0.07788946876539138,0.5446668691381918,0.8837943957396491,0.7662935069996099,0.5215518743474946,0.4990078159014084,0.23567418779843374,0.10558453963774916,0.10373645279820054,0.6283507877814255,1.5017122747866312
Mbi2.80Zm1.26T00.4500_iTp0.40_ACFep00_aFep06,-0.16504234609469617,-0.1181892451770801,0.16947482122777752,-0.802868715745895,0.06812080338954149,0.552791638696494,0.8868127136973831,0.7910352247854084,0.5296186765716717,0.5068655138131274,0.23896238318831703,0.1032304397309192,0.1035118842228983,0.643356381775749,1.5263816508223502
Mbi2.80Zm1.26T00.5000_iTp0.40_ACFep00_aFep06,-0.16827790986537697,-0.12126492661189656,0.17372661104689346,-0.822489984326045,0.0556161711309468,0.5600904158096595,0.8968428390740038,0.811932201225921,0.5358020604034381,0.5107446046490731,0.24206007070151098,0.09960657225285674,0.10110235197854726,0.655239161578865,1.5516407023955912
Mbi2.80Zm1.26T00.6000_iTp0.40_ACFep00_aFep06,-0.16919147566827067,-0.12290364331568798,0.18657118144129686,-0.8365450870516282,0.04992700741770324,0.5846059370898807,0.9232267827207674,0.8484065383309557,0.5603850057834824,0.5263559548767662,0.2507214810106212,0.0961451734008479,0.09824684381640433,0.6836304348770975,1.561377677005028
Mbi2.80Zm1.26T00.7000_iTp0.40_ACFep00_aFep06,-0.16656134097789513,-0.12126067408921717,0.19456224176593684,-0.7918855975408383,0.05232350753518662,0.6233089648808402,0.9791016462186918,0.8807345485387578,0.5950685901598173,0.5505714529265779,0.2633608847855519,0.09352254424565885,0.1012214720405998,0.7163268943741636,1.537541488452215
Mbi2.80Zm1.26T00.8000_iTp0.40_ACFep00_aFep06,-0.16541719374496922,-0.1209666826848965,0.20810001392655983,-0.7623802811157895,0.04865541678239385,0.6535059121910185,1.0095546563569402,0.9257173841476144,0.617242271357942,0.5669022146566853,0.26641119877956565,0.09035434461735936,0.0979163575821161,0.7472240055410115,1.5635209977850277
Mbi2.80Zm1.26T00.9000_iTp0.40_ACFep00_aFep06,-0.16022991885000035,-0.11724941126040624,0.22041635962816786,-0.6942895740407666,0.051081781874071294,0.7034435239064585,1.055410868421333,0.9435290479197237,0.6438553183549423,0.5875326427992786,0.2722025069521862,0.09894895832860998,0.09530194585883207,0.7698158305733637,1.5324643048082467
Mbi2.80Zm1.26T01.0000_iTp0.40_ACFep00_aFep06,-0.1551073601009362,-0.11356872198594656,0.24043949046096386,-0.6252838966387315,0.05113545435429245,0.7671316031867725,1.1425550626342438,0.9923520602647573,0.6865390905473513,0.6245105358030307,0.2851495861058223,0.11407601166470945,0.09363431488497169,0.8148946649783276,1.5138283712832519
Mbi2.80Zm1.26T01.2500_iTp0.40_ACFep00_aFep06,-0.144385233903801,-0.1055908924013495,0.2643861367818887,-0.5259857821928323,0.08512945704236669,0.8269741896056093,1.1853637877130256,1.0298169050034907,0.72325352970154,0.6506496623979218,0.29715944177889064,0.12796350798084974,0.09138252194641994,0.8508134215637875,1.4991113070053026
Mbi2.80Zm1.26T01.5000_iTp0.40_ACFep00_aFep06,-0.12445502104336717,-0.08932131508766752,0.28564061997583784,-0.3271583630405931,0.14822920303910986,0.9060506213852753,1.2901200473058039,1.0628081000601,0.758396635444878,0.6789743841609813,0.32008407089145036,0.1525097353213465,0.10126939016446261,0.884531014635481,1.4788222185689148
Mbi2.80Zm1.26T01.7500_iTp0.40_ACFep00_aFep06,-0.12396242023185147,-0.08912304312109351,0.287323352564982,-0.3160900629826213,0.15083549425794873,0.8866852068708937,1.2451410791447546,1.0560105480115942,0.7421886736176497,0.6719604352499865,0.31398319204804037,0.1567160874611051,0.10159019010733057,0.8734951488241395,1.4934925056908357
Mbi2.80Zm1.26T02.0000_iTp0.40_ACFep00_aFep06,-0.12022739538815282,-0.08598706625114742,0.29563755091333077,-0.2764219929289619,0.15572993104865243,0.9009022583390784,1.2541686335946618,1.0666043767445692,0.7464347021071659,0.6778139381909414,0.3180852081790778,0.1601730077928689,0.10291064743431758,0.8807139048666847,1.4977783324705436
Mbi2.80Zm1.26T02.2500_iTp0.40_ACFep00_aFep06,-0.11692121645405645,-0.08320116161201827,0.3014015731292831,-0.2346456739874886,0.15862516045757336,0.9169396242093337,1.268464955100974,1.0708359432914514,0.7547293034941785,0.6857684494350651,0.32449149696398744,0.1643338805247149,0.10521677791087773,0.8874201104882894,1.486758227999888
Mbi2.80Zm1.26T02.5000_iTp0.40_ACFep00_aFep06,-0.11680742850399387,-0.0830562351397898,0.30708319604304124,-0.232234374255825,0.15509975005814414,0.9201994781510275,1.2542060902098862,1.0858452590508207,0.7608269311507048,0.6911375494134692,0.32862815503628096,0.16505924991173943,0.10544851829838929,0.8971912774953963,1.495691215020502
Mbi2.80Zm1.26T02.7500_iTp0.40_ACFep00_aFep06,-0.11419044815599741,-0.08042614182687952,0.31256193817487843,-0.192945151326333,0.15437523143844978,0.9330737445465005,1.2558778111385263,1.0982539423039985,0.773151715385061,0.6986985678117098,0.33632623536049505,0.17023389520091253,0.10812747524390046,0.9089674085607896,1.4923446424437363
Mbi2.80Zm1.26T03.0000_iTp0.40_ACFep00_aFep06,-0.11231226402335068,-0.07916714605149128,0.3231039916785362,-0.1651920487222822,0.15785671678902186,0.9543400096171188,1.2746597252135985,1.1144683726620628,0.785835358013755,0.7119307973502454,0.34279893155333624,0.17404027519171084,0.10910449403914556,0.9234319952755096,1.488174063315264
Mbi2.80Zm1.26T03.2500_iTp0.40_ACFep00_aFep06,-0.11106162351253972,-0.07810037938375201,0.330692145854686,-0.14222216560463075,0.15691330411512192,0.9655711264588254,1.2725900467274307,1.132973332179722,0.795357215854841,0.718691619490875,0.348316132911269,0.1758487362648949,0.10955575637425727,0.9363747614021629,1.496613987250973
Mbi2.80Zm1.26T03.5000_iTp0.40_ACFep00_aFep06,-0.1089532899359087,-0.0762818262348562,0.3405028250926792,-0.10682840824255946,0.15901048651972965,0.9876400042442997,1.2930900755897323,1.1537604133072947,0.8098707678868577,0.7309422350949499,0.35578828764104714,0.17992842614173385,0.11244681133417544,0.953361809194302,1.4975995283976937
Mbi2.80Zm1.26T03.7500_iTp0.40_ACFep00_aFep06,-0.10628137155772227,-0.07394132465995033,0.34912098570086936,-0.06111186277053693,0.16098599546199288,1.0092171157554009,1.3129073532150888,1.1731206131951284,0.8232483689990915,0.7413116081035572,0.36209579558087945,0.18360659027125845,0.11533487976489801,0.9689455890607614,1.4996173114022608
Mbi2.80Zm1.26T04.0000_iTp0.40_ACFep00_aFep06,-0.10375329840951336,-0.07177207930459861,0.35748953884557355,-0.017678404126662474,0.16297753619568156,1.0315653992690887,1.330836890314341,1.1906673069835578,0.8372082385312251,0.7524487520853866,0.3690910873596168,0.18770570680164006,0.11815766284993391,0.9841640010208891,1.4980178919248615
Mbi2.80Zm1.26T04.5000_iTp0.40_ACFep00_aFep06,-0.1012797481075896,-0.06948981497109313,0.37428230227101894,0.04738081272567695,0.16045096620339755,1.0723476261157572,1.3599182933155594,1.2327612202503608,0.8631873908760546,0.7717800658340651,0.3792420508197884,0.19275480283785454,0.12301748436284089,1.0161459480432358,1.507994810772469
Mbi2.80Zm1.26T05.0000_iTp0.40_ACFep00_aFep06,-0.09928620121701927,-0.06762987503808662,0.38840653038598,0.08118507878731668,0.15498995768081608,1.1038015379777033,1.375011754172362,1.2579343873899436,0.8802480097078274,0.7865058057511051,0.38760885672579226,0.19673778935193378,0.12398789922026325,1.0364729659325929,1.5094423372219221
Mbi2.80Zm1.26T05.5000_iTp0.40_ACFep00_aFep06,-0.09742467452079681,-0.0659390862852848,0.4003132904564226,0.11874239317654924,0.15445423325013818,1.1320976054499807,1.397068421444385,1.2821512153180417,0.8971511218440721,0.8001413751623662,0.39634866926180706,0.2008131008014081,0.12650933914740672,1.0561518238902685,1.5108193992248329
Mbi2.80Zm1.26T06.0000_iTp0.40_ACFep00_aFep06,-0.09272396253882395,-0.061997641472442674,0.41127592643864896,0.17349356096876264,0.1614055608658614,1.1490827381063118,1.4085306007443927,1.3073097357874504,0.9099244106815485,0.8104556461711391,0.40478384415665614,0.20407313838721736,0.12795734135031814,1.073844879544671,1.5197917815660804
Mbi2.80Zm1.26T06.5000_iTp0.40_ACFep00_aFep06,-0.08720696793196653,-0.057490244298850676,0.41961492408360773,0.21743707732991358,0.17339753715407835,1.1579440441008324,1.419942159529204,1.3242161897455171,0.9192723211250426,0.8184609649917471,0.41310251781840535,0.2046846253965052,0.12673816891519257,1.0862487753945622,1.5240729982270929
Mbi2.80Zm1.26T07.0000_iTp0.40_ACFep00_aFep06,-0.08273431998144393,-0.05376219880095318,0.4266020334405088,0.26097017199986106,0.1808233026335747,1.1699448797242513,1.4272740213123458,1.335314988301488,0.9280555431492401,0.8262464330878818,0.4206049558791726,0.2068750324774514,0.1282444484285022,1.095984147774273,1.5223319660913373
Mbi2.80Zm1.26T07.5000_iTp0.40_ACFep00_aFep06,-0.07961415778694851,-0.05117255294998184,0.4335053120516048,0.29442806276689426,0.18778288493080136,1.1796386501579752,1.4346954795056048,1.3516692123669052,0.9366709224691055,0.8336776552183985,0.4270503243373741,0.2097401093895593,0.12987242671100502,1.1077407892021123,1.527009120579526
Mbi2.80Zm1.26T08.0000_iTp0.40_ACFep00_aFep06,-0.0778933902529052,-0.04982572131439856,0.4364000996213554,0.31935130117670196,0.19277168168818692,1.1819515074144609,1.4324307275952848,1.3591358443253276,0.9400974749043285,0.836988320468162,0.4318202131799764,0.21152258772118163,0.1318368548370123,1.1128706833922652,1.529623215563931
Mbi2.80Zm1.26T08.5000_iTp0.40_ACFep00_aFep06,-0.07678341383236567,-0.0488278793051192,0.44465774665501623,0.3443805857326464,0.19469845470039654,1.2084771764451196,1.4615436744116712,1.3758527012277546,0.9548906682149192,0.8467675953353508,0.43905685157484076,0.21494699563919953,0.13469332665233041,1.1278899357262127,1.5273181702245338
Mbi2.80Zm1.26T09.0000_iTp0.40_ACFep00_aFep06,-0.08008363950750456,-0.05146911677535908,0.44892184342767716,0.3434808839385987,0.19271805148469334,1.220374028117553,1.4674336779319728,1.396681730548733,0.9650942664884683,0.8503857606243804,0.4448678010709912,0.21629888986648732,0.13972862232424493,1.1415210788275783,1.538636294192529
Mbi2.80Zm1.26T09.5000_iTp0.40_ACFep00_aFep06,-0.08248538854433414,-0.05328467436030067,0.44866517646113036,0.3230672932896761,0.19375354435846065,1.2192566163803278,1.465009794573984,1.404897867319827,0.968411327868349,0.853170364602421,0.44778067765075,0.21881088734340176,0.1401454976333066,1.1468158133828437,1.542503279569352
Mbi2.80Zm1.26T10.0000_iTp0.40_ACFep00_aFep06,-0.0861867274142341,-0.056143068377807706,0.4413665227462546,0.2817856568919307,0.18920014814270406,1.1954534815043683,1.4348946109349405,1.4000808016092816,0.9594378670854654,0.8490130206571701,0.4477334532439077,0.2186644572297221,0.1406316498239949,1.1401760828670031,1.5483758072710572
Mbi2.80Zm1.26T10.5000_iTp0.40_ACFep00_aFep06,-0.08646183306520318,-0.05587760301963735,0.44290669613214184,0.2919852123098102,0.18596017108142407,1.198607007581116,1.435720781723134,1.4022912775207577,0.9641768144250433,0.8532027733367156,0.45078271692632743,0.22152368355395063,0.14461573646409098,1.1438897309173461,1.5432013069408201
Mbi2.80Zm1.26T11.0000_iTp0.40_ACFep00_aFep06,-0.08828847522820107,-0.05719763690251304,0.44227537729517724,0.2591048642400837,0.18451697301117007,1.1944144815370843,1.4244333524804247,1.4016326112847943,0.9642996165554093,0.8520040753205429,0.4518645671792541,0.2230192101533391,0.1442372970592918,1.143469546449934,1.5433901473130094
Mbi2.80Zm1.26T11.5000_iTp0.40_ACFep00_aFep06,-0.09092251553924409,-0.059152591617069344,0.4432244424224666,0.23497130730309143,0.1835091419514252,1.1918449643121636,1.4265968394757096,1.4133248213965206,0.9679338629758663,0.8546796518182851,0.45497692496168957,0.2248528560853758,0.14489632279079054,1.1502985514387718,1.550877144193835
Mbi2.80Zm1.26T12.0000_iTp0.40_ACFep00_aFep06,-0.09342119284761202,-0.061032736639920246,0.44085840264737175,0.21020866015558154,0.18068533797288003,1.1665732293734672,1.40676183747895,1.4132322601537968,0.9634689648564844,0.8523506711383344,0.45681697765751755,0.22428166733163502,0.14594465413388225,1.1478829882557555,1.5565777923527524
Mbi2.80Zm1.26T12.5000_iTp0.40_ACFep00_aFep06,-0.09153973172675045,-0.05927970035619452,0.4404463026908756,0.24208807965622103,0.18311649918490885,1.1945795867720161,1.4288300230160855,1.421367879116332,0.9772550464479965,0.8629662959225586,0.468043326487504,0.22660292278629238,0.1519391262392515,1.1591177473501069,1.544779257135818
Mbi2.80Zm1.26T13.0000_iTp0.40_ACFep00_aFep06,-0.0894833773725355,-0.05778994149663412,0.4514978834862332,0.3032219541598749,0.18277355560482525,1.2269579947140854,1.45778487225279,1.437895529984164,0.9954861267985503,0.8820062299918282,0.4738173828091215,0.2280197362874627,0.15371351498835456,1.1771647402567231,1.5317191836053952
Mbi2.80Zm1.26T13.5000_iTp0.40_ACFep00_aFep06,-0.08452892723646349,-0.053373759067837055,0.45689328146565095,0.3514939205631191,0.19451419818251522,1.2327679918750518,1.4707030082359918,1.4464007219783073,0.9991421288753338,0.8860486755347836,0.48126690567479413,0.2303163037188837,0.15506178890301398,1.18294460134304,1.534487351195086
Mbi2.80Zm1.26T14.0000_iTp0.40_ACFep00_aFep06,-0.08133974784050686,-0.05066264116524114,0.4605154697638452,0.36984301128585173,0.20184362729874125,1.2378657868098593,1.4838350165616123,1.4536399503578799,1.0020215988474759,0.8877892592968238,0.4854407469775567,0.23217006881014252,0.15454848974988117,1.1874695252240957,1.5383972889067659
Mbi2.80Zm0.96T00.0300_iTp0.40_ACFep00_aFep06,-0.1274993391620598,-0.08161271031391584,0.19257111746351874,-0.33199467105836733,0.24712529550296414,0.40343821832680243,0.9289269642665917,0.5206809526447758,0.4406519390113136,0.4389471807561754,0.20107282543205268,0.10713927828837733,0.11395202492866548,0.4787384813721688,1.18390512437623
Mbi2.80Zm0.96T00.0400_iTp0.40_ACFep00_aFep06,-0.13854756382744354,-0.09089458376216597,0.13098012503361384,-0.4905930786444552,0.2081247092029676,0.3559328719214708,0.8561068800698416,0.4736533613056043,0.38355642817648034,0.3896410486457444,0.17369014509333752,0.09672869963008622,0.09690362679734017,0.42717648778774275,1.2251808250908396
Mbi2.80Zm0.96T00.0500_iTp0.40_ACFep00_aFep06,-0.1391622473694072,-0.09147986930488702,0.12761474012258742,-0.4773238444183967,0.2028597550319295,0.37135582773016224,0.8508369477882141,0.49399951177081464,0.3948383654621886,0.39625389693733043,0.17684035927963224,0.10094722602977806,0.09111270061116111,0.4418662194452527,1.2489049261395355
Mbi2.80Zm0.96T00.0600_iTp0.40_ACFep00_aFep06,-0.1422378723713542,-0.09455295000820776,0.12727213882364552,-0.5261693928453675,0.18866852605197426,0.38495908632578263,0.8520592303770749,0.5045413449924534,0.3968834009347756,0.4020000473743465,0.1773089992672882,0.10573372169880157,0.08869005326847783,0.4482933432722629,1.263116280754949
Mbi2.80Zm0.96T00.0700_iTp0.40_ACFep00_aFep06,-0.1454330638414472,-0.09785675583537602,0.12569028166537327,-0.6015948061381409,0.17108460762477978,0.38934710609122797,0.8263502865082603,0.517383098411345,0.39409651456994965,0.4041895127953452,0.17675566662819822,0.10875577673698604,0.08456465960400453,0.45316776237466916,1.2962348849295118
Mbi2.80Zm0.96T00.0800_iTp0.40_ACFep00_aFep06,-0.1456273153358645,-0.09816313625157036,0.13054618593338851,-0.5947223828940204,0.16228699337615662,0.4114601784201374,0.8597317156924111,0.5492710774310973,0.41525205311903357,0.41653126003439267,0.18513051775545694,0.10992088546617582,0.08646870509007575,0.4777893671934848,1.3207071330842668
Mbi2.80Zm0.96T00.0900_iTp0.40_ACFep00_aFep06,-0.1459835066061787,-0.09865138071524863,0.1339702546270135,-0.5886910014540865,0.15400278204581722,0.43251945980137685,0.8827356917663005,0.5664424428778857,0.43377064562378265,0.43244638837040755,0.1960692867378174,0.11460771943304952,0.09015359696639266,0.4954756016314476,1.3078533915824262
Mbi2.80Zm0.96T00.1000_iTp0.40_ACFep00_aFep06,-0.14695844289978605,-0.09942329194596312,0.13932329292320708,-0.5928524984514063,0.15051921334597393,0.4537658109285399,0.901542922938028,0.5807393359157677,0.4507624670854826,0.44229173084510187,0.2034735578156543,0.11945476156096788,0.09235935466188658,0.5102921659834379,1.3005690746686518
Mbi2.80Zm0.96T00.1500_iTp0.40_ACFep00_aFep06,-0.150624395051587,-0.1036092329080211,0.15473855881424464,-0.6297697239151561,0.12169853962494828,0.5226198958765,0.9730610816251113,0.6372964227892841,0.5066021056034813,0.47997297349452894,0.21809457706716,0.1313506982259067,0.09507585108686435,0.5640070278824658,1.2919369975814534
Mbi2.80Zm0.96T00.2000_iTp0.40_ACFep00_aFep06,-0.15632175753587957,-0.1089289336132933,0.16777005020228553,-0.6529065496369941,0.10342325876814246,0.5763571553080524,1.0230964717769413,0.71042566856646,0.558959306990297,0.5161443984063507,0.23593833599835976,0.13865729202139296,0.10762615395060589,0.6233637241246281,1.3215946796581008
Mbi2.80Zm0.96T00.2500_iTp0.40_ACFep00_aFep06,-0.16246042074538125,-0.1145775731364975,0.1702136677117879,-0.708212866873168,0.08840553319273486,0.5831442071743838,1.004930480351801,0.73116859165178,0.5553329753254815,0.517224393519267,0.24087803797207688,0.1305145404269186,0.1043303511726225,0.6310627274697643,1.363411623266962
Mbi2.80Zm0.96T00.3000_iTp0.40_ACFep00_aFep06,-0.17079823391809357,-0.12205137938964361,0.17005651581687983,-0.8151803422145972,0.06920812973423424,0.5838183010947576,0.984988194861563,0.7520783475360046,0.5553375948419841,0.5172584168747381,0.23684875129981392,0.12755412357920948,0.099143911665903,0.6400301505287549,1.4023515644669993
Mbi2.80Zm0.96T00.3500_iTp0.40_ACFep00_aFep06,-0.17476626658867417,-0.12572009722000943,0.1737004281974946,-0.8556476293586537,0.05710740416320829,0.5884424237162635,0.9801030133942156,0.7741275195497967,0.554607262489329,0.5171666234110964,0.236263479956492,0.1267144602638544,0.09506713354579094,0.6490156179156013,1.4445724601685586
Mbi2.80Zm0.96T00.4000_iTp0.40_ACFep00_aFep06,-0.17894037396520796,-0.12962449285961342,0.17925660483518238,-0.9081379745417093,0.03623144505918486,0.5941965764665957,0.9653780542920066,0.7999825487467959,0.5488181346547875,0.517480880782984,0.2310510258371756,0.12480738425839899,0.08860021332455484,0.6572864964512307,1.5004844554195922
Mbi2.80Zm0.96T00.4500_iTp0.40_ACFep00_aFep06,-0.18354688820936155,-0.13380333550606505,0.18907690403096838,-0.9559020443401356,0.01676042001296179,0.6004766957086305,0.9544640996410455,0.8281566296204749,0.5529744248199652,0.5183999042054427,0.23070135641632716,0.12495605890654027,0.08610826554833284,0.6707698284475982,1.5459706419768715
Mbi2.80Zm0.96T00.5000_iTp0.40_ACFep00_aFep06,-0.18206030990579367,-0.13262717064550653,0.19616138550454007,-0.9588350769576761,0.02599107511969251,0.6149085009616542,0.9970023193568701,0.8559358203509152,0.5692384643211192,0.5265399899006098,0.23572384945348088,0.12092173590306872,0.08759057853807752,0.6906506996227211,1.5622424716478647
Mbi2.80Zm0.96T00.6000_iTp0.40_ACFep00_aFep06,-0.1852650954108196,-0.136152201888302,0.21033355357207054,-1.024318535047679,0.027422376358839904,0.6411453321568332,1.0340115819445659,0.8942153124656993,0.5922245648166921,0.5389137242891654,0.24152850760007333,0.11593241952174217,0.08731076325289638,0.7184902857379384,1.5810892816165898
Mbi2.80Zm0.96T00.7000_iTp0.40_ACFep00_aFep06,-0.18388514490826868,-0.1352502013319552,0.223141033317948,-0.9729666117807783,0.014689721741139042,0.6827762834105559,1.0739484894039673,0.9355594253604729,0.631730184828158,0.5688616643551245,0.24816061645544854,0.11943618057557595,0.08513697991968205,0.7579922838474893,1.5584970462641383
Mbi2.80Zm0.96T00.8000_iTp0.40_ACFep00_aFep06,-0.18439477028458703,-0.1359942781107563,0.2346300795971525,-0.9580400121671234,-0.0016185098087906843,0.7139809146175109,1.0863308315690074,0.9762550449553568,0.6565807100563942,0.5897815242237305,0.2559659776381472,0.11929007862927866,0.0809191301462434,0.7891328017551111,1.5665671152483585
Mbi2.80Zm0.96T00.9000_iTp0.40_ACFep00_aFep06,-0.1828071704939331,-0.1355492334963723,0.24726286493315222,-0.9202709967672984,0.014016587110033578,0.7555582871739782,1.1275931989744008,1.0086822118390153,0.6852210025000973,0.6085475038308481,0.2580578440529216,0.12148102874774254,0.08017083725617767,0.8182391227610349,1.559293191792991
Mbi2.80Zm0.96T01.0000_iTp0.40_ACFep00_aFep06,-0.17587114130253884,-0.1305184022754098,0.2599690923137418,-0.8371826542855736,0.04439615280381179,0.8285756602248685,1.2183620382500413,1.0367020041291146,0.7314124266402189,0.6382099708873645,0.278932874147498,0.14397051999224583,0.09237737746650806,0.8551036429554062,1.5138508336320282
Mbi2.80Zm0.96T01.2500_iTp0.40_ACFep00_aFep06,-0.1588916965499026,-0.1172807638683842,0.3076329633527315,-0.7592569139177018,0.12288631416465395,0.8681967489947006,1.3442734695319398,1.1433377715725128,0.7424538413234254,0.6563977595212867,0.29754232834533917,0.1605638972476275,0.09161611126770315,0.906270375313438,1.6346805778141094
Mbi2.80Zm0.96T01.5000_iTp0.40_ACFep00_aFep06,-0.14489219167469672,-0.105617459172003,0.3395353319354378,-0.5364607882935357,0.14522845897891742,0.9775152124773431,1.4281985580585759,1.1983314056092957,0.8140408096992348,0.7113983254391437,0.331540104116123,0.2017428770456133,0.1030615460831522,0.9700777021596767,1.5711297527457109
Mbi2.80Zm0.96T01.7500_iTp0.40_ACFep00_aFep06,-0.1428836788339226,-0.10387240408069716,0.35239396825999963,-0.5042771651980484,0.14184723760893925,0.9930701797659123,1.4135152367499821,1.2169262549541813,0.8294695698183745,0.7287201157418034,0.342180572922058,0.21414903777437316,0.1048593278196461,0.9874583502927442,1.5619744710563777
Mbi2.80Zm0.96T02.0000_iTp0.40_ACFep00_aFep06,-0.1340129610601356,-0.09634150185166156,0.36858971821119746,-0.37834951570003794,0.1519534410481505,1.0372789328447969,1.4537649112332849,1.2535253952668706,0.8583478068511577,0.7496178825797061,0.3552473862145266,0.22198130938517577,0.11011606755617856,1.0187236975233425,1.5591444562608214
Mbi2.80Zm0.96T02.2500_iTp0.40_ACFep00_aFep06,-0.12498594957999716,-0.08868360956200852,0.3863582585253611,-0.24846557131690133,0.16459573887968237,1.0865236868471286,1.5087124665640959,1.291231311484156,0.8886866704911677,0.7726656125435153,0.369415614654104,0.23088449488325558,0.11634589843874962,1.0514529226974505,1.5544340892294664
Mbi2.80Zm0.96T02.5000_iTp0.40_ACFep00_aFep06,-0.12052644088121901,-0.08489689907632039,0.4008728028905109,-0.17970955407082642,0.17083016388193972,1.116682808549562,1.5384191047095126,1.3262036133092407,0.9083987704813281,0.7876426210065809,0.3803511658708469,0.23814167232342898,0.11924387080177609,1.0769774853934726,1.5638811882365493
Mbi2.80Zm0.96T02.7500_iTp0.40_ACFep00_aFep06,-0.1185916422801969,-0.08329872466327345,0.4072061343074561,-0.14768425238291416,0.17308530712357229,1.126024648467044,1.534858819699417,1.3498860313689012,0.9168644825235763,0.7940825965971615,0.38503814622946075,0.23797735158750077,0.12040936093355381,1.091446252848044,1.5779401336745174
Mbi2.80Zm0.96T03.0000_iTp0.40_ACFep00_aFep06,-0.11438723444001729,-0.07977180643622539,0.41752344657123935,-0.07219354244242517,0.18302029621280547,1.1558025754178034,1.5596542484830802,1.3797649931513345,0.9389913645862055,0.8086811031391691,0.395741753444471,0.2443072579173984,0.12411059636911895,1.1159050601952671,1.578974342883735
Mbi2.80Zm0.96T03.2500_iTp0.40_ACFep00_aFep06,-0.10986976127144057,-0.07601749840624351,0.4311487080654861,-0.008946638636298238,0.18948222661659067,1.182996882211315,1.586125676695966,1.4075809622209656,0.9545869560230008,0.8199308595856882,0.40415624850098664,0.24857600452684894,0.12531254103343992,1.1360402307579762,1.5864376788329309
Mbi2.80Zm0.96T03.5000_iTp0.40_ACFep00_aFep06,-0.10553635413678263,-0.07236632522907369,0.4424581638803787,0.049161874978041184,0.19433462109968158,1.201150574277983,1.5973377423472936,1.436792003045477,0.9678962964160988,0.829055221102601,0.4110974264189724,0.2510052706213051,0.1261342896819552,1.1553396251279007,1.5991438712041102
Mbi2.80Zm0.96T03.7500_iTp0.40_ACFep00_aFep06,-0.10204021991292515,-0.0693514100144206,0.45152387361512725,0.09459292612043152,0.19918857781532345,1.2217853874344329,1.6167866097858492,1.454974856423402,0.9801274963827378,0.8383833782610834,0.41750123632241165,0.2538372249303985,0.12842710940537688,1.1697501047277088,1.600182739306827
Mbi2.80Zm0.96T04.0000_iTp0.40_ACFep00_aFep06,-0.09856663132017243,-0.06640701876813888,0.4615417568107869,0.14240145372211846,0.20546419801230353,1.2439362650981574,1.6386194235473477,1.4754013117898643,0.9937974186115301,0.8485814026551878,0.42467536412247664,0.25855800027744585,0.1302582146744533,1.1858581209196422,1.601626435084029
Mbi2.80Zm0.96T04.5000_iTp0.40_ACFep00_aFep06,-0.09274389724168736,-0.061403851475501425,0.4791586856063934,0.22782767126780576,0.21571923047619904,1.2814917907758319,1.6756414449620347,1.5133022109038383,1.01891599918025,0.8672253947885246,0.43915815337417613,0.2652282147068372,0.1339922013631354,1.2155874261956445,1.6046540474037134
Mbi2.80Zm0.96T05.0000_iTp0.40_ACFep00_aFep06,-0.08771790564938126,-0.05706919328048353,0.48853885909743283,0.2925126326857608,0.22284175868571127,1.3026427760043537,1.6897442926197563,1.5354581954712152,1.0316776087670942,0.8768647879331305,0.44592248629104797,0.26763227420750363,0.1364417580587766,1.2318845024602727,1.609037554655266
Mbi2.80Zm0.96T05.5000_iTp0.40_ACFep00_aFep06,-0.08205195143494079,-0.0521804451264514,0.5020215653289674,0.3672990085269414,0.23258207931711794,1.3394169096652722,1.7277327588556728,1.5596731265525725,1.0538607754654281,0.8943441946580136,0.4562753190980701,0.2730311560152758,0.1403436513213382,1.2545979785613868,1.6011386383576969
Mbi2.80Zm0.96T06.0000_iTp0.40_ACFep00_aFep06,-0.07720304923972454,-0.04813041218028004,0.5175162272228409,0.43770139686538617,0.24207111877042284,1.377422294587646,1.7644088955247692,1.5908590799970566,1.0772783207690753,0.9112752815100164,0.4683562247232328,0.2792443306041784,0.1427154913619281,1.280567653203843,1.6000162914127785
Mbi2.80Zm0.96T06.5000_iTp0.40_ACFep00_aFep06,-0.07438341593523802,-0.04581955341970029,0.5262744443809567,0.48421168834767314,0.2501871947298972,1.3915911046548868,1.7730371660973687,1.6132710135511636,1.0907054906962659,0.9200791185390316,0.4760714915049005,0.283845688476715,0.14467091670182564,1.297123321031489,1.6046184222234439
Mbi2.80Zm0.96T07.0000_iTp0.40_ACFep00_aFep06,-0.07095092443602413,-0.04280611127901631,0.535172949901048,0.5356643720061778,0.2552768865784928,1.4116551098216106,1.7941458332171725,1.631202952781364,1.1025678924956248,0.9291756014101288,0.48418704327405004,0.2866603354298372,0.14804984204198574,1.31122742385236,1.6057174123349554
Mbi2.80Zm0.96T07.5000_iTp0.40_ACFep00_aFep06,-0.06860217325616434,-0.040782740845026075,0.5442428951920522,0.5687535538423024,0.25863380855812407,1.427479729950607,1.8084567306953019,1.6491944631075857,1.1129394996806117,0.9373074009419096,0.49048737979201684,0.28761030304421215,0.14884100518640128,1.3245192504858199,1.6087764479554507
Mbi2.80Zm0.96T08.0000_iTp0.40_ACFep00_aFep06,-0.06460803064538506,-0.03719941456290677,0.5524585901516887,0.6212933161402412,0.26110280558084153,1.4522077488535392,1.83151627623056,1.6592274289267006,1.1260087761540833,0.9483358801078596,0.49793140790120854,0.2891051848510972,0.15155515364901165,1.336323583084559,1.599760602865966
Mbi2.80Zm0.96T08.5000_iTp0.40_ACFep00_aFep06,-0.061461256804743354,-0.03435879599682701,0.564508359871098,0.6635349280061733,0.2638737177206762,1.480856456581144,1.8579515793649066,1.6816310490479929,1.140813598194386,0.9598673463937044,0.5061812318238326,0.29136188475886654,0.15478665847792017,1.3539674346281427,1.6010342297628006
Mbi2.80Zm0.96T09.0000_iTp0.40_ACFep00_aFep06,-0.061404699038061644,-0.034454431493934685,0.5663327940162343,0.6832866262255395,0.26706573525186855,1.4697514824436242,1.846242947248008,1.693174170849155,1.1408108050393633,0.9611669089251396,0.5090246491888621,0.29289975458195994,0.15555470607944483,1.3588319379378428,1.6110296123508268
Mbi2.80Zm0.96T09.5000_iTp0.40_ACFep00_aFep06,-0.06225979944822234,-0.03497340276002472,0.5755914140671289,0.692577229888453,0.2644136080722256,1.4776608878180406,1.8543643103585798,1.7161926651547246,1.1446817086117003,0.9592742416715966,0.5116058220357678,0.29649026602268097,0.15827226642128628,1.3694523615315983,1.631396004202122
Mbi2.80Zm0.96T10.0000_iTp0.40_ACFep00_aFep06,-0.0666001249362314,-0.038018280454694325,0.5638361507422771,0.6698253203309481,0.25133023955836636,1.4332785247641764,1.8020859349938032,1.706253997760668,1.1272294910848175,0.9471605158214171,0.508129010133002,0.2883095922141139,0.16073254927636887,1.3554747032168313,1.645065770737482
Mbi2.80Zm0.96T10.5000_iTp0.40_ACFep00_aFep06,-0.07158275783283602,-0.042194672888740396,0.5563957606160992,0.622630596062004,0.24525831488000074,1.4132635377575726,1.78316554518634,1.714203094598743,1.120287969801536,0.9453515430487004,0.5069060782013143,0.28557700605706704,0.16120299518590184,1.3551515290653529,1.6597311233976444
Mbi2.80Zm0.96T11.0000_iTp0.40_ACFep00_aFep06,-0.07465827168870064,-0.04445774542303261,0.5528809181285879,0.6041413048815121,0.241379738956875,1.400229913815556,1.7685131035140362,1.7205713764203958,1.1200015028024908,0.945146212176553,0.509522583191202,0.2853327028647696,0.16269746067675792,1.3574992615140273,1.6662937609166186
Mbi2.80Zm0.96T11.5000_iTp0.40_ACFep00_aFep06,-0.07865508978138293,-0.04780749636262894,0.5433258242376673,0.5518906215829587,0.2353791475193429,1.3789038070107953,1.745736415123872,1.703089255263342,1.1145738745451688,0.9434524566504626,0.5116972531362854,0.28192240372729493,0.1632907575817747,1.3478193411766195,1.6550704230046611
Mbi2.80Zm0.96T12.0000_iTp0.40_ACFep00_aFep06,-0.08264815725911759,-0.05102700473474788,0.5409229766405083,0.5031795447963701,0.2335740234929924,1.3681849890872007,1.7334740500831702,1.7012295974767178,1.1133570842791873,0.9405402805771934,0.5122071899058982,0.2819369885322846,0.16203746713357908,1.3460147574021506,1.6565867667839154
Mbi2.80Zm0.96T12.5000_iTp0.40_ACFep00_aFep06,-0.08554160752866342,-0.05345096964051023,0.5391757358090934,0.47746620863207073,0.23244275133811282,1.3598669773862504,1.7307921706646028,1.7058567537451905,1.1153139038147608,0.944327028409352,0.5167358898526407,0.28325026779420026,0.1628898959323547,1.3494056479906011,1.6564603344750126
Mbi2.80Zm0.96T13.0000_iTp0.40_ACFep00_aFep06,-0.08529669720485789,-0.05304059630235291,0.5435061863475774,0.49375863581078105,0.23552408092089938,1.3646626830716173,1.743118843311261,1.717811843493506,1.1222557097257693,0.9484910872154642,0.5213679104180897,0.2850730332715568,0.16378487398225722,1.3580300328664274,1.6591230236656078
Mbi2.80Zm0.96T13.5000_iTp0.40_ACFep00_aFep06,-0.08313595023320929,-0.051047276271654,0.548944097017562,0.5428016011862677,0.22957320037360485,1.421218630324661,1.7969656237099416,1.7336793002150341,1.153637711468378,0.9730766120910657,0.5365802859743992,0.28889245943277925,0.17150863979489928,1.3828911775711445,1.6303828690196678
Mbi2.80Zm0.96T14.0000_iTp0.40_ACFep00_aFep06,-0.07884826644778989,-0.04715318183460372,0.5614852017442588,0.5872097351168011,0.23801095677596446,1.4255580048068701,1.8047023168687877,1.7541800004863555,1.1571572762101352,0.9763163491371092,0.5406095126894028,0.2899090742156113,0.16994979798558066,1.3932115563810217,1.6444356092762522
Mbi2.80Zm0.66T00.0300_iTp0.40_ACFep00_aFep06,-0.12161625711002846,-0.07523736221639035,0.20714494290558527,-0.09637812982112287,0.30247039356809935,0.584878302708549,1.2205785567299574,0.6589193864023339,0.6141348530589308,0.5829678393598686,0.3073162419148908,0.20569432722093,0.1517472653371769,0.6315972820349658,1.1008569115669733
Mbi2.80Zm0.66T00.0400_iTp0.40_ACFep00_aFep06,-0.12931923948858737,-0.08230823118073811,0.16778866843710827,-0.178573135626285,0.2860029062839299,0.5513846358182781,1.15871110051658,0.6863074169935937,0.5971761319884161,0.5632043079464074,0.2959791139876224,0.20742350194158918,0.1567937200417232,0.6350733630760483,1.1829006994156885
Mbi2.80Zm0.66T00.0500_iTp0.40_ACFep00_aFep06,-0.13304852940008566,-0.0860229600121947,0.17663694575558161,-0.20632238876306447,0.2635651655666599,0.5680471145029233,1.1365315095074122,0.7410743327759806,0.6183933567355919,0.5794303398040864,0.30272763880008674,0.21656552649914315,0.17079655942434732,0.6709624330309413,1.2373679614401119
Mbi2.80Zm0.66T00.0600_iTp0.40_ACFep00_aFep06,-0.13561521447950656,-0.08890632052793493,0.1801308221939829,-0.28202479465229213,0.2356515583361253,0.5865247374597886,1.133984833935387,0.7566240055420665,0.6169056407563064,0.5753462647153956,0.29758733283870964,0.21647246547272553,0.16905665384944496,0.6767282075630651,1.269235137422936
Mbi2.80Zm0.66T00.0700_iTp0.40_ACFep00_aFep06,-0.13794614760387308,-0.09113343791972976,0.1811682640336671,-0.31219699355854325,0.22429173489331944,0.6163852878471315,1.1882088291805735,0.7579833779328803,0.6368726985836469,0.5918471136003067,0.30867372218115524,0.22392057434868534,0.17175563609555863,0.6878829106657037,1.2337774168150246
Mbi2.80Zm0.66T00.0800_iTp0.40_ACFep00_aFep06,-0.1402580332431597,-0.0935982156943711,0.1806344807251246,-0.37731447611229196,0.20833604761189595,0.6293195155140003,1.2030253933246238,0.7660332177600063,0.6359016696797175,0.5903042488952273,0.3055984272797012,0.22101046394379645,0.16654146646980406,0.6908991556612923,1.2494365035364767
Mbi2.80Zm0.66T00.0900_iTp0.40_ACFep00_aFep06,-0.14283147895621903,-0.09612775259249828,0.18001109349602815,-0.4337711226334952,0.195836810082891,0.6356564885079955,1.2036836646327485,0.7813772698888766,0.6362544025290019,0.5903086716946202,0.3064539247579841,0.21672249200040003,0.16443587079800825,0.6979272613106703,1.2740922767195892
Mbi2.80Zm0.66T00.1000_iTp0.40_ACFep00_aFep06,-0.14505873654304013,-0.09817940900037748,0.18287646011614075,-0.45885751588335955,0.18497000481366377,0.6356125246338183,1.198693373503177,0.785742009733375,0.6343079416494213,0.5863681102061452,0.3022956166064948,0.21157403428295654,0.15997437693533664,0.6984663641151171,1.287388260855872
Mbi2.80Zm0.66T00.1500_iTp0.40_ACFep00_aFep06,-0.15637712437793932,-0.1087789705019249,0.1843253482750477,-0.6036214376184179,0.13940620658943056,0.6325897538959743,1.1323661629925885,0.7902305232336014,0.6100977320720671,0.5678038015563717,0.28423917477097527,0.1872853672708173,0.13341152180904828,0.6875752341987432,1.3417599021190756
Mbi2.80Zm0.66T00.2000_iTp0.40_ACFep00_aFep06,-0.1627063619093021,-0.11440329624837216,0.17819636559155627,-0.6386170577866473,0.10429344523611399,0.6371440715291348,1.0789962704657974,0.7961469317748311,0.591162086393858,0.5513183423758279,0.2716282497239257,0.1618622676764919,0.11997989353614591,0.679536509975713,1.3937165341767572
Mbi2.80Zm0.66T00.2500_iTp0.40_ACFep00_aFep06,-0.16649382790853998,-0.11790258000926038,0.1793924976652277,-0.6776327639091623,0.0850183395205427,0.6549000845356999,1.0710610774765936,0.8111421397119669,0.596705193314239,0.5495139798821502,0.26830201237956647,0.15874944640032002,0.1148053390672802,0.6879641475885646,1.4153351447611646
Mbi2.80Zm0.66T00.3000_iTp0.40_ACFep00_aFep06,-0.16908934744019294,-0.12039081014867518,0.1821608925154148,-0.7041589914980512,0.07338825291179982,0.670004628308767,1.087693859967028,0.8311845450533295,0.6049872965379594,0.5507651341928346,0.2715122113700172,0.1614397029478967,0.11414861418788051,0.7001691769141,1.4383435811210248
Mbi2.80Zm0.66T00.3500_iTp0.40_ACFep00_aFep06,-0.1734203305137821,-0.12430517732917325,0.19084126119011216,-0.7516313568645894,0.0571022306035595,0.7032920560058935,1.1305842441055403,0.8664294437774764,0.6344810027491292,0.5701424629335554,0.284154916339449,0.16958749832401154,0.11639202928700047,0.7308382015363332,1.4385066677851128
Mbi2.80Zm0.66T00.4000_iTp0.40_ACFep00_aFep06,-0.1756139224053127,-0.12645226777656093,0.20305499618469577,-0.8172911673895735,0.05622946099758405,0.7130948877807736,1.142855356866056,0.8824466180550622,0.6540870288619045,0.5787712960710488,0.28874980001652584,0.16608724055521273,0.11589376411047467,0.7473871116766299,1.431545864125227
Mbi2.80Zm0.66T00.4500_iTp0.40_ACFep00_aFep06,-0.17834755668881858,-0.1293728818897673,0.2112270094525391,-0.8393843187133792,0.05777187699832036,0.7397678913862861,1.1750539316538262,0.9345123316882649,0.6789399415801036,0.5969191467193165,0.3000679774304505,0.16906377154310553,0.11945694883314688,0.7829533214002472,1.4649146449767694
Mbi2.80Zm0.66T00.5000_iTp0.40_ACFep00_aFep06,-0.17913361254847174,-0.12998075294521938,0.22042905332076954,-0.8190498410250834,0.041699021247771154,0.7690709560406804,1.1961496930618611,0.9756697487477075,0.708231366210078,0.6138806219803973,0.30918070598266423,0.17053594916701773,0.12008490241501135,0.8156129427545565,1.4759260296596657
Mbi2.80Zm0.66T00.6000_iTp0.40_ACFep00_aFep06,-0.17991843705714528,-0.13070263935771903,0.24022122837530505,-0.7629381877132451,0.027584641499726708,0.8209542543892919,1.2307826743134578,1.0484236147685135,0.7554368841982049,0.64411983919601,0.3169691585242111,0.1793895425781855,0.12097820440967812,0.8714010509648877,1.4982223974829247
Mbi2.80Zm0.66T00.7000_iTp0.40_ACFep00_aFep06,-0.18299071638734496,-0.13469333539347889,0.25689845476161294,-0.7917403422933369,0.045549822730259135,0.863948833593826,1.2717976775865605,1.106812399462115,0.789117108228431,0.6625639739463739,0.3221233969836832,0.18626531688946688,0.12676774060949966,0.9133371984732399,1.5248699084842625
Mbi2.80Zm0.66T00.8000_iTp0.40_ACFep00_aFep06,-0.17957798063986347,-0.13273009740083686,0.27216848654282816,-0.8171282295074227,0.07415783955370381,0.8689204336168991,1.2908067912059733,1.162343312801631,0.7927565903973011,0.663163647087268,0.3252148853220212,0.1903633991257657,0.12740285906966842,0.9376985144681467,1.5967129007147278
Mbi2.80Zm0.66T00.9000_iTp0.40_ACFep00_aFep06,-0.17692742157410546,-0.13119449715715262,0.2864566034664413,-0.8233955682714287,0.10814327168567828,0.8919477993228185,1.3368699176026473,1.2172996302766228,0.8016459973184036,0.6745356151138283,0.3346262077918133,0.19972169392574232,0.1343764919250913,0.9656700151682671,1.649254563293114
Mbi2.80Zm0.66T01.0000_iTp0.40_ACFep00_aFep06,-0.16736699178701492,-0.12280032151484273,0.3081634740655504,-0.6997926814526632,0.11656512570952429,0.8939752204918582,1.3377160230118774,1.2600520926231156,0.7918364359962953,0.6867602680338996,0.33752873405716904,0.2151648528274934,0.13623641157279467,0.9801442513738107,1.704389153835668
Mbi2.80Zm0.66T01.2500_iTp0.40_ACFep00_aFep06,-0.14122524408855444,-0.10033898487203909,0.3832296094113681,-0.27145172313332383,0.20048258013445458,1.1546860241053083,1.7083861312336763,1.4515705471335725,0.9761834903944359,0.8210568520436654,0.43392285999387814,0.28288835081907954,0.17823120616136098,1.1635933871627933,1.615332699648173
Mbi2.80Zm0.66T01.5000_iTp0.40_ACFep00_aFep06,-0.1227965715417394,-0.08471169309434519,0.42159810506357553,0.006048340494175422,0.242103237463965,1.2859642029457972,1.8188989302036325,1.5145932532596078,1.059170566382537,0.8868459952256177,0.48009988261433967,0.31828513930338637,0.19370848272524888,1.237389242194029,1.5566088009117187
Mbi2.80Zm0.66T01.7500_iTp0.40_ACFep00_aFep06,-0.10513294598912702,-0.06983290802922006,0.4614235601508516,0.24634153158828037,0.2862454957416148,1.393675769841229,1.9842179725756357,1.641543788327346,1.1261225176588285,0.9341326030355505,0.5207219706660756,0.3295033158328388,0.1982623027309729,1.326776041863293,1.5935344820539386
Mbi2.80Zm0.66T02.0000_iTp0.40_ACFep00_aFep06,-0.10140796333086143,-0.06678006195241534,0.47606632831734214,0.2985470352691303,0.28655563694653263,1.41696978246966,1.9901408158990388,1.6773138734525863,1.1381141930444973,0.943345348418018,0.5261230348846874,0.3286391116490649,0.1966651832088504,1.3481475993779388,1.6116708877022319
Mbi2.80Zm0.66T02.2500_iTp0.40_ACFep00_aFep06,-0.09725698474701895,-0.06323484003930399,0.49698136545563415,0.37352118947318114,0.2962078321313114,1.4680737697863475,2.0496578580906513,1.7285953249051589,1.1670766760856615,0.9625102278740466,0.5417595669481564,0.33403670864662877,0.1996240962677303,1.3850601995597276,1.6234090486667117
Mbi2.80Zm0.66T02.5000_iTp0.40_ACFep00_aFep06,-0.09184806397621169,-0.058563787235471496,0.5183831811841922,0.46920257611307437,0.3099189104183444,1.5163218623710628,2.1087211652540296,1.7735611371889055,1.1923192846526633,0.9822819347311104,0.5566022654377905,0.3411887272835633,0.2032031158410901,1.4178671318747453,1.6311598847456612
Mbi2.80Zm0.66T02.7500_iTp0.40_ACFep00_aFep06,-0.09101915291267038,-0.057719104946124845,0.5306823808975283,0.4887008439565641,0.3128571084945458,1.5433096855735626,2.136845975390182,1.8014327048772154,1.2056173713552303,0.991687783993172,0.5648354421304553,0.341811662682665,0.20396459874072165,1.4366392138833044,1.6396745809223592
Mbi2.80Zm0.66T03.0000_iTp0.40_ACFep00_aFep06,-0.09084317906927229,-0.05762682708302876,0.5388529566959706,0.49122773144675086,0.3098991265724721,1.5519747067934204,2.1333791620045295,1.8232722991004615,1.2111356025839535,0.9942866085451311,0.5675780363189509,0.33975972575530067,0.20278672817876392,1.4482834877013573,1.653445122570904
Mbi2.80Zm0.66T03.2500_iTp0.40_ACFep00_aFep06,-0.08420330729586692,-0.05214035381181842,0.5565310025228838,0.5872983694912823,0.3255897090525097,1.5863461889626682,2.177828097560749,1.8633679470516882,1.2320347611545748,1.011363381976073,0.5803108328222146,0.3445360730963868,0.20446605037023066,1.476685589638804,1.6612012921178316
Mbi2.80Zm0.66T03.5000_iTp0.40_ACFep00_aFep06,-0.08037543491519207,-0.04876216567618579,0.5674502061969147,0.6400295095937578,0.33163919345510207,1.6146778585008759,2.206924197636026,1.8807950260381228,1.247571027394304,1.0231621414513539,0.5886038094356912,0.34610840569563267,0.2053668291894082,1.492731251879589,1.6565530920519713
Mbi2.80Zm0.66T03.7500_iTp0.40_ACFep00_aFep06,-0.07823974885951823,-0.04676006961564014,0.5743282859778058,0.6689959939040593,0.33132153929594604,1.6281740417963566,2.2117860535044245,1.8885419396330714,1.255394078453953,1.0305949306355313,0.5916512280491397,0.34567074240265544,0.2055367027910493,1.5006639979374525,1.652275607733812
Mbi2.80Zm0.66T04.0000_iTp0.40_ACFep00_aFep06,-0.0758732101387228,-0.044572756996683435,0.5813110389627121,0.7028295250033008,0.33018412702336997,1.6450886512945007,2.219675742964158,1.9036424358497708,1.2638083068750023,1.0375966161918813,0.5960583914783751,0.3473216792226408,0.20712578685942257,1.5117088989164498,1.6543307236111677
Mbi2.80Zm0.66T04.5000_iTp0.40_ACFep00_aFep06,-0.06912996023708373,-0.03883888475850981,0.6045374861336388,0.8076707336575544,0.34638894124831365,1.6966314540858096,2.266053372709912,1.9453511893720035,1.290741132446997,1.0601802619235388,0.6128039061483921,0.35452583183073005,0.21182379087358771,1.5444606422121625,1.6549691487178586
Mbi2.80Zm0.66T05.0000_iTp0.40_ACFep00_aFep06,-0.0645157228250409,-0.034996016321500914,0.6197612860850527,0.8795406781915704,0.3549955319430471,1.7227384244082353,2.2887927683101057,1.9832428694843813,1.309389228917908,1.072801720669954,0.6229731344969703,0.3566203292016219,0.21128580967842764,1.570177669814273,1.6650578492269883
Mbi2.80Zm0.66T05.5000_iTp0.40_ACFep00_aFep06,-0.06164112509683892,-0.032605764026008045,0.637363866674222,0.9399485182777689,0.3671171447113157,1.752248260314869,2.3233694168154644,2.0218208103468074,1.3296833617399841,1.088771520639428,0.6359133593472232,0.36400607137301905,0.21545592166438887,1.597497709317576,1.6719938214085073
Mbi2.80Zm0.66T06.0000_iTp0.40_ACFep00_aFep06,-0.05863111605968793,-0.03008121222085769,0.655065023916918,1.0052745597873844,0.3793516316647264,1.786210562726316,2.363968425385734,2.061447594565853,1.3522444108265366,1.1054651502522554,0.6497379859055596,0.3697452133200803,0.21945406324189712,1.6263882329553412,1.6775355617374064
Mbi2.80Zm0.66T06.5000_iTp0.40_ACFep00_aFep06,-0.05613184732696595,-0.027994086370471544,0.6701037000431967,1.06131595972656,0.39067983158293706,1.818163156227774,2.4025117400218488,2.0911242717250462,1.3742571135587134,1.1217517691746133,0.6631645970213222,0.37653573522830913,0.22374984854211244,1.6510290095956828,1.675574382920545
Mbi2.80Zm0.66T07.0000_iTp0.40_ACFep00_aFep06,-0.05275653963027016,-0.02517482810591559,0.6843366899478298,1.1219687301411587,0.40159807567065997,1.8476056870134836,2.4359442796646755,2.114244520382471,1.3916893943519077,1.1319545101125796,0.6744754946438892,0.3795450964803613,0.22608165835264357,1.6699136565917028,1.6755490080373365
Mbi2.80Zm0.66T07.5000_iTp0.40_ACFep00_aFep06,-0.05011489674036821,-0.022952454717322362,0.6994701556029963,1.1732556644250915,0.41043612654987605,1.8765926748762083,2.4670582311510034,2.141058064273956,1.409354729727425,1.1447749364080515,0.6853536073693146,0.3838665049436682,0.22893315060436004,1.6908269318499272,1.6765460991755226
Mbi2.80Zm0.66T08.0000_iTp0.40_ACFep00_aFep06,-0.048561607348348704,-0.021630438531074738,0.7127176706062064,1.2117377321951557,0.41799786263293687,1.900063826303984,2.489685853529798,2.1646800042287118,1.42588378444205,1.158723099346571,0.6951913793424432,0.3888720596180329,0.2322756549122755,1.7101617603349235,1.6750555125471434
Mbi2.80Zm0.66T08.5000_iTp0.40_ACFep00_aFep06,-0.04728086851696092,-0.020550997148065017,0.7252989383770125,1.2387876500614075,0.4227210163893165,1.9176892369090741,2.508321921226122,2.192271672023246,1.436096633547333,1.1677995677780573,0.7012148412579169,0.3900158277770822,0.23321108709990915,1.727316864984923,1.683839525482908
Mbi2.80Zm0.66T09.0000_iTp0.40_ACFep00_aFep06,-0.046254436503288754,-0.019694118881348213,0.7379500930122725,1.2636776329906305,0.4275546296645635,1.9329019801253664,2.526406592946323,2.2195027914857453,1.4474828047186616,1.178010680804191,0.7068449657259788,0.3918078690923171,0.2344534541953336,1.7450575259712995,1.69073189762171
Mbi2.80Zm0.66T09.5000_iTp0.40_ACFep00_aFep06,-0.04515822433046375,-0.018726269190289618,0.7499709735662315,1.2809034191845239,0.43176862581596076,1.9506137985045178,2.5439544671787333,2.235797922144347,1.4587767000419682,1.1855914085203452,0.7130782579943982,0.3929400660010006,0.23485260480397657,1.7579845064237558,1.690988417917279
Mbi2.80Zm0.66T10.0000_iTp0.40_ACFep00_aFep06,-0.04439318184328355,-0.018149766987080655,0.7633102433336421,1.3024901936709536,0.43616507680433014,1.964647149882058,2.5608584105370658,2.264991015914863,1.4680612643216138,1.19326414145617,0.7166119015664503,0.39307441125059067,0.23545246068649478,1.7750689931504113,1.7021526274070267
Mbi2.80Zm0.66T10.5000_iTp0.40_ACFep00_aFep06,-0.04368985273417959,-0.01758936549597625,0.7753284227292067,1.3242979435833333,0.44000363055706654,1.9774286969660795,2.5686342610479094,2.288369071458382,1.47645057706223,1.200756751412847,0.7217635833164343,0.39371749787761895,0.23561184047575864,1.7894174620305412,1.7095195034908446
Mbi2.80Zm0.66T11.0000_iTp0.40_ACFep00_aFep06,-0.047835457878258936,-0.02018257481209153,0.7632537681804831,1.3047893192687974,0.41740214089168476,1.9326713276525884,2.511809528762742,2.266371305445823,1.4559890340046748,1.1802666884613071,0.7121167176578592,0.38362377130151626,0.23400707342834992,1.7677224862215393,1.7193865421567185
Mbi2.80Zm0.66T11.5000_iTp0.40_ACFep00_aFep06,-0.050717154171119334,-0.021916119817408153,0.7502452690708116,1.286610763970886,0.3997434153519279,1.8979774950615296,2.4650426054829295,2.242939637696573,1.4384877505067937,1.1623842027824678,0.7060364749934304,0.3807183465212035,0.23547335207284964,1.747295564118674,1.7247597559426024
Mbi2.80Zm0.66T12.0000_iTp0.40_ACFep00_aFep06,-0.061127367248171756,-0.031145723079709565,0.7325358244938952,1.157306514630976,0.39429867435636495,1.8676614033927779,2.435676825887778,2.2550685892682427,1.433685509642665,1.1697278985047925,0.7078328831267262,0.3734654294312503,0.2312931452061043,1.7511114341203768,1.7323937736595656
Mbi2.80Zm0.66T12.5000_iTp0.40_ACFep00_aFep06,-0.06994785589054339,-0.03854209452452554,0.7186520909301969,1.0640174757169756,0.3832688245521265,1.8286526402574808,2.390344563883419,2.2594630901450246,1.4234535801563042,1.1682325391522508,0.7074380492355489,0.3703270222588164,0.231613779011529,1.7477915547182357,1.7436240239985807
Mbi2.80Zm0.66T13.0000_iTp0.40_ACFep00_aFep06,-0.0753358348456487,-0.042913475103479114,0.7122276127830319,1.0162752162482829,0.380446943368815,1.8190497705213682,2.3837226001639364,2.261714163651482,1.4283883956561083,1.173493934653641,0.7130819230625051,0.37209391509152095,0.23220255379054056,1.7519094468889858,1.7385214829313433
Mbi2.80Zm0.66T13.5000_iTp0.40_ACFep00_aFep06,-0.0791104489099998,-0.045946608540541375,0.7095796311920625,1.0072410109565486,0.378581571432201,1.8188089710065827,2.3892633130468255,2.2655862646886966,1.435670168438537,1.180086591838727,0.7223879048900643,0.37643166538135714,0.23625498226961728,1.7579822396323534,1.7322606590136844
Mbi2.80Zm0.66T14.0000_iTp0.40_ACFep00_aFep06,-0.07933987479022561,-0.0459200326855,0.7101913795743962,1.028288076207738,0.37723691067020143,1.853373179562382,2.4345147538265506,2.283639008609005,1.4572901218618963,1.1966585790620876,0.7368052162780125,0.381226954912566,0.2411215575293205,1.777996577302991,1.7209368122405275
Mbi2.80Zm0.35T00.0300_iTp0.40_ACFep00_aFep06,-0.12781149436414346,-0.0796909610578454,0.18619714595571313,-0.09717218202811162,0.29433505616685074,0.6366962769242521,1.3642737052561362,0.7326770484438994,0.6574043036231303,0.6166280378760236,0.3538087804706627,0.23488470597936856,0.1777138723337679,0.6879678853575572,1.1501702501237265
Mbi2.80Zm0.35T00.0400_iTp0.40_ACFep00_aFep06,-0.13183416534915915,-0.08331037012754217,0.19075941776574337,-0.12158051238111789,0.2717069804786445,0.6640686838065992,1.3274675138728278,0.7693521647261305,0.6821486720000194,0.6389601766114237,0.3571203512580639,0.2468386836543302,0.18876650119508753,0.7179895208086923,1.1647067015481145
Mbi2.80Zm0.35T00.0500_iTp0.40_ACFep00_aFep06,-0.1360122508705483,-0.0873983388991051,0.20546719080395848,-0.18048929837510788,0.250670680266817,0.6839949080497881,1.2939166944802476,0.8145972683747854,0.6819521783169992,0.6319277707318796,0.3488942574114413,0.242849616304513,0.19057134196272066,0.7376357182264214,1.2399873656104954
Mbi2.80Zm0.35T00.0600_iTp0.40_ACFep00_aFep06,-0.13778452182432765,-0.08931457639586553,0.20818856596969568,-0.22356702023721226,0.22244660733880875,0.6765005160401778,1.2609146539346732,0.8100125378391123,0.6647327304445062,0.613770376852743,0.3302506328132859,0.22704442157417737,0.1754075900538002,0.7258673468818417,1.26712642811088
Mbi2.80Zm0.35T00.0700_iTp0.40_ACFep00_aFep06,-0.14119058037091925,-0.09268952229006437,0.2107911581068782,-0.29448797836880636,0.19568478453925514,0.6821626731498455,1.2279511324555572,0.8292072307274876,0.6593727371464595,0.6118926802187477,0.32509396803870505,0.2177740226248985,0.17418797379681053,0.731937712896987,1.3045383275603952
Mbi2.80Zm0.35T00.0800_iTp0.40_ACFep00_aFep06,-0.14121560810821146,-0.09283418310045724,0.210648418952841,-0.29519375481595467,0.17868410996504153,0.6870971510909446,1.2383736357341897,0.8345362369536437,0.6629124095043112,0.6085201023454302,0.32398811944404016,0.21616060567178813,0.17139768109067866,0.7351969595174023,1.3127495626795322
Mbi2.80Zm0.35T00.0900_iTp0.40_ACFep00_aFep06,-0.14417660817612848,-0.09544263155219324,0.21010174776667578,-0.31742018300130215,0.16781209359138172,0.6909648209375849,1.234892124570606,0.8338695260982317,0.6633584934739473,0.6052708253940109,0.32036152356633896,0.21165670604233186,0.16678113805523329,0.7345692087443132,1.3145991720297343
Mbi2.80Zm0.35T00.1000_iTp0.40_ACFep00_aFep06,-0.14656694693899314,-0.0977730680329046,0.20485125273070054,-0.3476002470818125,0.15530529751075367,0.6898570577966838,1.2259017386613276,0.8277947236176736,0.6576398677128337,0.5950836761615802,0.3128283487443895,0.20921329177307244,0.16770920700256603,0.7279363850299696,1.321592026693258
Mbi2.80Zm0.35T00.1500_iTp0.40_ACFep00_aFep06,-0.15611198713254548,-0.10639365298426207,0.20121191665345345,-0.41795146911143355,0.11402712604283755,0.7254168418843308,1.2190422785475394,0.8436968279339978,0.6600331517204533,0.5998009607717134,0.31512908625521446,0.19291587057644155,0.16031780398605278,0.7366402908297881,1.3393776522926841
Mbi2.80Zm0.35T00.2000_iTp0.40_ACFep00_aFep06,-0.16554527163817445,-0.11527627782585534,0.20021103765715922,-0.5476525541610628,0.09132416835538901,0.7487406862256625,1.2145372087653707,0.8892222152742809,0.6680570956297001,0.6081642598883216,0.3155383140994021,0.20157564001293363,0.15154497299979502,0.7610117997008864,1.3935234846675062
Mbi2.80Zm0.35T00.2500_iTp0.40_ACFep00_aFep06,-0.17279116975897457,-0.12167936222613465,0.20945817467368932,-0.6430358315526716,0.07227945075919831,0.7740036153752325,1.2377154336308545,0.9352766161570325,0.6869323409168109,0.6111400623057215,0.32186241055435083,0.20811707403582844,0.1444711493579835,0.7890649317374616,1.4410238039652636
Mbi2.80Zm0.35T00.3000_iTp0.40_ACFep00_aFep06,-0.17658000795852563,-0.12519441802743386,0.21741545638107707,-0.7435431931697951,0.06346401600975979,0.8030548350969328,1.275124855710096,0.9596445674250248,0.7183199593345673,0.6341498258335071,0.33701313996525933,0.2024494552396124,0.14533124930308391,0.8165263568736392,1.4190994548625244
Mbi2.80Zm0.35T00.3500_iTp0.40_ACFep00_aFep06,-0.18069617279730943,-0.12909530043954992,0.22813926911313476,-0.7891790841814867,0.05028536732482749,0.8330837916356871,1.3086289875263155,1.0094912336768964,0.7506669195684228,0.6559625935644781,0.3463494604357638,0.20274034271369706,0.1439994982632387,0.854998703148566,1.4353335036011263
Mbi2.80Zm0.35T00.4000_iTp0.40_ACFep00_aFep06,-0.18508750695738607,-0.13307294782888318,0.2443987044202797,-0.8050205080884756,0.04384390230359332,0.8761830650103059,1.325589713178332,1.0703820208309422,0.7975693783715999,0.688792224784041,0.34918226559052273,0.20640297755901402,0.1460374192563838,0.906147147167959,1.440271355985586
Mbi2.80Zm0.35T00.4500_iTp0.40_ACFep00_aFep06,-0.1862207423985659,-0.13426633662669388,0.25932234369929913,-0.7782021990639478,0.04328710255698499,0.9120222406525822,1.3668177257425176,1.1188041148294772,0.8267430330221388,0.7110729423607056,0.3526674248729245,0.2104725460068547,0.14816120487757234,0.9427237658515099,1.4550559140224137
Mbi2.80Zm0.35T00.5000_iTp0.40_ACFep00_aFep06,-0.1864923408573913,-0.1349157590314899,0.2704827832185357,-0.7718006412193075,0.0370574086548185,0.9453024813804021,1.4214099154655497,1.1603117192113437,0.8640886070459434,0.7359374010515617,0.36162869153701227,0.21927535691972033,0.15111478849616897,0.9802945681127874,1.450366073225273
Mbi2.80Zm0.35T00.6000_iTp0.40_ACFep00_aFep06,-0.18814494702175946,-0.1381247723007514,0.29368223725979437,-0.8848373290792706,0.10753181914242138,0.9709917842245738,1.4644215094321602,1.2280947073480497,0.8758919474051319,0.7388391163390546,0.37224516558458637,0.2300885582675996,0.16502921027489645,1.0141747310046776,1.521113620617892
Mbi2.80Zm0.35T00.7000_iTp0.40_ACFep00_aFep06,-0.1738805143662633,-0.12619735099832965,0.3229568241311864,-0.7379321410644806,0.12754636508802467,0.9777516799507002,1.4443267848389567,1.3185483979821442,0.8775180284974298,0.7533118570717962,0.37046879338084004,0.23579584940254456,0.16651376470764181,1.0541318101342743,1.617027514211781
Mbi2.80Zm0.35T00.8000_iTp0.40_ACFep00_aFep06,-0.17428819679097957,-0.12716746805115367,0.3516133787690452,-0.7217607021169543,0.13810218997332135,1.0252791026703951,1.5060864387084545,1.3901304331667879,0.9167385029134446,0.7822561473486261,0.38675333221727265,0.2545725675395211,0.16718637540448217,1.105459473658464,1.6364153153188088
Mbi2.80Zm0.35T00.9000_iTp0.40_ACFep00_aFep06,-0.16426625222278793,-0.1186132966889033,0.37929856689612074,-0.5648485304132486,0.16378203341028963,1.127601898995202,1.6317087060397955,1.4701337585348617,0.9710750661724117,0.8178048997109812,0.40984584388530865,0.2680496608436688,0.17352973913148975,1.1681260616911169,1.6436360030549881
Mbi2.80Zm0.35T01.0000_iTp0.40_ACFep00_aFep06,-0.15445956442058528,-0.11037936818094587,0.4083061097641911,-0.4036869524660545,0.19619689453192674,1.240147275873938,1.7675186268109302,1.5482573324401154,1.0365247856788544,0.8616249916146108,0.4416238836984239,0.2921484237239694,0.18458008256148023,1.2365217065925613,1.6313331550134524
Mbi2.80Zm0.35T01.2500_iTp0.40_ACFep00_aFep06,-0.12338791585767102,-0.08313504954948095,0.5221788447652098,0.2291642852907079,0.3172764499043731,1.5705820649446296,2.2500312791306065,1.873087232323566,1.2430039678464273,1.031561422770984,0.5744791104523493,0.3955847208902796,0.2507277746374452,1.4890805112774956,1.6469847295224453
Mbi2.80Zm0.35T01.5000_iTp0.40_ACFep00_aFep06,-0.11584346657592418,-0.0765438926803075,0.5888268523605379,0.3934626684103235,0.34646618844987104,1.6639102668823433,2.3607039417757956,2.039135007503623,1.2984851357089213,1.0781865919607818,0.6214265146044421,0.41562999338668155,0.26475308435176564,1.588082278914623,1.7159584840965558
Mbi2.80Zm0.35T01.7500_iTp0.40_ACFep00_aFep06,-0.09817261900823847,-0.06159574988937252,0.654036436974361,0.6916378473538847,0.3934033423124629,1.8139529931005076,2.5651519072056925,2.166336691182644,1.3576635046987273,1.1281791524640323,0.6639498418500592,0.42596027895611266,0.28199216083552003,1.6739047046546431,1.7429395098201532
Mbi2.80Zm0.35T02.0000_iTp0.40_ACFep00_aFep06,-0.08733969166208685,-0.05204291769632475,0.6835309163413603,0.8669569377935082,0.4167613898500815,1.8868403438313832,2.6352584929821257,2.225769148218568,1.3925483125161893,1.1528700151830937,0.6896542957297068,0.4328957190584847,0.2957172726800419,1.7175913002475083,1.748843499709036
Mbi2.80Zm0.35T02.2500_iTp0.40_ACFep00_aFep06,-0.0826728882530018,-0.04817343213291887,0.712219006255406,0.9414106699792387,0.4247286168180149,1.9166878615390714,2.6658066234229105,2.2982651758308372,1.409024194294292,1.1686800775465798,0.7001337672209005,0.4378752270001827,0.2933856572768152,1.7560314273392974,1.783187622364087
Mbi2.80Zm0.35T02.5000_iTp0.40_ACFep00_aFep06,-0.07403591971276555,-0.040808189692834285,0.735010625203459,1.0662963499673994,0.4459541188901542,1.967536485761642,2.7243711297990902,2.3248294798053344,1.440379816728114,1.1862920009044817,0.7171481003085862,0.4469629991330122,0.29678880651875883,1.7841632278281068,1.7701712594614807
Mbi2.80Zm0.35T02.7500_iTp0.40_ACFep00_aFep06,-0.06808363607513998,-0.03563250272382584,0.7632272876431627,1.1508144552361772,0.46249116293702414,2.018267976538572,2.7784925508996263,2.3867827927016987,1.4649063654361258,1.2080473367226559,0.7307165569285173,0.4535398328530438,0.2998044786975234,1.8233909693685513,1.7858766433358273
Mbi2.80Zm0.35T03.0000_iTp0.40_ACFep00_aFep06,-0.06413147534935991,-0.03250529940639044,0.7805629367274909,1.2170151655139723,0.470415494957934,2.0350878996041355,2.795033777948098,2.419427255348131,1.4697891925640834,1.2140613056131824,0.7356717623908605,0.4544602450597776,0.3020551226818739,1.8392411007276939,1.8029523306095345
Mbi2.80Zm0.35T03.2500_iTp0.40_ACFep00_aFep06,-0.06192489898256352,-0.030903468388389012,0.7906630893745605,1.2575983599147982,0.47559823402919915,2.041207968197722,2.7973334951654905,2.445645726654772,1.4742253620342558,1.2152997632494555,0.7380880188057604,0.45285790778063545,0.3007065104228477,1.8515198290086123,1.8186450118377588
Mbi2.80Zm0.35T03.5000_iTp0.40_ACFep00_aFep06,-0.05850490518307877,-0.028080038744593548,0.8057769085602666,1.3149801766073548,0.4852598617189943,2.061073055595802,2.817234937021687,2.4702877320978986,1.4842175829078577,1.2241936846147097,0.7456759523881552,0.45582766793367974,0.30340578635092097,1.867241551042511,1.8241599876059555
Mbi2.80Zm0.35T03.7500_iTp0.40_ACFep00_aFep06,-0.05513196072093618,-0.025152564460065474,0.8246935180962233,1.3752325300962838,0.4977610800958474,2.0955707557316416,2.8578980386587745,2.5051045507201537,1.5009517434069435,1.2368655003329676,0.7581284564365092,0.4595659091536365,0.3049747523458218,1.8907150025887205,1.8300012949718534
Mbi2.80Zm0.35T04.0000_iTp0.40_ACFep00_aFep06,-0.05200568639321215,-0.022540033078375113,0.8494331574122707,1.4395225467545303,0.5116259479945154,2.133691822714162,2.9018994055741607,2.5498266165434016,1.5223304649510299,1.2500727259901279,0.7696134865134034,0.46674120139745096,0.30615818994258864,1.9202343425961181,1.8394341954842455
Mbi2.80Zm0.35T04.5000_iTp0.40_ACFep00_aFep06,-0.050269287437518656,-0.021312549876957788,0.8696682055146691,1.4797205519167256,0.5183800581581499,2.1414759281161735,2.9075772951555297,2.602576290792433,1.5313605654982225,1.2550581754101475,0.7757196603997778,0.46427306034089566,0.3050374200718219,1.9452853894868651,1.8680439178671295
Mbi2.80Zm0.35T05.0000_iTp0.40_ACFep00_aFep06,-0.048084249404376084,-0.01944638211717814,0.8907079050835532,1.5224413675115063,0.5311803102828991,2.1708414790168,2.9478179026154305,2.653700888666297,1.5513658846918632,1.2676594787214435,0.7870736045481248,0.46681658697454437,0.3055946722086718,1.976374681884244,1.8827080615217788
Mbi2.80Zm0.35T05.5000_iTp0.40_ACFep00_aFep06,-0.045419672322736665,-0.017351135774251767,0.9200084041612089,1.5932164639055812,0.5457032800618367,2.206619478398263,2.9840285973867586,2.7093475951474786,1.5752087884131318,1.2832361644422794,0.8002424627026465,0.475207202256544,0.3085880879437219,2.0115398706695027,1.89567939200019
Mbi2.80Zm0.35T06.0000_iTp0.40_ACFep00_aFep06,-0.04378123261387096,-0.016284744598957956,0.9403549921376617,1.6409171523213124,0.5543867707947501,2.2153342287781133,2.9898961974060825,2.760919847489829,1.5898809518263683,1.2940060073533992,0.8065506058328535,0.47652323828698473,0.3091660391973901,2.0398052635493755,1.9147212679064836
Mbi2.80Zm0.35T06.5000_iTp0.40_ACFep00_aFep06,-0.042178056157781765,-0.014912979093104161,0.9622961917610262,1.683695278185994,0.5642859686844643,2.2369009516271077,3.011933507516204,2.818555764454019,1.6077960829783824,1.3072861991018647,0.81516635434563,0.4822657679433612,0.31325792841154265,2.072317986075533,1.933774413010843
Mbi2.80Zm0.35T07.0000_iTp0.40_ACFep00_aFep06,-0.04142865689195085,-0.014279636115893241,0.9820426240821302,1.7131005760947637,0.5724281620396439,2.25792163875038,3.0369846111676955,2.8582017797708685,1.6191547487249913,1.319336259022432,0.8225606536043139,0.4827005259377481,0.31592983150120396,2.0947380020147928,1.9453534295222483
Mbi2.80Zm0.35T07.5000_iTp0.40_ACFep00_aFep06,-0.04023983087281627,-0.01322077714041171,1.0004466170056396,1.7566889595967916,0.579925060605095,2.2811600852528193,3.0692362704622025,2.888141517142671,1.6329351320497811,1.3322809070744484,0.8332872347191446,0.4855873125648625,0.3173026973737289,2.1149503076493907,1.9480142283296684
Mbi2.80Zm0.35T08.0000_iTp0.40_ACFep00_aFep06,-0.039288045595050655,-0.012454723603501238,1.0163550707469395,1.7930190092545613,0.5864531035067624,2.2936989737387927,3.07406669324318,2.915671232013259,1.643972810608254,1.3425084143968489,0.8405362211014064,0.4881355266170477,0.32172152952035205,2.132409981968691,1.9525796496566135
Mbi2.80Zm0.35T08.5000_iTp0.40_ACFep00_aFep06,-0.03815918502570983,-0.011415466126578545,1.0424597021180175,1.7947653263561905,0.5927875073064326,2.3070181318212675,3.0959391879652713,2.972868296691262,1.6545611164558345,1.340825468846168,0.839963121797356,0.4864378270729126,0.31547165818241235,2.158156100739671,1.984964686213636
Mbi2.80Zm0.35T09.0000_iTp0.40_ACFep00_aFep06,-0.03682407071335622,-0.010141761160426584,1.0664910937913223,1.8048444241644013,0.6016485399404654,2.321632219247072,3.1086789040010907,3.0248343803189335,1.6758599374572867,1.3530623105513901,0.8471572564039621,0.4906481865832869,0.3161583642306469,2.1899324498006436,1.9973007774019746
Mbi2.80Zm0.35T09.5000_iTp0.40_ACFep00_aFep06,-0.03554906726444343,-0.008945732456434638,1.0785975765867983,1.8290171797462667,0.6073596901570173,2.3339361283912594,3.11379915562409,3.0637264069778922,1.6896527001398782,1.3583805222995733,0.8523793865320605,0.4926327692866408,0.31312879139804334,2.211889225679949,2.0102972529452163
Mbi2.80Zm0.35T10.0000_iTp0.40_ACFep00_aFep06,-0.034619003862461264,-0.00819008974366264,1.0965345388692862,1.8639323809476966,0.6131052128421086,2.352949473046858,3.134319395049716,3.0987448414957903,1.703034279821361,1.372459018174305,0.861292628841502,0.49598207842603037,0.3165577209985077,2.23393051395865,2.015120529454756
Mbi2.80Zm0.35T10.5000_iTp0.40_ACFep00_aFep06,-0.033373765311106855,-0.00696471303945515,1.1133757726793985,1.8826589134250709,0.6197226613204231,2.364285440997556,3.1414551851431103,3.1379277671888532,1.7185153169484761,1.3836619632780414,0.8694799621334386,0.4991367775263691,0.3175632889684018,2.257956632266156,2.023048642119979
Mbi2.80Zm0.35T11.0000_iTp0.40_ACFep00_aFep06,-0.03269416059219766,-0.0062008378156161535,1.122820143727351,1.8980586513499778,0.6219742898611968,2.376599745936916,3.1495076481591795,3.1542343269895734,1.7265603477358018,1.3887773790434512,0.8734139844807649,0.4995384679470731,0.31737666529409775,2.2688435068706703,2.024971032755754
Mbi2.80Zm0.35T11.5000_iTp0.40_ACFep00_aFep06,-0.03180773341739534,-0.005347345864183742,1.1332830546265793,1.9225737776987,0.6272690215137751,2.388614641664247,3.1618905831268664,3.171838784554774,1.736109043700699,1.3963469031836813,0.8776988468762599,0.5002718148067916,0.31545890826575623,2.28142722725883,2.025145022524301
Mbi2.80Zm0.35T12.0000_iTp0.40_ACFep00_aFep06,-0.03142046325916429,-0.005016988912459335,1.1416256924071757,1.937880858055914,0.6297074492423687,2.3982083232671187,3.1670431376310546,3.1731503071957676,1.7384283116491606,1.4042155450365337,0.8839887394351174,0.5005129680972086,0.31517269635955253,2.284590176616932,2.0194145133214336
Mbi2.80Zm0.35T12.5000_iTp0.40_ACFep00_aFep06,-0.031121829635380998,-0.00463228247229607,1.1559489835731853,1.9593979104405244,0.6355033490283617,2.41400584969434,3.1863824096343416,3.2037623246607136,1.7522487703877816,1.4124368293523353,0.8910908278211267,0.5021127484919042,0.31671040550692725,2.3041178614899156,2.024695486290206
Mbi2.80Zm0.35T13.0000_iTp0.40_ACFep00_aFep06,-0.030100059959932826,-0.00360288915009275,1.1603999178413191,1.9746907143298646,0.6392687087535563,2.419561418600189,3.194602033142268,3.2115737163963196,1.7611434338761225,1.420337875849298,0.8964294273435707,0.5036761807289482,0.3177521402125354,2.3129149908121374,2.01891722989471
Mbi2.80Zm0.35T13.5000_iTp0.40_ACFep00_aFep06,-0.030095175288640134,-0.0032686965800965396,1.1599775899434783,1.9767320319775425,0.6391842920292758,2.420593029233627,3.2020301468754067,3.2173563802786687,1.765346244476412,1.4227075099667865,0.8979305899904138,0.5015623687359922,0.3168004631775065,2.317558747013272,2.018382767727571
Mbi2.80Zm0.35T14.0000_iTp0.40_ACFep00_aFep06,-0.03025596922572923,-0.0031613564049844827,1.1661824109980021,1.9902438299490188,0.6391273947131431,2.4228832217070324,3.2083026695653687,3.226039107544791,1.7699534763558586,1.4246240982471972,0.9011161530661632,0.5030656588600974,0.31810306717493136,2.323360977378528,2.0196968345310222
Mbi2.80Zm0.25T00.0300_iTp0.40_ACFep00_aFep06,-0.13106736762600513,-0.08259275593932129,0.18178424362235182,-0.22172531171079368,0.2673610151624082,0.5998624211529949,1.327035177873146,0.77131181551376,0.6136967765767297,0.5638105043079239,0.32815550655578096,0.20060108197595738,0.16059458928798964,0.6801307013884443,1.3100756624354433
Mbi2.80Zm0.25T00.0400_iTp0.40_ACFep00_aFep06,-0.13771192912586241,-0.08857296486237465,0.1884239376479101,-0.3142231686179179,0.23188971272591752,0.6209081674397796,1.2514079707203631,0.7687743110773553,0.6265035455059869,0.5826066443787928,0.32469871492642366,0.2219599185727022,0.17505034396510208,0.6871613528172176,1.271636476987452
Mbi2.80Zm0.25T00.0500_iTp0.40_ACFep00_aFep06,-0.14285853151884265,-0.0931376288007539,0.19152035999739525,-0.3706069408836195,0.20914084492132357,0.617019803768471,1.1881584234365943,0.7637928336380395,0.6063860833477246,0.5638536810221587,0.3032466153922944,0.20605844359612888,0.16404084837114816,0.6738377256673905,1.305361271925851
Mbi2.80Zm0.25T00.0600_iTp0.40_ACFep00_aFep06,-0.14693862981813463,-0.09698542941561132,0.1990451597521695,-0.4466384542117824,0.182040561879137,0.6356302231481706,1.1730419638144816,0.795513182819375,0.612792758840226,0.5647895476144518,0.2992590535272918,0.20509009991332436,0.16451712368784993,0.6905014884388586,1.3510956787630577
Mbi2.80Zm0.25T00.0700_iTp0.40_ACFep00_aFep06,-0.14928145346723787,-0.09941989867586364,0.20988133567568237,-0.4560626974709375,0.16474545524001794,0.6562127083842842,1.1861662546785463,0.8267358707005902,0.6246662117474764,0.569530440507399,0.298587916183795,0.20419730145115084,0.1608309489290766,0.7096976841657814,1.3845891614912038
Mbi2.80Zm0.25T00.0800_iTp0.40_ACFep00_aFep06,-0.14887000877460255,-0.09912754877797372,0.21041327430428142,-0.4270338618542306,0.15659956492185984,0.6712358980264527,1.2059006972332262,0.8418359864207022,0.6404071523200345,0.5860194794711902,0.3081290355462478,0.2063301787667713,0.16273470636217977,0.7254638838164832,1.3728273091904097
Mbi2.80Zm0.25T00.0900_iTp0.40_ACFep00_aFep06,-0.15020161237312496,-0.10041746614860973,0.20735943793988051,-0.44254760780721236,0.14762498759274734,0.6752049605922206,1.2128195082728712,0.8592245855007323,0.6476973647488851,0.5879394468761904,0.30522968800949085,0.2067565473755502,0.16380549622446777,0.7363020898627157,1.3907397018557641
Mbi2.80Zm0.25T00.1000_iTp0.40_ACFep00_aFep06,-0.15073770275628906,-0.10117177914314429,0.20693779831822662,-0.47583182206010666,0.14152112123135144,0.6992884892504558,1.22690172688739,0.8565718871178861,0.6567377075026711,0.5902191319435837,0.30580611595100643,0.20434324219570885,0.16143884117884708,0.7393167343936059,1.3738597199535316
Mbi2.80Zm0.25T00.1500_iTp0.40_ACFep00_aFep06,-0.16098171852869775,-0.11074025587825728,0.20619615816408568,-0.4919440233525703,0.11177361492869811,0.7562154529931908,1.2794529087964555,0.8870562676263875,0.6806187008772552,0.609614585288223,0.315872498723103,0.2023076094846146,0.15907848776937278,0.7655791165281045,1.3750323714910244
Mbi2.80Zm0.25T00.2000_iTp0.40_ACFep00_aFep06,-0.1729809841282361,-0.12128564751458987,0.20405767455190307,-0.6321955287571737,0.0791295082403572,0.756111683358682,1.2383667166643824,0.9341800199289835,0.674253717622788,0.608042719413947,0.3147692774977804,0.21329395291969655,0.15386681433900262,0.7826592577301418,1.457042214182213
Mbi2.80Zm0.25T00.2500_iTp0.40_ACFep00_aFep06,-0.18116574400750998,-0.12829501319152747,0.22204232267946244,-0.7777885361162541,0.057908364747534954,0.7881967034561768,1.2545509955022067,0.9727571965257689,0.7113880362093016,0.6243462077221922,0.3274469000543265,0.21442920839980656,0.1520354368509227,0.817496222332706,1.4565130765273082
Mbi2.80Zm0.25T00.3000_iTp0.40_ACFep00_aFep06,-0.18693472896169983,-0.13420526823267162,0.22546632385205773,-0.8786642856888149,0.053329681849957955,0.8167423099848022,1.299868920482562,1.021739323143584,0.7424358043519821,0.6526369959908546,0.3388954154661281,0.21404799173050582,0.15130780324144283,0.8560873691320512,1.4647828025784653
Mbi2.80Zm0.25T00.3500_iTp0.40_ACFep00_aFep06,-0.18902647635346553,-0.13649004723186411,0.2404984781071691,-0.8782142842699057,0.047917318167715085,0.871723592920472,1.3421594526073701,1.0773086523091564,0.7898603081986787,0.6878966954323414,0.3446024276730154,0.21332913299956274,0.1480504189593241,0.9056303799602399,1.4580322064616635
Mbi2.80Zm0.25T00.4000_iTp0.40_ACFep00_aFep06,-0.18836103200732215,-0.13561734087327326,0.25658909672378444,-0.8327156321153109,0.03543620907820758,0.928115629083795,1.4046829444306317,1.1232029725725134,0.8359186392392562,0.7133909468486691,0.3450452091735913,0.212432662862957,0.146301010710731,0.9488791963648202,1.4499400025125389
Mbi2.80Zm0.25T00.4500_iTp0.40_ACFep00_aFep06,-0.18916487805444607,-0.13673598699999645,0.2744731741898807,-0.8104231412536029,0.028643183299939763,0.9699723639679815,1.4774427290813485,1.1849767471712085,0.8833959596433393,0.7476822634403402,0.357704002001508,0.2261658202040193,0.14987097576540934,1.0008869815947519,1.4529980603026118
Mbi2.80Zm0.25T00.5000_iTp0.40_ACFep00_aFep06,-0.1925002371875746,-0.14083814824021695,0.2916501340337309,-0.9019721144293864,0.0737070028904284,0.9952737379012666,1.5071478323228011,1.2281288846178038,0.8942572588318609,0.7448616294375843,0.36153939626631676,0.23049580776349524,0.1555552471187065,1.0231762239692697,1.4985232534467858
Mbi2.80Zm0.25T00.6000_iTp0.40_ACFep00_aFep06,-0.18245755067388483,-0.13307281759984832,0.3250306113408986,-0.8355340497279171,0.13522288714320982,1.0729992626520741,1.5986507235792065,1.3420095867582404,0.9467480103957137,0.7793347705253143,0.3931024089163486,0.25094590627984464,0.18351062808597723,1.0989255014765855,1.5549770863737506
Mbi2.80Zm0.25T00.7000_iTp0.40_ACFep00_aFep06,-0.17019666973688463,-0.12324088798186528,0.3630092407372139,-0.6892100425089491,0.15600466096134494,1.1036787390945548,1.634271419329202,1.4352873397333996,0.9597281154384643,0.7986673619786481,0.3912779780045359,0.26036154028558073,0.17188347187257907,1.1457567127325763,1.6324966233894975
Mbi2.80Zm0.25T00.8000_iTp0.40_ACFep00_aFep06,-0.16257315760883356,-0.116938074104,0.3940370202343444,-0.5370150636200411,0.1776483510685978,1.1932726908770754,1.736025990353999,1.514236944570435,1.016932500006614,0.839286846952802,0.41954149620858217,0.28370539108346615,0.18402305012872236,1.210189006144656,1.6315280271707477
Mbi2.80Zm0.25T00.9000_iTp0.40_ACFep00_aFep06,-0.15250350388360623,-0.1084793404430824,0.4282736532700078,-0.3482742677779066,0.2087718432842002,1.2945474013682905,1.8708846180691463,1.6118440906313392,1.0785999507645294,0.8866625894069627,0.4536020440778671,0.30914757483932526,0.19713892892824988,1.2852666992985937,1.6403346196083166
Mbi2.80Zm0.25T01.0000_iTp0.40_ACFep00_aFep06,-0.13629861648555777,-0.09403941534303326,0.4797314713439237,-0.02503516170643972,0.2638089626819642,1.4541173637682572,2.084343327902724,1.7497296185895168,1.1821016443099106,0.973831117313908,0.5198543179723081,0.36830667359842434,0.23400425107682513,1.4022558498713626,1.6231764271457565
Mbi2.80Zm0.25T01.2500_iTp0.40_ACFep00_aFep06,-0.1210539669878257,-0.08097662401494396,0.5742818268155717,0.31093021695482853,0.335919890629924,1.637936188478415,2.3513112357421706,2.0638123333144365,1.311650944362216,1.072913668680471,0.6007882846442567,0.4162642551600818,0.25814524374091075,1.6028234133757793,1.730976231070566
Mbi2.80Zm0.25T01.5000_iTp0.40_ACFep00_aFep06,-0.1037635927816064,-0.06587962621949106,0.6556210757791272,0.5711057526816161,0.39145841074546517,1.8072794277911133,2.6176319822819636,2.2399827313011027,1.3974067816229607,1.1302925453510675,0.660515454024539,0.4400719882769145,0.2747764851084173,1.7212304616201284,1.7723490348693027
Mbi2.80Zm0.25T01.7500_iTp0.40_ACFep00_aFep06,-0.08533110370284959,-0.050262290547986824,0.7176394712349247,0.8452905862508028,0.4410453063291415,1.9378375180016751,2.790322006891778,2.349708813998156,1.4604859408671382,1.1730637147558867,0.6983528718151905,0.45884696371530825,0.28504069165073515,1.8007266026042883,1.7844423848103068
Mbi2.80Zm0.25T02.0000_iTp0.40_ACFep00_aFep06,-0.07495718198776453,-0.0411805146273004,0.7629556702671383,1.0039177554383598,0.4693873702354616,2.0104794011266782,2.899553552650783,2.466489149406473,1.5030760569056474,1.2023578555424757,0.7261551610918096,0.4686661990210634,0.2913439904949899,1.8707323952123358,1.8233593791057119
Mbi2.80Zm0.25T02.2500_iTp0.40_ACFep00_aFep06,-0.06844266172322684,-0.035834305540654046,0.7744599065636063,1.0582306257245289,0.4743939876115705,2.014909556225548,2.8731603806555435,2.4790821129593787,1.5029689586112969,1.2008308352879604,0.7227870711121299,0.4617514375061421,0.28441629938548535,1.8751683659921663,1.8337763902143032
Mbi2.80Zm0.25T02.5000_iTp0.40_ACFep00_aFep06,-0.06181591336857557,-0.03034612856492491,0.8117527500982606,1.2003093276848409,0.5046270339764058,2.071621962779712,2.929930880282637,2.554469966515123,1.5465396321687657,1.2363861148223692,0.7459055428271478,0.47766345941353566,0.29343664100025096,1.93099747430719,1.8358161149480792
Mbi2.80Zm0.25T02.7500_iTp0.40_ACFep00_aFep06,-0.056586311469611975,-0.026179224954063343,0.839347967547497,1.2909792788457908,0.5236430075076315,2.1040571834539605,2.979604932304727,2.6266879049556,1.564572028437609,1.2461758680274633,0.7576288598836131,0.4815388871292709,0.2958234543561672,1.9686215398952382,1.869031305339796
Mbi2.80Zm0.25T03.0000_iTp0.40_ACFep00_aFep06,-0.0531604423525807,-0.023638725327620215,0.8633174121733808,1.3911462815453195,0.5373203521799875,2.131835302269502,3.0094966361174103,2.6752278409705474,1.5796392055306636,1.2629825450598302,0.7717886636520186,0.4861717420199675,0.3025060989315243,1.9971726869178177,1.8822256886023094
Mbi2.80Zm0.25T03.2500_iTp0.40_ACFep00_aFep06,-0.05181570561007964,-0.022486398731703695,0.8760595747585723,1.4154283182132243,0.5411675451037592,2.145335658888862,3.021187227246534,2.7049565407689578,1.58606280461673,1.2633647667706442,0.776490656540076,0.4885419095165642,0.30154227089339763,2.0114232250653163,1.898596453498852
Mbi2.80Zm0.25T03.5000_iTp0.40_ACFep00_aFep06,-0.050533908338810773,-0.021403325305602777,0.8868676639972077,1.4271347813914605,0.5436507500037542,2.1576251890864757,3.018378006552926,2.726920841881221,1.5921624966629584,1.2632665838024297,0.7810993462338816,0.4901170766027307,0.30005960614031,2.0225173972865997,1.909990243173385
Mbi2.80Zm0.25T03.7500_iTp0.40_ACFep00_aFep06,-0.04792373475061358,-0.019480873247855093,0.9187575930114529,1.5029343469162506,0.5607454682741475,2.192881702918646,3.0608014342939165,2.7985034024244633,1.6176983254686688,1.2849082467121713,0.7918837126219647,0.4951943350453225,0.30465894462100873,2.065518409737938,1.9282691834614292
Mbi2.80Zm0.25T04.0000_iTp0.40_ACFep00_aFep06,-0.046572570570771916,-0.018356617949544327,0.9288682440821712,1.5286009491149544,0.5679532217850434,2.205094883372556,3.0766833205907695,2.826121734774653,1.6251682065960078,1.2890707676643027,0.7975506213085088,0.4956345945035156,0.3059219347762242,2.0801357056016716,1.9395264147765894
Mbi2.80Zm0.25T04.5000_iTp0.40_ACFep00_aFep06,-0.043369809759487156,-0.01566932975372865,0.962629215960524,1.596921463941015,0.5866329833414645,2.243149325156967,3.124065200457592,2.8907269448327484,1.6552692329076495,1.3063943608459643,0.8124718592732396,0.5026460457031326,0.30645805580357255,2.121921491117547,1.9520967546277188
Mbi2.80Zm0.25T05.0000_iTp0.40_ACFep00_aFep06,-0.042408915208262885,-0.014814922128785376,0.9775782445502423,1.6112038355642602,0.5897470828068214,2.2531404698032014,3.1283705106984385,2.9148894910060874,1.6653016511328023,1.3107545660171385,0.816432962212213,0.5039827578830636,0.3041309527726374,2.136539239506346,1.9588941057017866
Mbi2.80Zm0.25T05.5000_iTp0.40_ACFep00_aFep06,-0.04030161169572468,-0.013095793989345218,1.0085161676298233,1.6694541708122084,0.6035535396073984,2.2760164670351473,3.150866466585731,2.980384937704413,1.6858285708188092,1.3283685832153602,0.8266501745896428,0.5084407923177858,0.31129707644853744,2.173962957000934,1.977564694940739
Mbi2.80Zm0.25T06.0000_iTp0.40_ACFep00_aFep06,-0.038669494159323546,-0.011758157214815147,1.0362703497397758,1.7128931158989875,0.6140354997925033,2.302491378527415,3.1753618053766632,3.0474694025324114,1.7008485958915336,1.3413464912713093,0.8348860528550665,0.512537666555434,0.3159251953578956,2.2082853050288462,2.0034674405936848
Mbi2.80Zm0.25T06.5000_iTp0.40_ACFep00_aFep06,-0.037479386637426025,-0.010752875737063282,1.055868599462417,1.750149036924519,0.6200353802451455,2.3234857907983932,3.187599582429401,3.0856807736726255,1.712087776140544,1.3512919873727816,0.8421713764260181,0.5150283447854543,0.31694231102457937,2.229626012958773,2.014559742428881
Mbi2.80Zm0.25T07.0000_iTp0.40_ACFep00_aFep06,-0.03581851394327665,-0.009265533756238287,1.0801815861212072,1.7933240741693568,0.6297975912404299,2.3484223205651795,3.2233611312893107,3.130239653053077,1.7275254946940255,1.3646260967292942,0.8533199499311309,0.5192288545579918,0.3189993047676891,2.2559918929795493,2.024635313310901
Mbi2.80Zm0.25T07.5000_iTp0.40_ACFep00_aFep06,-0.03432767054860621,-0.007913776251657435,1.10402379880094,1.8410103445462038,0.639404947757262,2.3709939516446,3.249614163461815,3.1729689985728196,1.7457392220085144,1.379816707635146,0.8633346931570156,0.5248928172094391,0.3223011387880598,2.28343587795003,2.0303389668887255
Mbi2.80Zm0.25T08.0000_iTp0.40_ACFep00_aFep06,-0.033216091059141584,-0.006991786305158367,1.1241929072543004,1.8783202189780166,0.6457653582380918,2.3931778122604386,3.2740103405516643,3.205176515756032,1.7555989347897683,1.387759289598393,0.8712954947619315,0.5295639116046799,0.3250590313381432,2.3014966867283713,2.0393326416876354
Mbi2.80Zm0.25T08.5000_iTp0.40_ACFep00_aFep06,-0.032366964898277395,-0.006308076373054592,1.1450767053341377,1.9231565763336453,0.6520849661829449,2.4118266535661217,3.2934088695545283,3.2328230981396686,1.7652085258315977,1.3985340653612357,0.8805823462864611,0.5314871676910486,0.3272255699020047,2.3183392049170988,2.043670118510362
Mbi2.80Zm0.25T09.0000_iTp0.40_ACFep00_aFep06,-0.03190285507395901,-0.005921606315359018,1.171400476059478,1.9339774841360076,0.6575037436564926,2.432680774429727,3.3239591739258554,3.2853701769614605,1.7720281819934456,1.399120376751912,0.8844842799055633,0.5312282600201345,0.32358754571998144,2.3406685563892697,2.0720380115280967
Mbi2.80Zm0.25T09.5000_iTp0.40_ACFep00_aFep06,-0.030918142675335575,-0.0050584795683674905,1.1904517028962156,1.960971766704501,0.6630500093449467,2.4528927948194568,3.346107863319731,3.318091793606312,1.7819986762331106,1.4073774710562474,0.8917275084180235,0.5347191432195695,0.3250934939377732,2.358980176003199,2.0807152498624846
Mbi2.80Zm0.25T10.0000_iTp0.40_ACFep00_aFep06,-0.0303505344366152,-0.00459229150585354,1.2121825600002265,1.9759209740162826,0.6683741304373808,2.4638107083481193,3.365122605313203,3.34870566007164,1.7902883603994562,1.413547585951414,0.8957570233851126,0.5357190380093464,0.32481844525009335,2.375268922832388,2.0904351634394853
Mbi2.80Zm0.25T10.5000_iTp0.40_ACFep00_aFep06,-0.029707074875381292,-0.0039825977789730085,1.2273083046220143,1.98239104712724,0.6727745401117857,2.4724868572036787,3.3751205871460828,3.3749154158926236,1.7958363681802907,1.4131613308548188,0.8958355232088596,0.5359009968222704,0.3218557850709542,2.3872949118663827,2.1034078129176614
Mbi2.80Zm0.25T11.0000_iTp0.40_ACFep00_aFep06,-0.029446778203686137,-0.0038136240254452317,1.2385344491108756,2.0037725961563426,0.6748800052893349,2.4799100287217275,3.381490233679808,3.3947777973128677,1.7979446161320036,1.4149916924750394,0.8982411420129045,0.5341720462056188,0.32095406644590785,2.3957485762287436,2.1131933354661867
Mbi2.80Zm0.25T11.5000_iTp0.40_ACFep00_aFep06,-0.029032529211814977,-0.0032717689677708027,1.2526039760640528,2.024940874757558,0.6787101056731011,2.4960811953644972,3.3933163130853936,3.4184935007420596,1.8055798888599033,1.424027479171735,0.9045611270274735,0.536547351889619,0.3225879543046196,2.409802787362264,2.116971576532873
Mbi2.80Zm0.25T12.0000_iTp0.40_ACFep00_aFep06,-0.02874989155032202,-0.0030327027543154586,1.2660232483654998,2.045609792801813,0.6826719155293215,2.509270670404136,3.4090370978916766,3.4493343206189353,1.8126065122744948,1.4286408124619412,0.9070781326436796,0.5376347967863727,0.3229669964172027,2.425169386661622,2.128399332130213
Mbi2.80Zm0.25T12.5000_iTp0.40_ACFep00_aFep06,-0.028441858243592293,-0.0027259452078532854,1.2821119037470785,2.0605936458769762,0.6866338097115993,2.5198137754768877,3.4146426790194377,3.480086823708074,1.8236696046990855,1.43382911009238,0.9103030487065477,0.5377429037323489,0.32259840751876157,2.4426744578216275,2.136661978042167
Mbi2.80Zm0.25T13.0000_iTp0.40_ACFep00_aFep06,-0.02782356854061426,-0.001988055662860806,1.298095121648602,2.0708950220516127,0.6927180764548613,2.532971957644198,3.4273749563139284,3.5126004506142823,1.8371322331656021,1.441495699534836,0.9141796094093466,0.5381694780477463,0.323646365672693,2.4625173809515464,2.142725873576715
Mbi2.80Zm0.25T13.5000_iTp0.40_ACFep00_aFep06,-0.0274795641494373,-0.001590039770584642,1.3051233846872057,2.0734882669957413,0.6950526148161296,2.5403169597861197,3.436718116268159,3.5231509763961593,1.8390390829773293,1.441542141340669,0.9151393746119529,0.5365740081442578,0.32269735717205444,2.4672025969041544,2.147882180316135
Mbi2.80Zm0.25T14.0000_iTp0.40_ACFep00_aFep06,-0.027296250598334324,-0.0010077254989499427,1.3053173851321165,2.088059958509885,0.6993065804813893,2.543460713315557,3.4418184241412746,3.5279153638602714,1.851183921248967,1.4488956959437311,0.92129525600758,0.537351092559928,0.3250630172274549,2.4765769380526206,2.138078939356856
Mbi2.80Zp0.06T00.0300_iTp0.40_ACFep00_aFep06,-0.13880514305445454,-0.08893667108706485,0.18884060982975673,-0.23488359805195155,0.225089053427112,0.6003998797624877,1.2678889962725193,0.8252213038757915,0.6052551282882745,0.5761961421737692,0.30679565313898327,0.194760110093603,0.17847979674464218,0.7019650986399236,1.3969620660749937
Mbi2.80Zp0.06T00.0400_iTp0.40_ACFep00_aFep06,-0.14255866142069415,-0.09242649864490637,0.2059688406860854,-0.29396452302588305,0.19881671061407702,0.659799415545933,1.291051064344582,0.8375482626679621,0.6459101717367037,0.6150005742280372,0.32421159292104146,0.221861269948584,0.18943050237575088,0.7305697939714997,1.3284814414475337
Mbi2.80Zp0.06T00.0500_iTp0.40_ACFep00_aFep06,-0.1492227798656418,-0.09847997035386027,0.21807760033339138,-0.37434221815566926,0.1748082105314699,0.7172471879697896,1.3426357422601831,0.8730707611620218,0.6877637397297189,0.6522075359518583,0.34235325350821433,0.23874309751521275,0.19932338427643184,0.7692687104091008,1.303118622028571
Mbi2.80Zp0.06T00.0600_iTp0.40_ACFep00_aFep06,-0.15374042329847934,-0.10269200419224501,0.22630336344349766,-0.3739176763185129,0.1676685257223408,0.7549150336339899,1.3960835932043119,0.9043809591085464,0.7229537423413666,0.6776417995906969,0.3544506225626877,0.2504064131702076,0.20406925558656652,0.8014682817064565,1.2914234438601602
Mbi2.80Zp0.06T00.0700_iTp0.40_ACFep00_aFep06,-0.15870698263394573,-0.10720894148503704,0.23092317716815228,-0.41216294804076614,0.16320427347747724,0.7829089443615789,1.4258312183022102,0.9369690846249445,0.7489027307381935,0.6958271969845159,0.35922535513607545,0.2592878214401642,0.20148907132024654,0.8293215712226957,1.2970854505684184
Mbi2.80Zp0.06T00.0800_iTp0.40_ACFep00_aFep06,-0.1626406686140045,-0.11078113523323574,0.23834848208236584,-0.4392821612901475,0.15846224992111024,0.8116051920581839,1.4546760934818013,0.9528103738371709,0.7667408431621002,0.7039225007130243,0.36391774986752856,0.27191864703235075,0.2048126912626694,0.8448665683235089,1.295755929193915
Mbi2.80Zp0.06T00.0900_iTp0.40_ACFep00_aFep06,-0.16523271255980815,-0.1129998609181345,0.23879518198239283,-0.46147567292924996,0.14725906325908422,0.7968377823550012,1.4258868325355707,1.0026480352691236,0.7731528219454125,0.7124334617717769,0.3730637226415955,0.28017871194452876,0.2076069668347697,0.8707202287047752,1.3498348042906372
Mbi2.80Zp0.06T00.1000_iTp0.40_ACFep00_aFep06,-0.16922312143233803,-0.11648463537012971,0.2383729449729797,-0.4938459464837394,0.1284900459563268,0.7888842865957502,1.3906323569373835,1.0249417683455095,0.7605573883562851,0.7070171570501634,0.3734547044480772,0.2764441190831208,0.20646539983946963,0.8741635208194326,1.3967832455988114
Mbi2.80Zp0.06T00.1500_iTp0.40_ACFep00_aFep06,-0.18202481575155302,-0.12752976720575815,0.23489752527953459,-0.6146530943089435,0.07929382373100241,0.8044076635377807,1.3536212696947083,1.0890744799415106,0.7594675627621927,0.6899471479267625,0.36369159450560656,0.2769274112145331,0.19019022585068485,0.8977288712359994,1.5027782896226258
Mbi2.80Zp0.06T00.2000_iTp0.40_ACFep00_aFep06,-0.19229801333240534,-0.13623342818559891,0.2524083830611526,-0.7801512513020111,0.04985953095015952,0.820237488652125,1.3481970890791997,1.1328492463934177,0.785538387439195,0.6949767730842729,0.3565957225420168,0.2653171312640309,0.17856476262297008,0.927992794359327,1.5303446754207832
Mbi2.80Zp0.06T00.2500_iTp0.40_ACFep00_aFep06,-0.19866704816014183,-0.1426030629764159,0.27662579333506687,-0.8410132758515096,0.035937939107860306,0.9016352274287822,1.4686056599283817,1.199564414576517,0.8661641471549919,0.7559811835783861,0.38111451332413604,0.26307948544319254,0.18370373589527242,1.0010053200125384,1.478985133883398
Mbi2.80Zp0.06T00.3000_iTp0.40_ACFep00_aFep06,-0.19906596608680413,-0.14282432705454612,0.30457615679985006,-0.8039173573107716,0.017419592664740257,0.9809655331578575,1.5631361734417226,1.270670516533542,0.9413647764327373,0.8083257228515074,0.3903266253165466,0.2644619055235511,0.1819150995951734,1.071835249418013,1.4524517530995817
Mbi2.80Zp0.06T00.3500_iTp0.40_ACFep00_aFep06,-0.19943909662332732,-0.14375477519440238,0.32823940004936,-0.7749072264480981,0.047196212039311625,1.072767407880944,1.6449593350437746,1.316330272060734,0.9963561275395038,0.8317981457472472,0.39551685671259734,0.2700645566001067,0.18811159275903622,1.1184284463521086,1.4400647596268412
Mbi2.80Zp0.06T00.4000_iTp0.40_ACFep00_aFep06,-0.1965530813272754,-0.14209802876682356,0.3466967029529799,-0.7767190652490077,0.11147106256967758,1.1741903018529085,1.7782466546263047,1.371270098037577,1.0686624475599122,0.8648374752296337,0.42774095740901363,0.2836481578179094,0.21738067870946143,1.1777797392099256,1.418433051767786
Mbi2.80Zp0.06T00.4500_iTp0.40_ACFep00_aFep06,-0.1935720351875356,-0.14066344742068362,0.37679993697139486,-0.7938962849970747,0.11955866212556376,1.1928920083208714,1.798465801555314,1.4516292928650323,1.069473378683721,0.8874421469797992,0.4104736190201709,0.2854172051631153,0.20195398914068385,1.2159322190617643,1.4835891215823807
Mbi2.80Zp0.06T00.5000_iTp0.40_ACFep00_aFep06,-0.18422271280429212,-0.1326366823958425,0.41343425085883034,-0.7123588689406033,0.14963355963663916,1.2852976687185418,1.9216393216869767,1.5251717340143485,1.1300072250052788,0.926290377093432,0.42984076786225306,0.30138360718481444,0.20510292181903378,1.2792412551666326,1.483415369893656
Mbi2.80Zp0.06T00.6000_iTp0.40_ACFep00_aFep06,-0.1681455241150448,-0.11882498148507487,0.46942650551253456,-0.48518297837387414,0.20445873116681032,1.447175162499554,2.1399440956636093,1.646940250760753,1.2365773218568397,0.9956704001256594,0.47812338234185553,0.33528410963848726,0.2177825587649758,1.3876153497421024,1.475589142318018
Mbi2.80Zp0.06T00.7000_iTp0.40_ACFep00_aFep06,-0.14997626880692827,-0.10324151130443444,0.533107497191521,-0.2077593691196068,0.26111477524789994,1.5933920985254988,2.349504071635256,1.7920403490236625,1.3342258560935176,1.0612395784766122,0.524928456846685,0.37444019719556193,0.23187859515140147,1.5013360350197509,1.4961938696020025
Mbi2.80Zp0.06T00.8000_iTp0.40_ACFep00_aFep06,-0.13335418491205467,-0.08878425547936275,0.6019038997717368,0.04522955037832009,0.31946676843567384,1.7384753779543225,2.560345438453698,1.9474788405142012,1.4330994017322671,1.1319816362392725,0.5782991440858308,0.4219226071043721,0.25439900819451156,1.620719910324731,1.5184540462349392
Mbi2.80Zp0.06T00.9000_iTp0.40_ACFep00_aFep06,-0.11669206016987703,-0.07415520255783356,0.693321203575254,0.3161538912558466,0.38698459718502165,1.884800316900111,2.7820261223488187,2.143295618076099,1.5376541748240082,1.2077678151905322,0.6433354887951097,0.4747146798154013,0.2839396537151432,1.7600213459155474,1.5613596932431852
Mbi2.80Zp0.06T01.0000_iTp0.40_ACFep00_aFep06,-0.09916671944688497,-0.05843606116282194,0.8171196105313339,0.6522881690436335,0.4845106995596924,2.0995061880880392,3.0938834926821106,2.3897919259825358,1.6636576590962353,1.3127431107134901,0.735107211587359,0.5388946249906038,0.3203234971520361,1.9341623691059184,1.6058267087031495
Mbi2.80Zp0.06T01.2500_iTp0.40_ACFep00_aFep06,-0.07717893811206121,-0.039559005108787876,0.9376144522024719,0.9680464894418817,0.5630166919320154,2.3005727679885855,3.367265686654433,2.625891069864918,1.7577837859162995,1.3696770084289642,0.7864193987581065,0.5572663066208396,0.31640039630659733,2.0809597382618206,1.6792479538754062
Mbi2.80Zp0.06T01.5000_iTp0.40_ACFep00_aFep06,-0.06024044914098512,-0.02557638265392305,1.066603672077955,1.3084460798942275,0.6773904360723983,2.5787971268495253,3.7858966465652206,2.8342135101532913,1.892841355474836,1.4826733876888323,0.8667991000443823,0.61263562163257,0.34692443239303317,2.2448197111257975,1.679277814379772
Mbi2.80Zp0.06T01.7500_iTp0.40_ACFep00_aFep06,-0.05665996184607058,-0.022389594722027464,1.1136973202202507,1.3352769501712916,0.6354048096180802,2.469018360790887,3.5964722642734124,3.0209742757225353,1.8646982561248764,1.4440297214673534,0.8538104518568737,0.5993877431179117,0.34401241028456897,2.2972534456677103,1.8260638506287281
Mbi2.80Zp0.06T02.0000_iTp0.40_ACFep00_aFep06,-0.051815187642757714,-0.018113631291199514,1.1829938882813957,1.4476319847415746,0.6322756068407844,2.422016893264727,3.500354570970674,3.208346715252282,1.8632874941458457,1.4408910225089437,0.8623416739589447,0.6002248282866409,0.34939918974929807,2.3661398729505754,1.9419935691007826
Mbi2.80Zp0.06T02.2500_iTp0.40_ACFep00_aFep06,-0.047159713800617925,-0.014077953342217338,1.2421012346493665,1.60503709055792,0.6668748342700366,2.455047611576007,3.5544252939449903,3.3284112845176037,1.893523763098642,1.4697431011652584,0.8853134806130519,0.6130189904674577,0.35610734413419987,2.4305310708042227,1.979272783782547
Mbi2.80Zp0.06T02.5000_iTp0.40_ACFep00_aFep06,-0.045758834088970884,-0.01353713101044214,1.2757277315561015,1.6534936599277863,0.6746945296898473,2.467991764992206,3.5619555519249517,3.4094764194479215,1.9091622755969897,1.4750356305228638,0.888067425342204,0.6144525047273027,0.35548671913784113,2.468765538261152,2.0149391460129182
Mbi2.80Zp0.06T02.7500_iTp0.40_ACFep00_aFep06,-0.04384998714320957,-0.01229043903788438,1.3157141239163512,1.734930054196312,0.6909334957432349,2.494981005497293,3.5950049517912466,3.4859770297596215,1.9312975714230434,1.4860799422402182,0.9030491208522837,0.6212082413108333,0.3610301749122963,2.509560481759738,2.040147461509352
Mbi2.80Zp0.06T03.0000_iTp0.40_ACFep00_aFep06,-0.041729775839444115,-0.010488292466915947,1.3522620707887063,1.8031611663107157,0.7076272764201035,2.522351437724784,3.626013345861113,3.5613139384776336,1.950411910048647,1.4998391896147736,0.9157819721768375,0.6297318243379062,0.3656752432382946,2.5488688601705127,2.064379568678377
Mbi2.80Zp0.06T03.2500_iTp0.40_ACFep00_aFep06,-0.03968307151150836,-0.00878382958045965,1.3895411682295342,1.872250504590736,0.7225917653646916,2.550852194260974,3.654063354264889,3.621440707971789,1.967366090202562,1.5130402139993784,0.9285915974124852,0.6364740424819199,0.3712262404594909,2.5814747072493374,2.0810447927298465
Mbi2.80Zp0.06T03.5000_iTp0.40_ACFep00_aFep06,-0.03771298052659132,-0.00694813861747955,1.4252635407882828,1.9351530475570566,0.7387633969952375,2.5801512274770952,3.693914281902634,3.6865766837552685,1.9879829996833223,1.5275002525627748,0.9428836316580882,0.6425248952219643,0.3763680978741062,2.61792329640665,2.0973370767161854
Mbi2.80Zp0.06T03.7500_iTp0.40_ACFep00_aFep06,-0.036340163211248645,-0.005573818722437112,1.4510122290687988,1.9707008177539933,0.7488838876176747,2.594665905889997,3.7053607967857465,3.730997547081443,2.002374232540772,1.5372960599280603,0.9517586782972723,0.6469158650969271,0.37887285966127365,2.6429142634613307,2.1081045627439865
Mbi2.80Zp0.06T04.0000_iTp0.40_ACFep00_aFep06,-0.03586676012774853,-0.005304572392313122,1.464645393885478,1.9990440025027565,0.7531459044815754,2.606757862751607,3.708300529888036,3.747443457480654,2.008006765478033,1.5432681415076985,0.9554176321386746,0.6470136125783426,0.38018617556376194,2.652781358392246,2.1104778174784715
Mbi2.80Zp0.06T04.5000_iTp0.40_ACFep00_aFep06,-0.03388595501907911,-0.003532375630779314,1.5204927946309654,2.058848178733601,0.7698978286753649,2.6359629738632506,3.737787842670802,3.850678050558263,2.031411608563718,1.5609178977023617,0.9677100514377984,0.6511148030877331,0.3839587830844646,2.7046313144771683,2.1438334338993945
Mbi2.80Zp0.06T05.0000_iTp0.40_ACFep00_aFep06,-0.03125491886837523,-0.0009959579923787475,1.5682153260576868,2.1329915334642213,0.7871367445582985,2.6606211134822013,3.7715083271912517,3.9332171332048413,2.058090089603213,1.5774682182213218,0.9822104479226329,0.6582247788698977,0.3876142060227632,2.7505646605660847,2.163748618604014
Mbi2.80Zp0.06T05.5000_iTp0.40_ACFep00_aFep06,-0.02990598019943707,0.00013256689093654755,1.600779844488285,2.1796218141512873,0.7957092140016697,2.6789753883507728,3.7770382660621435,3.9783225202826986,2.072918919132255,1.585930843284364,0.9906243031554055,0.6613699359018844,0.387149210336696,2.7756565426061948,2.1746301589902246
Mbi2.80Zp0.06T06.0000_iTp0.40_ACFep00_aFep06,-0.029050226320400458,0.0007930545852520069,1.6328035386951423,2.218803274286828,0.8051391061788445,2.6945744712067845,3.7866077597969543,4.039205346290427,2.0855888324026637,1.5937910548955425,0.9991080838462842,0.664718350837042,0.38983212926925515,2.8049793836298167,2.195590273368833
Mbi2.80Zp0.06T06.5000_iTp0.40_ACFep00_aFep06,-0.027308735269965093,0.0024648635712419004,1.6709972787505512,2.2653104019202743,0.815928088436489,2.7133742660654345,3.80498520562169,4.104749186171356,2.100180222956967,1.6059235946047912,1.0086006400327023,0.6675984892466359,0.392997709423496,2.8377190140954824,2.2151290887862207
Mbi2.80Zp0.06T07.0000_iTp0.40_ACFep00_aFep06,-0.026120766920680657,0.003500555064414807,1.7088056853530464,2.3106258424390766,0.8294513088686221,2.740261532983188,3.8391867483423887,4.157634716583415,2.12046702655551,1.6180056495334287,1.018798616446451,0.6718098762392035,0.39594194711134734,2.8690055912841625,2.2242423988680797
Mbi2.80Zp0.06T07.5000_iTp0.40_ACFep00_aFep06,-0.02473070815896939,0.00472010497394788,1.7432029021133844,2.373208637409145,0.8425992462498106,2.766418013436823,3.8644753520696673,4.213803558206957,2.139044748966563,1.6330441537509661,1.0312499717966903,0.6742842906829882,0.40021408227815086,2.9011208151261814,2.2342016144800843
Mbi2.80Zp0.06T08.0000_iTp0.40_ACFep00_aFep06,-0.023831185168394355,0.005498282956885899,1.769620349255451,2.4131536407968364,0.8516081397037238,2.7848691004225867,3.875909839445095,4.2587940154473705,2.1538078117847967,1.6413109166040598,1.0392460406972266,0.6780549556072967,0.40302236104299366,2.92600249152597,2.244353507883722
Mbi2.80Zp0.06T08.5000_iTp0.40_ACFep00_aFep06,-0.023080864750869734,0.0061560814916502594,1.7967390128078684,2.4505086348102525,0.8588110160926304,2.8012971693471873,3.8891778754745068,4.297616708425132,2.1634120803380843,1.6466327593684302,1.04702573449938,0.679868180490459,0.40442609720252554,2.945447072898569,2.2559402260243084
Mbi2.80Zp0.06T09.0000_iTp0.40_ACFep00_aFep06,-0.02231211171263023,0.006928278847087919,1.8228948318367104,2.489464319476328,0.8624897451492636,2.8146433370844135,3.8914889389272513,4.333810981990631,2.1720335882993003,1.6512727443942876,1.053252466026217,0.6802455797289719,0.4069345900530494,2.963318558680162,2.26704878180001
Mbi2.80Zp0.06T09.5000_iTp0.40_ACFep00_aFep06,-0.021703934301594695,0.0074752160452005115,1.8470266792758205,2.52539991704128,0.8696010757276446,2.827489919226016,3.9045134629289167,4.377347948426461,2.1810801431812514,1.6571182855857027,1.0606592157059112,0.6816145534435347,0.4089544461791523,2.9841496190097874,2.280938846526865
Mbi2.80Zp0.06T10.0000_iTp0.40_ACFep00_aFep06,-0.021176365627303302,0.008003237584810684,1.8694606396533997,2.5565059988939,0.8749359298860545,2.838063471168803,3.9006271451821677,4.402978694730564,2.1885311080965377,1.6593465990621816,1.0682477283652594,0.682788355048121,0.4109474893696217,2.997275290730467,2.2885231963267003
Mbi2.80Zp0.06T10.5000_iTp0.40_ACFep00_aFep06,-0.020572735312872226,0.008554387155922131,1.895887108524071,2.5772867650216527,0.8842471070761011,2.857653583949988,3.9215391960495647,4.447448074065978,2.2003575480307043,1.6681032567519534,1.0750424826761211,0.6874520648667983,0.4127828745845016,3.020458145530344,2.299337280898649
Mbi2.80Zp0.06T11.0000_iTp0.40_ACFep00_aFep06,-0.019603425277654227,0.009483789064698479,1.9238447119990925,2.606334074095253,0.8977411435450039,2.880327210083457,3.9478531646067703,4.493043540126848,2.2130647566063306,1.6780813199757163,1.08324319536497,0.6925762396536931,0.4151243896461502,3.0447264612481395,2.3093677038583467
Mbi2.80Zp0.06T11.5000_iTp0.40_ACFep00_aFep06,-0.018831547462354596,0.010196796083420416,1.946623747620223,2.631581183742279,0.9093324317937512,2.8997957340734213,3.976669946547123,4.520154770585803,2.2248903588412348,1.686997038267566,1.09190631424438,0.6960570473225027,0.41831078465044175,3.0620365237878073,2.310984091171213
Mbi2.80Zp0.06T12.0000_iTp0.40_ACFep00_aFep06,-0.018211064861858473,0.01070480151248046,1.9685683746791045,2.6650908922391325,0.920861893136266,2.9201494986274965,4.002022783862478,4.543326942013173,2.235730447967384,1.6936481070775928,1.09841112572472,0.6977155101983457,0.4201363246553352,3.077020366225455,2.312491340993318
Mbi2.80Zp0.06T12.5000_iTp0.40_ACFep00_aFep06,-0.017815991100970555,0.011085433633026083,1.9986988692400294,2.6900501025717434,0.9308861024151146,2.9407036650348264,4.029977944625387,4.580278787824539,2.2513645823764703,1.7051469413973876,1.1043695069703225,0.701908647894761,0.4230256250626708,3.100220201768743,2.315311738789382
Mbi2.80Zp0.06T13.0000_iTp0.40_ACFep00_aFep06,-0.017851024673275453,0.01100965892046116,2.0291699522469893,2.703033295670626,0.9405636515369044,2.959095998974347,4.057633506815892,4.615864277315857,2.262129544797836,1.7125905696708605,1.1075369212462962,0.7048394425482503,0.4228785189768855,3.119524916665088,2.322610973544165
Mbi2.80Zp0.06T13.5000_iTp0.40_ACFep00_aFep06,-0.016747814995875493,0.012012624739031141,2.03597471477416,2.725086105590483,0.9465264026871109,2.9682039242153557,4.066813552860188,4.628340803674413,2.265876547606494,1.7147128882581877,1.1098727215561417,0.7071484696021486,0.42201896951639056,3.126175997962694,2.3254550001934695
Mbi2.80Zp0.06T14.0000_iTp0.40_ACFep00_aFep06,-0.016053889834458164,0.012834020369721328,2.056500761234891,2.73980953602159,0.9545361041315462,2.982543829536765,4.08043666857741,4.6465992761676995,2.2747623296927055,1.7169976591546048,1.1138735872933627,0.704630697587017,0.42308163648753455,3.1375516726538994,2.3280955213489603
Mbi2.80Zp0.15T00.0300_iTp0.40_ACFep00_aFep06,-0.13690103433644368,-0.0879558187859966,0.20419820070392572,-0.17090732001063824,0.2328012135376521,0.6807779865016694,1.4461055587490803,0.8207513903908588,0.6615580721705013,0.6040949900209722,0.319667388308972,0.2180294128222935,0.20088940409635916,0.7278523849507752,1.2969610944878223
Mbi2.80Zp0.15T00.0400_iTp0.40_ACFep00_aFep06,-0.14465768482569671,-0.09453781225483118,0.2183576932439487,-0.2701681168228425,0.20023325464412745,0.7365839391605895,1.459202937650858,0.8748101903918835,0.7057755079203828,0.6481798577752874,0.3473646084842486,0.2462227855808646,0.2152874938839466,0.7767314421280944,1.2922289944800371
Mbi2.80Zp0.15T00.0500_iTp0.40_ACFep00_aFep06,-0.15047600553805046,-0.09984237627410647,0.23367477858874078,-0.31478406702547845,0.18821590817249667,0.7901003408538642,1.5180980789288172,0.9228363135650638,0.753276283103594,0.6946099628511047,0.3738211136671642,0.2693454634390331,0.22371717613601785,0.8246160762414763,1.2747359347371512
Mbi2.80Zp0.15T00.0600_iTp0.40_ACFep00_aFep06,-0.15463010958111878,-0.10341009207777514,0.24300433593865994,-0.3320996080542456,0.18066159700781714,0.8053943553799936,1.5156384145912167,0.976628389493707,0.7768586196036931,0.7170627654629019,0.3857232492109145,0.28472016585176085,0.22214943152713545,0.861597731243555,1.3074695887697887
Mbi2.80Zp0.15T00.0700_iTp0.40_ACFep00_aFep06,-0.16059956968853598,-0.10882310189500449,0.24409374692410687,-0.449085273941187,0.1706031310360556,0.8439403934731242,1.5568711447709902,0.9640517963332088,0.8002934206285652,0.7294399776135183,0.3859689179569126,0.28970714870295344,0.21672198129150214,0.8674090850494955,1.2604180538139047
Mbi2.80Zp0.15T00.0800_iTp0.40_ACFep00_aFep06,-0.16467356040606781,-0.11221048148460776,0.2518051988769469,-0.4436044659762758,0.15778717023466304,0.8351253657088431,1.5222755677044333,1.0108730669124895,0.8060991495080871,0.7344145247502509,0.39174283210105454,0.2928473059498659,0.2166276270722322,0.8913887949063252,1.3123844128149817
Mbi2.80Zp0.15T00.0900_iTp0.40_ACFep00_aFep06,-0.1681009184475585,-0.11512203703959036,0.25416309200118364,-0.47854022205540325,0.14174957551970413,0.8150215360936762,1.4632505951033121,1.0503436457728903,0.7902580704146239,0.7289429786855395,0.3944016763291041,0.2953942520717834,0.2192683195043723,0.9011159781205804,1.382757925812411
Mbi2.80Zp0.15T00.1000_iTp0.40_ACFep00_aFep06,-0.17240329821176983,-0.11895830398385629,0.2500334274454188,-0.5090722966823947,0.12284154042639742,0.8038697584579854,1.4199902878341266,1.0586246362167446,0.7672342887776993,0.7151148847812537,0.3878199153618188,0.28682409709579826,0.21478709898367385,0.8926164641230548,1.428306710860986
Mbi2.80Zp0.15T00.1500_iTp0.40_ACFep00_aFep06,-0.1880827351026175,-0.13256416411097058,0.25374081188107295,-0.6862655682724276,0.07991035783527993,0.8290187711320923,1.3945672267931915,1.123301078391953,0.7981804087379071,0.7077875425241149,0.3806297837971558,0.29220099189530807,0.20062318384651517,0.931754345704645,1.4917994469279523
Mbi2.80Zp0.15T00.2000_iTp0.40_ACFep00_aFep06,-0.19658678425813159,-0.1399792389029741,0.27060139232057123,-0.8096296125266899,0.05501265714725959,0.8660640455043541,1.4350961822875128,1.164665224056111,0.8349857721377358,0.7301646355920158,0.3881544626685093,0.28481399813771563,0.1950943287909439,0.9686568341243593,1.488247031472785
Mbi2.80Zp0.15T00.2500_iTp0.40_ACFep00_aFep06,-0.20047237317006014,-0.14352900140807753,0.30189983360392497,-0.8392772806489583,0.034703165335069286,0.9493900692262713,1.5278614649604063,1.2439183362325326,0.9270291307451748,0.7890367664891086,0.4004083175932754,0.27593730650627357,0.19693463589355922,1.0512307971855337,1.4497325985410088
Mbi2.80Zp0.15T00.3000_iTp0.40_ACFep00_aFep06,-0.19972830859425827,-0.143061064687049,0.32854955837984595,-0.7210228335910349,0.010848439658753855,1.0364500792290445,1.6352424627460223,1.3255146503296722,1.0025246574820277,0.8520616788094915,0.40501646146462444,0.2875696570684113,0.19753295683056976,1.1282808487657723,1.429445072889092
Mbi2.80Zp0.15T00.3500_iTp0.40_ACFep00_aFep06,-0.20389881388980832,-0.14765737999302497,0.35310170703552396,-0.8099880578519458,0.07777513893846842,1.1606361019236284,1.7692852413467541,1.378322784395599,1.0873877592515595,0.8742466640846993,0.4326676855761604,0.2976929887749416,0.22147573893381906,1.1901738109522646,1.4052799726581164
Mbi2.80Zp0.15T00.4000_iTp0.40_ACFep00_aFep06,-0.20159493187649993,-0.1470846806417164,0.3826826891215996,-0.828696570080351,0.11772441064510616,1.239488969900732,1.8950761914465348,1.4573676287432458,1.149803924113747,0.9190220030222073,0.44994925552271936,0.3156071941725595,0.23285213494182344,1.2575823909779804,1.4088837631311009
Mbi2.80Zp0.15T00.4500_iTp0.40_ACFep00_aFep06,-0.1949806633586952,-0.1419323165839542,0.426941248287002,-0.7964261952833709,0.13247989990567,1.3060242238300723,1.9851662277798838,1.5440774848340766,1.1922950319014074,0.9615401543460771,0.4453675846054292,0.324292170317784,0.21891242163307023,1.3195571071283039,1.4337935369365404
Mbi2.80Zp0.15T00.5000_iTp0.40_ACFep00_aFep06,-0.18472469541337444,-0.1328062381440268,0.4535293810112557,-0.68413768801595,0.17640765825103136,1.4107546813734189,2.137157058989368,1.6000258351698717,1.262137338118276,0.9992605822247234,0.47834933953883,0.3450742269136345,0.23213848536680143,1.3790147425865618,1.4150767724480673
Mbi2.80Zp0.15T00.6000_iTp0.40_ACFep00_aFep06,-0.16432943812813983,-0.1154601778866671,0.5250437915514565,-0.4485674568032929,0.25069853718530727,1.6074575420948696,2.413993993245862,1.7440798402915092,1.3835100373397435,1.0728648257793052,0.5337586987356953,0.38569941481816833,0.2497338155489287,1.503745573790599,1.42004371277185
Mbi2.80Zp0.15T00.7000_iTp0.40_ACFep00_aFep06,-0.14401224572105265,-0.09795567619873012,0.5989066402274753,-0.10815487071845378,0.3052781429904404,1.7475185866265823,2.615707129039471,1.9183172003823339,1.4728385487286157,1.1443459943254923,0.5789658929100104,0.43227889660322405,0.2649569668204147,1.6275529805710554,1.4659395765372851
Mbi2.80Zp0.15T00.8000_iTp0.40_ACFep00_aFep06,-0.12749624161367168,-0.0835377062268404,0.6798789162186906,0.18292893661945653,0.3476240480168268,1.8362983014646954,2.7372111616968122,2.121919183863574,1.5389463671035464,1.1963934029581815,0.6245716243511841,0.46971742230676494,0.28347443417174994,1.7498560802487564,1.5514849066196181
Mbi2.80Zp0.15T00.9000_iTp0.40_ACFep00_aFep06,-0.10970533886375547,-0.0679247608160852,0.7793596568650455,0.49521165972555187,0.4231400606042406,2.0012244570940863,2.955266313277505,2.3178349611370885,1.6473825306416987,1.2756335892370176,0.6928042322853307,0.5258678948957949,0.31351592040597065,1.8913217784937728,1.585920067545342
Mbi2.80Zp0.15T01.0000_iTp0.40_ACFep00_aFep06,-0.09235623096956296,-0.05235429980749605,0.9023898481486887,0.8107286635196296,0.5155662656443833,2.19338463433911,3.238579682706535,2.5484132046497163,1.7662289127503088,1.370109566651297,0.7740948825579576,0.5835692380809939,0.343677879695374,2.053881171700675,1.62508812195292
Mbi2.80Zp0.15T01.2500_iTp0.40_ACFep00_aFep06,-0.07040216687472708,-0.0336337916121235,1.0591071182467395,1.234519328463191,0.6265821493488677,2.4308471320961114,3.599571455012472,2.814594653429598,1.8643616106627399,1.4602637865440322,0.8467441218409896,0.6237437082769197,0.3573934374036433,2.2201257127395215,1.69318002310535
Mbi2.80Zp0.15T01.5000_iTp0.40_ACFep00_aFep06,-0.06208186349255698,-0.02656257782801872,1.1479786810425872,1.3241109133527715,0.6345825074426912,2.4747384820425027,3.662618244148054,3.0344284698069375,1.9008213135851753,1.4800545722702154,0.8712930849979182,0.6249540554684538,0.3718336215256299,2.326027959384916,1.795054638061167
Mbi2.80Zp0.15T01.7500_iTp0.40_ACFep00_aFep06,-0.057541162814302424,-0.022827206057320772,1.218433461674212,1.378445929980146,0.6344133613057034,2.452532675078801,3.624832286905007,3.226940532490382,1.9192331748925366,1.4741480895864723,0.881011362165233,0.6241860931871578,0.37434143107312523,2.406469957167599,1.9019027223784821
Mbi2.80Zp0.15T02.0000_iTp0.40_ACFep00_aFep06,-0.049882547105845956,-0.01685568088852503,1.3100823362352705,1.6190074192596242,0.6934681826705751,2.5344310543252617,3.721695564136337,3.383079138597756,1.9698665947795735,1.5233974192275543,0.918951302455472,0.6505943160260237,0.3860193899337824,2.4982576383441764,1.936915804263544
Mbi2.80Zp0.15T02.2500_iTp0.40_ACFep00_aFep06,-0.04486899351367542,-0.012563439491274834,1.3879190238530084,1.7764231350865824,0.7293105022697055,2.581191321579668,3.794745508071226,3.5323072866425265,2.0158951570907626,1.5491568725104679,0.9513421501996898,0.6686658058240144,0.39503615951852233,2.58053008126184,1.9816301458229395
Mbi2.80Zp0.15T02.5000_iTp0.40_ACFep00_aFep06,-0.0433958596219038,-0.011646259099495022,1.4349201878417244,1.8506739378867982,0.7455159228314991,2.608827487909787,3.8307007660025545,3.6234962142968183,2.0395097556813147,1.5592424009422836,0.9630049074446481,0.6736631754670575,0.39716420277163944,2.6273345304782656,2.0137514652836974
Mbi2.80Zp0.15T02.7500_iTp0.40_ACFep00_aFep06,-0.04201074633006616,-0.010664679035961437,1.4696991657670462,1.9062080325814175,0.7555422607473605,2.621709568388964,3.83740087853809,3.6846944342989048,2.0554869934853555,1.567523896987886,0.965309231307015,0.675331599296808,0.39767135780755775,2.659022924128933,2.0340509844935113
Mbi2.80Zp0.15T03.0000_iTp0.40_ACFep00_aFep06,-0.039729890664101784,-0.008599743826217837,1.5174707794322264,1.9790501525411315,0.7735244151087428,2.6525689709211724,3.861873146449633,3.772101418528019,2.0740943484783747,1.5859810604005269,0.9777123756532894,0.6795223830524733,0.4043623796831868,2.7033598803480077,2.061215137468128
Mbi2.80Zp0.15T03.2500_iTp0.40_ACFep00_aFep06,-0.037707260528735805,-0.006743855783945775,1.5641351462368593,2.0372967414319114,0.7909663894949983,2.6817240237778486,3.8920629475011785,3.8441786749231746,2.0935597434669053,1.5996889904603546,0.9911425969717665,0.6879498000350222,0.41015693668718145,2.7416108483495285,2.081732887151319
Mbi2.80Zp0.15T03.5000_iTp0.40_ACFep00_aFep06,-0.035897492005090285,-0.005100008849404793,1.6070298899975322,2.1019628346857746,0.8071221682905683,2.706637702422238,3.9253714696062594,3.91703779084712,2.1109958734522385,1.6155276796247882,1.0031321711131642,0.693099059481037,0.41544580161768657,2.779466796636897,2.1022477035535085
Mbi2.80Zp0.15T03.7500_iTp0.40_ACFep00_aFep06,-0.03453945385886538,-0.0038085420618377665,1.6403543696106804,2.144785492526105,0.8168937448987297,2.723283247145774,3.9410004391889215,3.9703964503911124,2.1247880254220464,1.6248438319604024,1.0105594037192809,0.6970340852442803,0.41689061469975025,2.807215234294902,2.117752676212206
Mbi2.80Zp0.15T04.0000_iTp0.40_ACFep00_aFep06,-0.033715154147356076,-0.00306707409453127,1.664844439703364,2.184207325370041,0.8254161271966092,2.7390841391439085,3.948964638565042,4.007269461119308,2.137695908733416,1.6331484857614724,1.0177636119129565,0.7010485468416048,0.4193467111533732,2.8284630875961185,2.125396352588603
Mbi2.80Zp0.15T04.5000_iTp0.40_ACFep00_aFep06,-0.0319433723472301,-0.0013917264415031832,1.7095899005674478,2.216602907647185,0.8345018602393743,2.7458851271591946,3.956140074539791,4.095890954407961,2.1524891760682663,1.6386767277250645,1.0238388498653173,0.7080864091355017,0.419392117401901,2.8682913752055144,2.1607553234796355
Mbi2.80Zp0.15T05.0000_iTp0.40_ACFep00_aFep06,-0.029373090035756548,0.001109064908974837,1.7565800955965565,2.2685373258391293,0.8480882120988837,2.768701403997165,3.9711960635659826,4.169076102725162,2.1671195870123454,1.6474783897829552,1.0338871780833458,0.7150422136187999,0.4228341527915477,2.90315136475862,2.1858534650761094
Mbi2.80Zp0.15T05.5000_iTp0.40_ACFep00_aFep06,-0.028409537111409214,0.0018717793160644017,1.8040030455059535,2.312267289772603,0.8610356645919692,2.7839625415840517,3.9899680695304958,4.250056092035576,2.1900369854850577,1.661141487912842,1.0454834760770757,0.7196310887027034,0.4268308102579788,2.9459100602567694,2.2071457458504886
Mbi2.80Zp0.15T06.0000_iTp0.40_ACFep00_aFep06,-0.02770635543431734,0.0024076506037499544,1.8419174000379894,2.345588285459571,0.8665365097462265,2.7950760995295183,3.991572855565658,4.307569057551717,2.2013357827879627,1.6671605881941653,1.0524907045728016,0.7207061758538593,0.4298581130911471,2.9728987322387086,2.226999146160821
Mbi2.80Zp0.15T06.5000_iTp0.40_ACFep00_aFep06,-0.026836109740165766,0.0031444949963457883,1.8744303945794396,2.3837641148049706,0.8748776466689703,2.8087227150143024,3.998550788024189,4.353227196536593,2.206515355585158,1.669669599050788,1.0608270616436855,0.7213008356420783,0.43214895895730054,2.991838802836064,2.2461400823147515
Mbi2.80Zp0.15T07.0000_iTp0.40_ACFep00_aFep06,-0.025705107547127154,0.0042179401269141145,1.9155458341009488,2.4388986224594342,0.88516052107037,2.830236790575224,4.0259506930407465,4.416215631327439,2.2289517976737656,1.6826430734966376,1.072209044271059,0.7242215372611871,0.43652074462872237,3.0278703695393956,2.258012793643963
Mbi2.80Zp0.15T07.5000_iTp0.40_ACFep00_aFep06,-0.024694584210295058,0.0051036529306875385,1.9504577474081823,2.4929096319675708,0.8956145853940864,2.8452435465885904,4.036871678095577,4.471236430193587,2.246302583697734,1.6950840445420468,1.083841237195807,0.726311299783172,0.4399325935533637,3.0583744031350064,2.2688646671491024
Mbi2.80Zp0.15T08.0000_iTp0.40_ACFep00_aFep06,-0.024044822508310575,0.005727895001240445,1.9872279806308566,2.5319870171567063,0.9009441126736208,2.8605830731238164,4.049025069154913,4.524605240077431,2.2588355474324446,1.7020501790129996,1.090268269584779,0.7258018310451286,0.4404171570042961,3.0846318476654995,2.284643159416708
Mbi2.80Zp0.15T08.5000_iTp0.40_ACFep00_aFep06,-0.0228904263892434,0.006842123921856116,2.0230903028608402,2.5731421362634546,0.9128380795021207,2.881473588933331,4.076818274278822,4.574951282499636,2.278256466881245,1.7146414765091962,1.0998117773605611,0.7267645061244145,0.44319102961163614,3.114631475884527,2.2915443106041233
Mbi2.80Zp0.15T09.0000_iTp0.40_ACFep00_aFep06,-0.021702043385225366,0.007963852977918656,2.0477484971575826,2.612512921720805,0.9249618242520341,2.9008058367852545,4.08533822476369,4.606813415069215,2.29146981895382,1.7261652195147332,1.1085292449804645,0.7303112058012031,0.4459527402296221,3.1348338256978976,2.293296116227245
Mbi2.80Zp0.15T09.5000_iTp0.40_ACFep00_aFep06,-0.02099922933631169,0.008674608767884265,2.0740462783279807,2.648706992753024,0.9340655405453865,2.921513272260237,4.096646868378542,4.639476616435896,2.303063195888883,1.7332204631298371,1.1154025780306864,0.7347031713924566,0.44885202505635874,3.153530033798596,2.2988853154903492
Mbi2.80Zp0.15T10.0000_iTp0.40_ACFep00_aFep06,-0.02036205633931273,0.009317239553617417,2.0989743385238273,2.6937859581951145,0.942862565509806,2.938574251471453,4.10798163819426,4.669857737009603,2.3167012215476896,1.7395161389552036,1.1236984846140465,0.7366613823387673,0.45154887589841924,3.1723746470376706,2.3025677975159744
Mbi2.80Zp0.15T10.5000_iTp0.40_ACFep00_aFep06,-0.01903878751488357,0.010539900929248041,2.128384645110609,2.72233740756446,0.9585446583419324,2.9647333020149,4.138392207664024,4.715491581165941,2.3312151834815964,1.748927954668704,1.1313415823081812,0.7410147711015392,0.452038425956586,3.197500558954313,2.3114343891884492
Mbi2.80Zp0.15T11.0000_iTp0.40_ACFep00_aFep06,-0.018158078485393206,0.01145209567822178,2.1559280240545378,2.7592555146963154,0.9723685169293695,2.989487786159829,4.163267652765671,4.748493934352445,2.346355057665535,1.7560088415619852,1.1389206323521799,0.742592757597146,0.45339665041498484,3.2181891243039153,2.3150037641695276
Mbi2.80Zp0.15T11.5000_iTp0.40_ACFep00_aFep06,-0.01715694291473882,0.012380519945643181,2.183413508326954,2.777760413946725,0.9837478286418135,3.010809384731104,4.186304321500274,4.780163190764694,2.3596457512220295,1.7673518711686014,1.1468626240463087,0.7463637460243391,0.4559799071232565,3.238323419648322,2.316533048059139
Mbi2.80Zp0.15T12.0000_iTp0.40_ACFep00_aFep06,-0.016176153650618103,0.013401833846966717,2.212080738412972,2.781764684426993,0.9931527943939612,3.031267811970942,4.210447112393484,4.810788073952583,2.3696715894073552,1.7739176568957091,1.1537338751836794,0.7510890797840875,0.45792212868379745,3.2553793889061073,2.3220390767471932
Mbi2.80Zp0.15T12.5000_iTp0.40_ACFep00_aFep06,-0.015498750188923806,0.014062297884764744,2.240466500270279,2.8003648178232976,1.003782365669516,3.05021371788918,4.2356821106669695,4.837256973739687,2.386612060053462,1.7836380048749918,1.1622225525846746,0.755403196533542,0.46167461366981233,3.27535776735213,2.3198882073862763
Mbi2.80Zp0.15T13.0000_iTp0.40_ACFep00_aFep06,-0.014826601520987467,0.014675258739573283,2.2580930919760784,2.816836206900695,1.0120627422298334,3.064828229564405,4.2556922832567015,4.85234236888448,2.397590745130456,1.7887413610495142,1.1676728558985137,0.7569842548540997,0.462221515680969,3.2873567452135726,2.3181831951274616
Mbi2.80Zp0.15T13.5000_iTp0.40_ACFep00_aFep06,-0.014559977602189671,0.014930212124534008,2.2754697272913402,2.828573695712512,1.0182675916073018,3.077461769972509,4.2653287127036,4.86841966636832,2.39988565805235,1.7901091286129265,1.1723024206488375,0.7573763798584494,0.46177147261042734,3.2943025181749443,2.323830894425998
Mbi2.80Zp0.15T14.0000_iTp0.40_ACFep00_aFep06,-0.013578131432583584,0.01593797305577663,2.2885469421134697,2.8416973506858363,1.025667992137088,3.088130596755009,4.278976053578155,4.880478847722715,2.40623593101724,1.7930613331905656,1.1758559160320032,0.7607056144645813,0.46098160015558753,3.3023718113890363,2.324426465028269
Mbi2.80Zp0.26T00.0300_iTp0.40_ACFep00_aFep06,-0.13973868984172827,-0.08970141683359834,0.2092178847856429,-0.19850013984371562,0.22254003349434145,0.722550334426919,1.5109264759504186,0.8279399947098955,0.7081345944611118,0.6321477669985655,0.3351158399292555,0.23807415581358682,0.2052852283382713,0.7541070500959167,1.235471000018535
Mbi2.80Zp0.26T00.0400_iTp0.40_ACFep00_aFep06,-0.1467083531556922,-0.09602942886414248,0.23336755540934792,-0.22053238215156484,0.2146391773542623,0.8211718924377044,1.6369269411605907,0.8986983312550719,0.7924479461783738,0.7054796633462547,0.37067782924579445,0.26872271491437855,0.21773757029724788,0.8308353246306256,1.1999222466301644
Mbi2.80Zp0.26T00.0500_iTp0.40_ACFep00_aFep06,-0.15285012147343224,-0.1014632000405489,0.2619077544118297,-0.27085273519163516,0.2145922531260316,0.8894157881417178,1.7207660551398625,0.9782534898301021,0.8594832439987659,0.777058098796275,0.4203082955324494,0.30858741679728074,0.23060533054142932,0.9045525583557568,1.195513323432878
Mbi2.80Zp0.26T00.0600_iTp0.40_ACFep00_aFep06,-0.1587724789212483,-0.10657712486384403,0.26917404723285726,-0.36284691492094445,0.20333830997643842,0.8677116864686746,1.67699882449525,1.0487281552521113,0.855666379328994,0.782284166903719,0.4347740394639154,0.3206290622117921,0.2412503213420428,0.9358489117751474,1.2805370194651926
Mbi2.80Zp0.26T00.0700_iTp0.40_ACFep00_aFep06,-0.16389210490633702,-0.11098209409716561,0.27443417829658817,-0.38831761502727374,0.18207495309856656,0.848949271103704,1.6019761767228444,1.090002595795373,0.8477923275680352,0.7717439050681925,0.42770336298453926,0.32120946278532003,0.23889016506020339,0.9491500428930545,1.3460675640718487
Mbi2.80Zp0.26T00.0800_iTp0.40_ACFep00_aFep06,-0.16847535610237901,-0.11497502170825777,0.2765332843437636,-0.40977410213540166,0.16554979148725757,0.8456370635282676,1.5569038096408,1.1297543567440427,0.8404862004356143,0.7741661137788703,0.42841278666042987,0.32105410853601046,0.24025557145337273,0.9636201704043736,1.3993778682857294
Mbi2.80Zp0.26T00.0900_iTp0.40_ACFep00_aFep06,-0.17259086054957823,-0.1185955871978906,0.27011540849604365,-0.45421794145833816,0.13672755887828977,0.8305463901061246,1.5047100214927007,1.137395454963286,0.8096985273035578,0.7563168550263905,0.4240873365722013,0.30953219633396967,0.23893095843257786,0.9507612344043818,1.4525980623141095
Mbi2.80Zp0.26T00.1000_iTp0.40_ACFep00_aFep06,-0.17728685799451954,-0.12276260789295083,0.2664612297478011,-0.5102345105976125,0.12156341009080351,0.8389593875268057,1.4824560988237887,1.1430902356833064,0.8111810835908005,0.7500417793464089,0.4151234730276718,0.30849081962611763,0.23363770489464056,0.952724833489787,1.4643524160705044
Mbi2.80Zp0.26T00.1500_iTp0.40_ACFep00_aFep06,-0.19352967956009162,-0.13683447991848777,0.2885493696397362,-0.7184542239450542,0.07728463747633899,0.8700186642868089,1.4659663296751886,1.209647249322973,0.8501230867299856,0.7494450519845394,0.3937724337377306,0.30811715634167075,0.20747494174732883,0.9971204938550317,1.5124672966980859
Mbi2.80Zp0.26T00.2000_iTp0.40_ACFep00_aFep06,-0.20131809044707039,-0.14355954774213367,0.30866114349390483,-0.8127055595875546,0.05026277172560305,0.933647455499595,1.5533209623226727,1.265646671202417,0.9349263334347746,0.8012769266494503,0.4179102716548463,0.3043963531043447,0.21423352292108758,1.0657971581053858,1.4579475805626805
Mbi2.80Zp0.26T00.2500_iTp0.40_ACFep00_aFep06,-0.19912118975743692,-0.14148619327179826,0.32859092663440015,-0.7335134100032097,0.02501477626200399,1.0439525506256073,1.7056253901908491,1.3400427858457695,1.041138586183336,0.8722927232869916,0.44527236771215967,0.31035797025291206,0.22189128622464863,1.1540438730578146,1.400669863834012
Mbi2.80Zp0.26T00.3000_iTp0.40_ACFep00_aFep06,-0.20490249054527565,-0.1469819889065606,0.36915870162244274,-0.7427689831855304,0.06743604771240429,1.1824741593614003,1.8330711543917655,1.418254662160531,1.1334231146130325,0.9123842366223195,0.4528772422563904,0.3230996819975372,0.23070827344637712,1.2327633913757765,1.3864987446683326
Mbi2.80Zp0.26T00.3500_iTp0.40_ACFep00_aFep06,-0.2014364913347138,-0.1454873268424517,0.39861911361832747,-0.7492629714236245,0.1315574295819097,1.3191774852915241,2.0480963513559067,1.5013641939453102,1.2395450821699328,0.9681584387629752,0.5027642463986992,0.34909239943798315,0.2602172020324175,1.3217119770190462,1.3601139643160778
Mbi2.80Zp0.26T00.4000_iTp0.40_ACFep00_aFep06,-0.19530902218293378,-0.14099798470060604,0.4472558839915542,-0.745870197694755,0.13679627216877388,1.3699994534564275,2.1106283618957566,1.6078922234495747,1.2674998977962026,1.0055126344933083,0.4909259870603567,0.35676357023880545,0.23640800204758522,1.3856601277237965,1.4147675832037863
Mbi2.80Zp0.26T00.4500_iTp0.40_ACFep00_aFep06,-0.18444302925860723,-0.13188562831635722,0.4802436617857563,-0.6317062238748967,0.18440409097147833,1.4796542892561904,2.273515274004445,1.6791515588615367,1.3394168003171856,1.0497902408902484,0.5225696985762488,0.3794938678662813,0.2506178482613325,1.4535860068699373,1.405614105350153
Mbi2.80Zp0.26T00.5000_iTp0.40_ACFep00_aFep06,-0.17411944275686075,-0.12326994168131539,0.5221747991043596,-0.5050177663649165,0.22837260816941052,1.5785829450735318,2.4226786780117227,1.7636890461038108,1.412006599007054,1.091754918492241,0.5478979531168229,0.401128039642351,0.2554614077342639,1.5271508586375315,1.4088314991480075
Mbi2.80Zp0.26T00.6000_iTp0.40_ACFep00_aFep06,-0.15243751141238143,-0.10451627791805193,0.6028322718232484,-0.19914733526657594,0.30119489971901653,1.770052790212296,2.6811175110726486,1.9294029379899238,1.5357271722177896,1.17672893698997,0.602149062544221,0.4473845395314172,0.2752033595263441,1.6640594605028602,1.422624263994785
Mbi2.80Zp0.26T00.7000_iTp0.40_ACFep00_aFep06,-0.13136471096089303,-0.08610052192516146,0.6874437421883018,0.11006134633763978,0.3695159201764178,1.9196108897471849,2.8790644467257898,2.1046530411441,1.6263875680125277,1.2383032306825243,0.6524369024115563,0.48944262694246454,0.29457458430048256,1.787255531388158,1.4693753630254471
Mbi2.80Zp0.26T00.8000_iTp0.40_ACFep00_aFep06,-0.1118257117522191,-0.06919280612644502,0.7886257396908828,0.4923543074890561,0.43559455954187415,2.0617766037457916,3.0738551299951347,2.325927684109247,1.7135258488043175,1.3162067241007906,0.7075349588485514,0.5370031965400438,0.32350806215758704,1.9304867921666913,1.53540131225443
Mbi2.80Zp0.26T00.9000_iTp0.40_ACFep00_aFep06,-0.09493989059658953,-0.054084721151506164,0.8970751618356516,0.8410947652756772,0.49734359602849787,2.1897716230227333,3.255664865427865,2.5401644159617627,1.7956317113374705,1.3840604022148386,0.7651898239471169,0.5859751553571364,0.35259110352554895,2.0660279075980594,1.5977423758326874
Mbi2.80Zp0.26T01.0000_iTp0.40_ACFep00_aFep06,-0.0797119336570558,-0.04026160341383724,0.9915471691777882,1.1408689611989025,0.5464222829227714,2.296736390641322,3.402296528399437,2.7216805765157175,1.8644771806767138,1.4367796760880898,0.8177957136944516,0.6266569143955069,0.3786253299420115,2.1791226790988456,1.648875379653394
Mbi2.80Zp0.26T01.2500_iTp0.40_ACFep00_aFep06,-0.06795207379280255,-0.030865571261870856,1.1616308438854253,1.4516898453020068,0.6234993063702045,2.4410430476834954,3.6628780566959693,3.069516725580166,1.9334681596244134,1.512594682159173,0.8910683949882349,0.6553649906992565,0.40639137363355793,2.360738648046983,1.7814630008264558
Mbi2.80Zp0.26T01.5000_iTp0.40_ACFep00_aFep06,-0.06091053037223248,-0.025556194612502012,1.2703253081656543,1.4695310317810057,0.6662720551197121,2.5393391843602537,3.7952407847715777,3.2692068101083214,1.9994291227926801,1.5404628320547455,0.9215218012773929,0.6767663906536078,0.4085688223976746,2.4731396446705887,1.8470658719577946
Mbi2.80Zp0.26T01.7500_iTp0.40_ACFep00_aFep06,-0.05251573400410006,-0.018551791569812903,1.3625240868545792,1.696615783805073,0.7224631857979934,2.6342280075859765,3.907550530584268,3.467120553819145,2.0607983399529917,1.5939478925009907,0.9631393862478522,0.6951590253375547,0.4179693680638444,2.586855384977995,1.897324921238728
Mbi2.80Zp0.26T02.0000_iTp0.40_ACFep00_aFep06,-0.04646072256810026,-0.01338543253489485,1.4542077208155912,1.8639516889816532,0.7644537178377744,2.681814535494383,3.978167475579843,3.6494223430173287,2.120379630246787,1.6265430393750209,0.9947146645692441,0.7167786829551533,0.430321670524076,2.689524061523508,1.9479571183067301
Mbi2.80Zp0.26T02.2500_iTp0.40_ACFep00_aFep06,-0.04083523507082174,-0.008009757298516669,1.5394927880879492,2.0260208826206125,0.8020913135542356,2.726701994458183,4.047124771268594,3.815455259022233,2.162753632213398,1.6585698651434226,1.0243228310142145,0.737928452284168,0.44167014932560716,2.777274986463427,1.9969286880115507
Mbi2.80Zp0.26T02.5000_iTp0.40_ACFep00_aFep06,-0.03842673888154225,-0.0059919927601912145,1.6004448857271094,2.115387093591872,0.8234736974208057,2.7573291595504124,4.081271428334105,3.9205533212801194,2.1865638564784664,1.6729096874230334,1.0375290022499377,0.7491693777488453,0.44665526345510187,2.82996003387564,2.03165186996819
Mbi2.80Zp0.26T02.7500_iTp0.40_ACFep00_aFep06,-0.038947839215006025,-0.007131679293661124,1.6340402626729527,2.1303124760398138,0.8215427260055391,2.755894698304923,4.052939669088791,3.9839096735771284,2.181088874161694,1.6678727795056452,1.0281081528378504,0.7514021492857175,0.4455478757053649,2.8489947747839452,2.070121779353769
Mbi2.80Zp0.26T03.0000_iTp0.40_ACFep00_aFep06,-0.036701676144150056,-0.004954923614584133,1.6873182569642233,2.205818863775474,0.842366981713842,2.789917591894805,4.096904084415138,4.0708289541547025,2.2090123713579466,1.6901830127144808,1.0441685663636024,0.7607265433580626,0.45471891394500474,2.8984708313676535,2.0880353781620538
Mbi2.80Zp0.26T03.2500_iTp0.40_ACFep00_aFep06,-0.03487090113922523,-0.0033828323786222053,1.737912832431739,2.2660793330889484,0.8611005957227782,2.813565960576031,4.139245776368074,4.1591362173647815,2.2330495217278536,1.7041153192161762,1.0572883749812736,0.768216796531424,0.45826370955094586,2.944755084802813,2.1127569636467283
Mbi2.80Zp0.26T03.5000_iTp0.40_ACFep00_aFep06,-0.03325466710141675,-0.0019096732181136168,1.7855939367266658,2.3244201599650185,0.8764428927497614,2.835385256047263,4.172346454757814,4.232959123109879,2.2539535130851025,1.7167267638009547,1.0700628675267643,0.7755366598283301,0.4639954628980467,2.983983344927057,2.1321077638764256
Mbi2.80Zp0.26T03.7500_iTp0.40_ACFep00_aFep06,-0.03222753154417957,-0.0009483559611685134,1.8265325704745528,2.366835461946681,0.8883247293713104,2.8491272990036065,4.192275246995218,4.2952895634430295,2.270891374309215,1.7272731523025873,1.080021892791498,0.7788773227983516,0.4671458023427938,3.0166764279000926,2.1486307203485806
Mbi2.80Zp0.26T04.0000_iTp0.40_ACFep00_aFep06,-0.03135416052899986,-0.00014322464047355934,1.859797556224801,2.39625819453977,0.895031973665643,2.8600112967405713,4.205191440170667,4.348347705934908,2.2829208943327908,1.7328673121139955,1.0867463707084182,0.7822178618068242,0.4689469497446809,3.04256849530718,2.1656260153133795
Mbi2.80Zp0.26T04.5000_iTp0.40_ACFep00_aFep06,-0.030018329882417625,0.0009066570879849773,1.90728197814868,2.4531338926764716,0.9044963884081674,2.8814284457013586,4.217940564613714,4.423811145428613,2.304020999790951,1.7471880765416805,1.0967104758608903,0.7829091271943823,0.47445732762551757,3.082664941963934,2.183946106989512
Mbi2.80Zp0.26T05.0000_iTp0.40_ACFep00_aFep06,-0.027110480870326782,0.0036739144882876468,1.964600623262689,2.5378383376977647,0.9213722523816923,2.911682442126239,4.248050639783624,4.512813995857871,2.3284992069923356,1.7618974042197386,1.1119034328464548,0.7905429000276863,0.4822949513585307,3.129238344690674,2.2065410398042675
Mbi2.80Zp0.26T05.5000_iTp0.40_ACFep00_aFep06,-0.02578370126858414,0.004836393621804104,2.007417016790724,2.5723754740434392,0.9351503233449338,2.9313330206534647,4.268323541241222,4.569010607257373,2.3489421633137977,1.7740374137514159,1.124259805504697,0.7926518030281052,0.48531508004779034,3.161780006312763,2.216363443890571
Mbi2.80Zp0.26T06.0000_iTp0.40_ACFep00_aFep06,-0.0251191997461999,0.005412883886350513,2.044362246451065,2.6053854012891042,0.9412942931180992,2.948577327697804,4.2838537377615875,4.6235227500819525,2.36734755560646,1.7868652263044522,1.1329819112607145,0.7902987966747904,0.48687883947913607,3.192804530368844,2.225944116398949
Mbi2.80Zp0.26T06.5000_iTp0.40_ACFep00_aFep06,-0.02402158822241439,0.006489260446307639,2.0745540194891445,2.652853737069635,0.9539302265571715,2.9652818264843113,4.295841289564557,4.6636495027258835,2.38412389520232,1.7962584355555442,1.1421971899227752,0.7938413699824436,0.48940666754613293,3.2173079818231267,2.231207164192758
Mbi2.80Zp0.26T07.0000_iTp0.40_ACFep00_aFep06,-0.022821581231841498,0.0077368964449948344,2.113667589415425,2.676126333370335,0.9628258685823896,2.982459030403935,4.317311597771061,4.7115502838749315,2.3959217532898314,1.8035723706657227,1.14971821280916,0.7947162046101465,0.49341406233447727,3.241459289322514,2.2438656394342402
Mbi2.80Zp0.26T07.5000_iTp0.40_ACFep00_aFep06,-0.021456669871587834,0.009055433976615422,2.160030569875627,2.728260055378715,0.9768057330276199,3.0030967173833525,4.334865960987173,4.7773213008045365,2.4140221256904812,1.81480314468783,1.1611692736489279,0.7966947439591818,0.49700583932797987,3.2758226559405323,2.259408225858032
Mbi2.80Zp0.26T08.0000_iTp0.40_ACFep00_aFep06,-0.020209378071953263,0.010217782061649899,2.2050632569243307,2.777514203138601,0.9882307163828294,3.0260919270953144,4.350626599528188,4.839294408923228,2.4313714648393727,1.8293110577262328,1.1736001760531998,0.7976993568275128,0.5016739294479817,3.3091281356966507,2.2716052572765766
Mbi2.80Zp0.26T08.5000_iTp0.40_ACFep00_aFep06,-0.01896116094350958,0.011430459204451966,2.2417088973513097,2.8276292387005935,0.9994132898092378,3.0403935651748846,4.357629079010378,4.8899275732405165,2.448311289763616,1.8384522760406827,1.1837989746909399,0.799854868939406,0.5040148712224589,3.337223140536621,2.2814076392025364
Mbi2.80Zp0.26T09.0000_iTp0.40_ACFep00_aFep06,-0.018078944262520977,0.012406486926293606,2.284461562806273,2.8735711247522286,1.0102882189658542,3.0582838369884118,4.38389479844695,4.939040304679508,2.4653638969008522,1.8466728553219123,1.1947505486192787,0.8028711914078273,0.5060570149911062,3.3646581483345877,2.2908154955467555
Mbi2.80Zp0.26T09.5000_iTp0.40_ACFep00_aFep06,-0.017034467757656005,0.01352412390173108,2.3246799281450237,2.9117580349775958,1.023589747350087,3.0826962199994825,4.40693126103705,4.98688147518236,2.4788607445598196,1.8555927029659942,1.2048972860656328,0.8069620812921267,0.5080652484946375,3.389911333413727,2.3010428122276703
Mbi2.80Zp0.26T10.0000_iTp0.40_ACFep00_aFep06,-0.015726863622310804,0.014890049773669718,2.359803246551371,2.9433127717145116,1.03699120372828,3.104791329563347,4.425983031520473,5.028301227130543,2.490787012656394,1.863113159287225,1.2128219685660908,0.8126638322702162,0.5108555409402511,3.4118484864166314,2.309791694137932
Mbi2.80Zp0.26T10.5000_iTp0.40_ACFep00_aFep06,-0.014514449564205873,0.01615115512466511,2.392481776094196,2.966126599242244,1.0476575705041942,3.1236616993376196,4.4427905433770505,5.06517781761876,2.503277318881274,1.8687509422755109,1.2191685606804106,0.8166182637437508,0.5123093786526054,3.432146245026847,2.3170837492612986
Mbi2.80Zp0.26T11.0000_iTp0.40_ACFep00_aFep06,-0.013353909929182436,0.0173208940262033,2.4186066227443344,2.9831877992264317,1.0578197164552439,3.1420327393576044,4.447489870457817,5.092809113789193,2.5186827931816413,1.8796072355955888,1.2268566759157258,0.8213052420671432,0.512095496772536,3.451935331537762,2.315813227626122
Mbi2.80Zp0.26T11.5000_iTp0.40_ACFep00_aFep06,-0.012150926730390098,0.018461435419337,2.4488217403249397,2.9993380132740413,1.0687650938575997,3.1611780314022115,4.463952106507801,5.126292200548509,2.5284228998659555,1.882457571969202,1.2310369619646333,0.8258508183924181,0.5116199853655565,3.4690403031744905,2.3243849989957686
Mbi2.80Zp0.26T12.0000_iTp0.40_ACFep00_aFep06,-0.011157809650247827,0.01963076799705766,2.482549421163514,3.044185694135027,1.082496690727399,3.17659525983705,4.480208092587901,5.173781422495708,2.542923033666254,1.890488743288392,1.240903125714885,0.8326202621374151,0.5128742916419453,3.494477539683317,2.3339954341212263
Mbi2.80Zp0.26T12.5000_iTp0.40_ACFep00_aFep06,-0.009943283291666983,0.0209000639356446,2.5028853128543913,3.074446458136147,1.092266024455506,3.192750231125302,4.487050221420124,5.196546061900931,2.558876666481491,1.9025535575642498,1.2510398297788163,0.8365509795557217,0.5133715899630931,3.513167907934462,2.3295426806825943
Mbi2.80Zp0.26T13.0000_iTp0.40_ACFep00_aFep06,-0.008779762760108223,0.0220753226234085,2.5174478198119834,3.1008815516368786,1.1016638678707384,3.209793759216727,4.5037146042627,5.21504584326072,2.5698620234559306,1.9095802380288838,1.2590034771967922,0.8393420696919621,0.5137441209194638,3.52672600646056,2.328435344775299
Mbi2.80Zp0.26T13.5000_iTp0.40_ACFep00_aFep06,-0.007872363367932879,0.023032128573153284,2.534245341855422,3.1034821938102035,1.106978249419082,3.2153273287468416,4.51565506874475,5.229754839861573,2.576365421916425,1.9125019973300164,1.2625538773898621,0.8397175026489331,0.5127880975820723,3.53576632519074,2.33009993453516
Mbi2.80Zp0.26T14.0000_iTp0.40_ACFep00_aFep06,-0.007415357352697251,0.023471573436708703,2.550496375064982,3.1035140294695713,1.113340901124115,3.2246871589273893,4.527839574193307,5.241945740631986,2.581199841380433,1.9166897916627579,1.26658701856734,0.8409526641366407,0.5110042364476471,3.543328708900883,2.330846760722041
